dataset,supplement_name,reason
GSE225173,GSM7040480_lane1_ATCACGTT_M04-20525_3_M_Liver_iPCRtag1_merged_L001_R1.barcode_removed_val_1_GRCm38_bismark_bt2_pe.deduplicated.bismark.cov.gz,duplicate_filename_with_gse225166_pilot_or_sibling_record
GSE225173,GSM7040481_lane1_GAGCCAAT_M00017913_15_M_Heart_iTAG_82_merged_L001_R1.barcode_removed_val_1_GRCm38_bismark_bt2_pe.deduplicated.bismark.cov.gz,duplicate_filename_with_gse225166_pilot_or_sibling_record
GSE225173,GSM7040482_lane1_GATCAGCG_M04-20526_3_M_Liver_iPCRtag9_merged_L001_R1.barcode_removed_val_1_GRCm38_bismark_bt2_pe.deduplicated.bismark.cov.gz,duplicate_filename_with_gse225166_pilot_or_sibling_record
GSE225173,GSM7040483_lane1_GCAACATT_M00017621_24_M_Liver_iPCRtag73_merged_L001_R1.barcode_removed_val_1_GRCm38_bismark_bt2_pe.deduplicated.bismark.cov.gz,duplicate_filename_with_gse225166_pilot_or_sibling_record
GSE225173,GSM7040484_lane1_GCAATCCG_M00017913_15_M_Cortex_iTAG_90_merged_L001_R1.barcode_removed_val_1_GRCm38_bismark_bt2_pe.deduplicated.bismark.cov.gz,duplicate_filename_with_gse225166_pilot_or_sibling_record
GSE225173,GSM7040485_lane1_GTTGTCGG_M00018002_15_M_Heart_iTAG_86_merged_L001_R1.barcode_removed_val_1_GRCm38_bismark_bt2_pe.deduplicated.bismark.cov.gz,duplicate_filename_with_gse225166_pilot_or_sibling_record
GSE225173,GSM7040486_lane1_TACTAGTC_M00017577_24_M_Lung_iTAG_47_merged_L001_R1.barcode_removed_val_1_GRCm38_bismark_bt2_pe.deduplicated.bismark.cov.gz,duplicate_filename_with_gse225166_pilot_or_sibling_record
GSE225173,GSM7040487_lane1_TAGTCTTG_M02-20522_3_M_Cortex_iTAG_31_merged_L001_R1.barcode_removed_val_1_GRCm38_bismark_bt2_pe.deduplicated.bismark.cov.gz,duplicate_filename_with_gse225166_pilot_or_sibling_record
GSE225173,GSM7040488_lane1_TCAGGAGG_M00017577_24_M_Liver_iTAG_39_merged_L001_R1.barcode_removed_val_1_GRCm38_bismark_bt2_pe.deduplicated.bismark.cov.gz,duplicate_filename_with_gse225166_pilot_or_sibling_record
GSE225173,GSM7040489_lane1_TCCAGTCG_M00017913_15_M_Liver_iPCRtag41_merged_L001_R1.barcode_removed_val_1_GRCm38_bismark_bt2_pe.deduplicated.bismark.cov.gz,duplicate_filename_with_gse225166_pilot_or_sibling_record
GSE225173,GSM7040490_lane1_TCGAAGTG_M00017912_15_M_Liver_iPCRtag33_merged_L001_R1.barcode_removed_val_1_GRCm38_bismark_bt2_pe.deduplicated.bismark.cov.gz,duplicate_filename_with_gse225166_pilot_or_sibling_record
GSE225173,GSM7040491_lane1_TGCGATCT_M05-20522_3_M_Liver_iPCRtag25_merged_L001_R1.barcode_removed_val_1_GRCm38_bismark_bt2_pe.deduplicated.bismark.cov.gz,duplicate_filename_with_gse225166_pilot_or_sibling_record
GSE225173,GSM7040492_lane1_TGCGTGAA_M00018000_15_M_Liver_iTAG_68_merged_L001_R1.barcode_removed_val_1_GRCm38_bismark_bt2_pe.deduplicated.bismark.cov.gz,duplicate_filename_with_gse225166_pilot_or_sibling_record
GSE225173,GSM7040493_lane1_TGTACCTT_M04-20527_3_M_Liver_iPCRtag17_merged_L001_R1.barcode_removed_val_1_GRCm38_bismark_bt2_pe.deduplicated.bismark.cov.gz,duplicate_filename_with_gse225166_pilot_or_sibling_record
GSE225173,GSM7040494_lane1_TGTCTATC_M00017897_15_M_Liver_iPCRtag49_merged_L001_R1.barcode_removed_val_1_GRCm38_bismark_bt2_pe.deduplicated.bismark.cov.gz,duplicate_filename_with_gse225166_pilot_or_sibling_record
GSE225173,GSM7040495_lane1_TGTTCTCC_M00017576_24_M_Heart_iTAG_54_merged_L001_R1.barcode_removed_val_1_GRCm38_bismark_bt2_pe.deduplicated.bismark.cov.gz,duplicate_filename_with_gse225166_pilot_or_sibling_record
GSE225173,GSM7040496_lane1_TTACTCGC_M00017561_24_M_Heart_iTAG_51_merged_L001_R1.barcode_removed_val_1_GRCm38_bismark_bt2_pe.deduplicated.bismark.cov.gz,duplicate_filename_with_gse225166_pilot_or_sibling_record
GSE225173,GSM7040497_lane2_CAGATCTG_M02-20522_3_M_Liver_iTAG_7_merged_L002_R1.barcode_removed_val_1_GRCm38_bismark_bt2_pe.deduplicated.bismark.cov.gz,duplicate_filename_with_gse225166_pilot_or_sibling_record
GSE225173,GSM7040498_lane2_CGATGTTT_M04-20525_3_M_Lung_iPCRtag2_merged_L002_R1.barcode_removed_val_1_GRCm38_bismark_bt2_pe.deduplicated.bismark.cov.gz,duplicate_filename_with_gse225166_pilot_or_sibling_record
GSE225173,GSM7040499_lane2_GATAGAGG_M00018004_15_M_Heart_iTAG_88_merged_L002_R1.barcode_removed_val_1_GRCm38_bismark_bt2_pe.deduplicated.bismark.cov.gz,duplicate_filename_with_gse225166_pilot_or_sibling_record
GSE225173,GSM7040500_lane2_GGTCGTGT_M00017621_24_M_Lung_iPCRtag74_merged_L002_R1.barcode_removed_val_1_GRCm38_bismark_bt2_pe.deduplicated.bismark.cov.gz,duplicate_filename_with_gse225166_pilot_or_sibling_record
GSE225173,GSM7040501_lane2_GGTGAGTT_M00018001_15_M_Liver_iTAG_69_merged_L002_R1.barcode_removed_val_1_GRCm38_bismark_bt2_pe.deduplicated.bismark.cov.gz,duplicate_filename_with_gse225166_pilot_or_sibling_record
GSE225173,GSM7040502_lane2_GTAAGGTG_M00018000_15_M_Heart_iTAG_84_merged_L002_R1.barcode_removed_val_1_GRCm38_bismark_bt2_pe.deduplicated.bismark.cov.gz,duplicate_filename_with_gse225166_pilot_or_sibling_record
GSE225173,GSM7040503_lane2_GTACATCT_M00018000_15_M_Lung_iTAG_76_merged_L002_R1.barcode_removed_val_1_GRCm38_bismark_bt2_pe.deduplicated.bismark.cov.gz,duplicate_filename_with_gse225166_pilot_or_sibling_record
GSE225173,GSM7040504_lane2_TAACGCTG_M00017912_15_M_Lung_iPCRtag34_merged_L002_R1.barcode_removed_val_1_GRCm38_bismark_bt2_pe.deduplicated.bismark.cov.gz,duplicate_filename_with_gse225166_pilot_or_sibling_record
GSE225173,GSM7040505_lane2_TAAGCGTT_M02-20522_3_M_Lung_iTAG_15_merged_L002_R1.barcode_removed_val_1_GRCm38_bismark_bt2_pe.deduplicated.bismark.cov.gz,duplicate_filename_with_gse225166_pilot_or_sibling_record
GSE225173,GSM7040506_lane2_TACCGAGC_M00017563_24_M_Heart_iTAG_53_merged_L002_R1.barcode_removed_val_1_GRCm38_bismark_bt2_pe.deduplicated.bismark.cov.gz,duplicate_filename_with_gse225166_pilot_or_sibling_record
GSE225173,GSM7040507_lane2_TAGCTTGT_M04-20526_3_M_Lung_iPCRtag10_merged_L002_R1.barcode_removed_val_1_GRCm38_bismark_bt2_pe.deduplicated.bismark.cov.gz,duplicate_filename_with_gse225166_pilot_or_sibling_record
GSE225173,GSM7040508_lane2_TATGTGGC_M00017897_15_M_Lung_iPCRtag50_merged_L002_R1.barcode_removed_val_1_GRCm38_bismark_bt2_pe.deduplicated.bismark.cov.gz,duplicate_filename_with_gse225166_pilot_or_sibling_record
GSE225173,GSM7040509_lane2_TCCTCAAT_M01-20526_3_M_Cortex_iTAG_29_merged_L002_R1.barcode_removed_val_1_GRCm38_bismark_bt2_pe.deduplicated.bismark.cov.gz,duplicate_filename_with_gse225166_pilot_or_sibling_record
GSE225173,GSM7040510_lane2_TGTATGCG_M00017913_15_M_Lung_iPCRtag42_merged_L002_R1.barcode_removed_val_1_GRCm38_bismark_bt2_pe.deduplicated.bismark.cov.gz,duplicate_filename_with_gse225166_pilot_or_sibling_record
GSE225173,GSM7040511_lane2_TGTGAAGA_M00017577_24_M_Cortex_iTAG_63_merged_L002_R1.barcode_removed_val_1_GRCm38_bismark_bt2_pe.deduplicated.bismark.cov.gz,duplicate_filename_with_gse225166_pilot_or_sibling_record
GSE225173,GSM7040512_lane2_TTCCATTG_M02-20523_3_M_Cortex_iTAG_32_merged_L002_R1.barcode_removed_val_1_GRCm38_bismark_bt2_pe.deduplicated.bismark.cov.gz,duplicate_filename_with_gse225166_pilot_or_sibling_record
GSE225173,GSM7040513_lane2_TTCCTGCT_M05-20522_3_M_Lung_iPCRtag26_merged_L002_R1.barcode_removed_val_1_GRCm38_bismark_bt2_pe.deduplicated.bismark.cov.gz,duplicate_filename_with_gse225166_pilot_or_sibling_record
GSE225173,GSM7040514_lane2_TTCGCACC_M00017577_24_M_Heart_iTAG_55_merged_L002_R1.barcode_removed_val_1_GRCm38_bismark_bt2_pe.deduplicated.bismark.cov.gz,duplicate_filename_with_gse225166_pilot_or_sibling_record
GSE225173,GSM7040515_lane2_TTCTGTGT_M04-20527_3_M_Lung_iPCRtag18_merged_L002_R1.barcode_removed_val_1_GRCm38_bismark_bt2_pe.deduplicated.bismark.cov.gz,duplicate_filename_with_gse225166_pilot_or_sibling_record
GSE225173,GSM7040516_lane3_GAATCTGT_M00017621_24_M_Heart_iPCRtag75_merged_L003_R1.barcode_removed_val_1_GRCm38_bismark_bt2_pe.deduplicated.bismark.cov.gz,duplicate_filename_with_gse225166_pilot_or_sibling_record
GSE225173,GSM7040517_lane3_GACCTTAG_M00017897_15_M_Cortex_iTAG_91_merged_L003_R1.barcode_removed_val_1_GRCm38_bismark_bt2_pe.deduplicated.bismark.cov.gz,duplicate_filename_with_gse225166_pilot_or_sibling_record
GSE225173,GSM7040518_lane3_GGCTACAG_M04-20526_3_M_Heart_iPCRtag11_merged_L003_R1.barcode_removed_val_1_GRCm38_bismark_bt2_pe.deduplicated.bismark.cov.gz,duplicate_filename_with_gse225166_pilot_or_sibling_record
GSE225173,GSM7040519_lane3_GGTCGTGT_M00017913_15_M_Lung_iTAG_74_merged_L003_R1.barcode_removed_val_1_GRCm38_bismark_bt2_pe.deduplicated.bismark.cov.gz,duplicate_filename_with_gse225166_pilot_or_sibling_record
GSE225173,GSM7040520_lane3_GTGTCCTT_M00018003_15_M_Liver_iTAG_71_merged_L003_R1.barcode_removed_val_1_GRCm38_bismark_bt2_pe.deduplicated.bismark.cov.gz,duplicate_filename_with_gse225166_pilot_or_sibling_record
GSE225173,GSM7040521_lane3_GTGTGTCG_M00017912_15_M_Cortex_iTAG_89_merged_L003_R1.barcode_removed_val_1_GRCm38_bismark_bt2_pe.deduplicated.bismark.cov.gz,duplicate_filename_with_gse225166_pilot_or_sibling_record
GSE225173,GSM7040522_lane3_TACTTCGG_M00017563_24_M_Liver_iTAG_37_merged_L003_R1.barcode_removed_val_1_GRCm38_bismark_bt2_pe.deduplicated.bismark.cov.gz,duplicate_filename_with_gse225166_pilot_or_sibling_record
GSE225173,GSM7040523_lane3_TAGAACAC_M00017561_24_M_Cortex_iTAG_59_merged_L003_R1.barcode_removed_val_1_GRCm38_bismark_bt2_pe.deduplicated.bismark.cov.gz,duplicate_filename_with_gse225166_pilot_or_sibling_record
GSE225173,GSM7040524_lane3_TAGTGACT_M01-20523_3_M_Cortex_iTAG_27_merged_L003_R1.barcode_removed_val_1_GRCm38_bismark_bt2_pe.deduplicated.bismark.cov.gz,duplicate_filename_with_gse225166_pilot_or_sibling_record
GSE225173,GSM7040525_lane3_TAGTGACT_M05-20522_3_M_Heart_iPCRtag27_merged_L003_R1.barcode_removed_val_1_GRCm38_bismark_bt2_pe.deduplicated.bismark.cov.gz,duplicate_filename_with_gse225166_pilot_or_sibling_record
GSE225173,GSM7040526_lane3_TCATTGAG_M00017561_24_M_Lung_iTAG_43_merged_L003_R1.barcode_removed_val_1_GRCm38_bismark_bt2_pe.deduplicated.bismark.cov.gz,duplicate_filename_with_gse225166_pilot_or_sibling_record
GSE225173,GSM7040527_lane3_TCATTGAG_M00017913_15_M_Heart_iPCRtag43_merged_L003_R1.barcode_removed_val_1_GRCm38_bismark_bt2_pe.deduplicated.bismark.cov.gz,duplicate_filename_with_gse225166_pilot_or_sibling_record
GSE225173,GSM7040528_lane3_TCGTTAGC_M00017562_24_M_Heart_iTAG_52_merged_L003_R1.barcode_removed_val_1_GRCm38_bismark_bt2_pe.deduplicated.bismark.cov.gz,duplicate_filename_with_gse225166_pilot_or_sibling_record
GSE225173,GSM7040529_lane3_TCTGCTGT_M04-20527_3_M_Heart_iPCRtag19_merged_L003_R1.barcode_removed_val_1_GRCm38_bismark_bt2_pe.deduplicated.bismark.cov.gz,duplicate_filename_with_gse225166_pilot_or_sibling_record
GSE225173,GSM7040530_lane3_TGGCTCAG_M00017562_24_M_Lung_iTAG_44_merged_L003_R1.barcode_removed_val_1_GRCm38_bismark_bt2_pe.deduplicated.bismark.cov.gz,duplicate_filename_with_gse225166_pilot_or_sibling_record
GSE225173,GSM7040531_lane3_TTACTCGC_M00017897_15_M_Heart_iPCRtag51_merged_L003_R1.barcode_removed_val_1_GRCm38_bismark_bt2_pe.deduplicated.bismark.cov.gz,duplicate_filename_with_gse225166_pilot_or_sibling_record
GSE225173,GSM7040532_lane3_TTAGGCAT_M01-20523_3_M_Liver_iTAG_3_merged_L003_R1.barcode_removed_val_1_GRCm38_bismark_bt2_pe.deduplicated.bismark.cov.gz,duplicate_filename_with_gse225166_pilot_or_sibling_record
GSE225173,GSM7040533_lane3_TTAGGCAT_M04-20525_3_M_Heart_iPCRtag3_merged_L003_R1.barcode_removed_val_1_GRCm38_bismark_bt2_pe.deduplicated.bismark.cov.gz,duplicate_filename_with_gse225166_pilot_or_sibling_record
GSE225173,GSM7040534_lane3_TTGGTATG_M00017912_15_M_Heart_iPCRtag35_merged_L003_R1.barcode_removed_val_1_GRCm38_bismark_bt2_pe.deduplicated.bismark.cov.gz,duplicate_filename_with_gse225166_pilot_or_sibling_record
GSE225173,GSM7040535_lane4_ACAGTGGT_M01-20526_3_M_Liver_iTAG_5_merged_L004_R1.barcode_removed_val_1_GRCm38_bismark_bt2_pe.deduplicated.bismark.cov.gz,duplicate_filename_with_gse225166_pilot_or_sibling_record
GSE225173,GSM7040536_lane4_CTTGTACT_M04-20526_3_M_Cortex_iPCRtag12_merged_L004_R1.barcode_removed_val_1_GRCm38_bismark_bt2_pe.deduplicated.bismark.cov.gz,duplicate_filename_with_gse225166_pilot_or_sibling_record
GSE225173,GSM7040537_lane4_GGAATGAT_M00017912_15_M_Heart_iTAG_81_merged_L004_R1.barcode_removed_val_1_GRCm38_bismark_bt2_pe.deduplicated.bismark.cov.gz,duplicate_filename_with_gse225166_pilot_or_sibling_record
GSE225173,GSM7040538_lane4_GTACATCT_M00017621_24_M_Cortex_iPCRtag76_merged_L004_R1.barcode_removed_val_1_GRCm38_bismark_bt2_pe.deduplicated.bismark.cov.gz,duplicate_filename_with_gse225166_pilot_or_sibling_record
GSE225173,GSM7040539_lane4_GTCGCTAT_M00018004_15_M_Lung_iTAG_80_merged_L004_R1.barcode_removed_val_1_GRCm38_bismark_bt2_pe.deduplicated.bismark.cov.gz,duplicate_filename_with_gse225166_pilot_or_sibling_record
GSE225173,GSM7040540_lane4_GTCTTGGC_M00018004_15_M_Cortex_iTAG_96_merged_L004_R1.barcode_removed_val_1_GRCm38_bismark_bt2_pe.deduplicated.bismark.cov.gz,duplicate_filename_with_gse225166_pilot_or_sibling_record
GSE225173,GSM7040541_lane4_TACAGGAT_M05-20522_3_M_Cortex_iPCRtag28_merged_L004_R1.barcode_removed_val_1_GRCm38_bismark_bt2_pe.deduplicated.bismark.cov.gz,duplicate_filename_with_gse225166_pilot_or_sibling_record
GSE225173,GSM7040542_lane4_TACCACCA_M00017897_15_M_Liver_iTAG_67_merged_L004_R1.barcode_removed_val_1_GRCm38_bismark_bt2_pe.deduplicated.bismark.cov.gz,duplicate_filename_with_gse225166_pilot_or_sibling_record
GSE225173,GSM7040543_lane4_TATGTGGC_M00017560_24_M_Heart_iTAG_50_merged_L004_R1.barcode_removed_val_1_GRCm38_bismark_bt2_pe.deduplicated.bismark.cov.gz,duplicate_filename_with_gse225166_pilot_or_sibling_record
GSE225173,GSM7040544_lane4_TCCGTCTT_M02-20523_3_M_Lung_iTAG_16_merged_L004_R1.barcode_removed_val_1_GRCm38_bismark_bt2_pe.deduplicated.bismark.cov.gz,duplicate_filename_with_gse225166_pilot_or_sibling_record
GSE225173,GSM7040545_lane4_TCGTTAGC_M00017897_15_M_Cortex_iPCRtag52_merged_L004_R1.barcode_removed_val_1_GRCm38_bismark_bt2_pe.deduplicated.bismark.cov.gz,duplicate_filename_with_gse225166_pilot_or_sibling_record
GSE225173,GSM7040546_lane4_TCTCACGG_M00017576_24_M_Liver_iTAG_38_merged_L004_R1.barcode_removed_val_1_GRCm38_bismark_bt2_pe.deduplicated.bismark.cov.gz,duplicate_filename_with_gse225166_pilot_or_sibling_record
GSE225173,GSM7040547_lane4_TGAACTGG_M00017912_15_M_Cortex_iPCRtag36_merged_L004_R1.barcode_removed_val_1_GRCm38_bismark_bt2_pe.deduplicated.bismark.cov.gz,duplicate_filename_with_gse225166_pilot_or_sibling_record
GSE225173,GSM7040548_lane4_TGACCACT_M04-20525_3_M_Cortex_iPCRtag4_merged_L004_R1.barcode_removed_val_1_GRCm38_bismark_bt2_pe.deduplicated.bismark.cov.gz,duplicate_filename_with_gse225166_pilot_or_sibling_record
GSE225173,GSM7040549_lane4_TGCTGATA_M00017563_24_M_Cortex_iTAG_61_merged_L004_R1.barcode_removed_val_1_GRCm38_bismark_bt2_pe.deduplicated.bismark.cov.gz,duplicate_filename_with_gse225166_pilot_or_sibling_record
GSE225173,GSM7040550_lane4_TGGCTCAG_M00017913_15_M_Cortex_iPCRtag44_merged_L004_R1.barcode_removed_val_1_GRCm38_bismark_bt2_pe.deduplicated.bismark.cov.gz,duplicate_filename_with_gse225166_pilot_or_sibling_record
GSE225173,GSM7040551_lane4_TGTATGCG_M00017560_24_M_Lung_iTAG_42_merged_L004_R1.barcode_removed_val_1_GRCm38_bismark_bt2_pe.deduplicated.bismark.cov.gz,duplicate_filename_with_gse225166_pilot_or_sibling_record
GSE225173,GSM7040552_lane4_TGTCTATC_M00017549_24_M_Heart_iTAG_49_merged_L004_R1.barcode_removed_val_1_GRCm38_bismark_bt2_pe.deduplicated.bismark.cov.gz,duplicate_filename_with_gse225166_pilot_or_sibling_record
GSE225173,GSM7040553_lane4_TTGGAGGT_M04-20527_3_M_Cortex_iPCRtag20_merged_L004_R1.barcode_removed_val_1_GRCm38_bismark_bt2_pe.deduplicated.bismark.cov.gz,duplicate_filename_with_gse225166_pilot_or_sibling_record
GSE225173,GSM7040554_lane5_GAATCTGT_M00017897_15_M_Lung_iTAG_75_merged_L005_R1.barcode_removed_val_1_GRCm38_bismark_bt2_pe.deduplicated.bismark.cov.gz,duplicate_filename_with_gse225166_pilot_or_sibling_record
GSE225173,GSM7040555_lane5_GGTGAGTT_M00018011_15_M_Liver_iPCRtag69_merged_L005_R1.barcode_removed_val_1_GRCm38_bismark_bt2_pe.deduplicated.bismark.cov.gz,duplicate_filename_with_gse225166_pilot_or_sibling_record
GSE225173,GSM7040556_lane5_GTTAGCCT_M00018003_15_M_Lung_iTAG_79_merged_L005_R1.barcode_removed_val_1_GRCm38_bismark_bt2_pe.deduplicated.bismark.cov.gz,duplicate_filename_with_gse225166_pilot_or_sibling_record
GSE225173,GSM7040557_lane5_TACTTCGG_M00017579_24_M_Liver_iPCRtag37_merged_L005_R1.barcode_removed_val_1_GRCm38_bismark_bt2_pe.deduplicated.bismark.cov.gz,duplicate_filename_with_gse225166_pilot_or_sibling_record
GSE225173,GSM7040558_lane5_TATGCCAG_M00017563_24_M_Lung_iTAG_45_merged_L005_R1.barcode_removed_val_1_GRCm38_bismark_bt2_pe.deduplicated.bismark.cov.gz,duplicate_filename_with_gse225166_pilot_or_sibling_record
GSE225173,GSM7040559_lane5_TATGCCAG_M00017589_24_M_Liver_iPCRtag45_merged_L005_R1.barcode_removed_val_1_GRCm38_bismark_bt2_pe.deduplicated.bismark.cov.gz,duplicate_filename_with_gse225166_pilot_or_sibling_record
GSE225173,GSM7040560_lane5_TCAGATTC_M00017576_24_M_Lung_iTAG_46_merged_L005_R1.barcode_removed_val_1_GRCm38_bismark_bt2_pe.deduplicated.bismark.cov.gz,duplicate_filename_with_gse225166_pilot_or_sibling_record
GSE225173,GSM7040561_lane5_TCGAGCGT_M03-NB_New_Born_Liver_iPCRtag21_merged_L005_R1.barcode_removed_val_1_GRCm38_bismark_bt2_pe.deduplicated.bismark.cov.gz,duplicate_filename_with_gse225166_pilot_or_sibling_record
GSE225173,GSM7040562_lane5_TCTCACGG_M00017579_24_M_Lung_iPCRtag38_merged_L005_R1.barcode_removed_val_1_GRCm38_bismark_bt2_pe.deduplicated.bismark.cov.gz,duplicate_filename_with_gse225166_pilot_or_sibling_record
GSE225173,GSM7040563_lane5_TGACAGAC_M00017560_24_M_Cortex_iTAG_58_merged_L005_R1.barcode_removed_val_1_GRCm38_bismark_bt2_pe.deduplicated.bismark.cov.gz,duplicate_filename_with_gse225166_pilot_or_sibling_record
GSE225173,GSM7040564_lane5_TGCATAGT_M02-20522_3_M_Heart_iTAG_23_merged_L005_R1.barcode_removed_val_1_GRCm38_bismark_bt2_pe.deduplicated.bismark.cov.gz,duplicate_filename_with_gse225166_pilot_or_sibling_record
GSE225173,GSM7040565_lane5_TTGACTCT_M02-20523_3_M_Heart_iTAG_24_merged_L005_R1.barcode_removed_val_1_GRCm38_bismark_bt2_pe.deduplicated.bismark.cov.gz,duplicate_filename_with_gse225166_pilot_or_sibling_record
GSE225173,GSM7040566_lane5_TTGTTCCA_M00017912_15_M_Liver_iTAG_65_merged_L005_R1.barcode_removed_val_1_GRCm38_bismark_bt2_pe.deduplicated.bismark.cov.gz,duplicate_filename_with_gse225166_pilot_or_sibling_record
GSE225173,GSM7040567_lane6_ACTTGATG_M02-20523_3_M_Liver_iTAG_8_merged_L006_R1.barcode_removed_val_1_GRCm38_bismark_bt2_pe.deduplicated.bismark.cov.gz,duplicate_filename_with_gse225166_pilot_or_sibling_record
GSE225173,GSM7040568_lane6_ATCACGTT_M02-20525_3_M_Liver_iTAG_1_merged_L006_R1.barcode_removed_val_1_GRCm38_bismark_bt2_pe.deduplicated.bismark.cov.gz,duplicate_filename_with_gse225166_pilot_or_sibling_record
GSE225173,GSM7040569_lane6_GACGGATT_M00018004_15_M_Liver_iTAG_72_merged_L006_R1.barcode_removed_val_1_GRCm38_bismark_bt2_pe.deduplicated.bismark.cov.gz,duplicate_filename_with_gse225166_pilot_or_sibling_record
GSE225173,GSM7040570_lane6_GCCTGTTC_M00018000_15_M_Cortex_iTAG_92_merged_L006_R1.barcode_removed_val_1_GRCm38_bismark_bt2_pe.deduplicated.bismark.cov.gz,duplicate_filename_with_gse225166_pilot_or_sibling_record
GSE225173,GSM7040571_lane6_GCTAACTC_M00018002_15_M_Cortex_iTAG_94_merged_L006_R1.barcode_removed_val_1_GRCm38_bismark_bt2_pe.deduplicated.bismark.cov.gz,duplicate_filename_with_gse225166_pilot_or_sibling_record
GSE225173,GSM7040572_lane6_GGATTAGG_M00018003_15_M_Heart_iTAG_87_merged_L006_R1.barcode_removed_val_1_GRCm38_bismark_bt2_pe.deduplicated.bismark.cov.gz,duplicate_filename_with_gse225166_pilot_or_sibling_record
GSE225173,GSM7040573_lane6_GGCTACAG_M01-20523_3_M_Lung_iTAG_11_merged_L006_R1.barcode_removed_val_1_GRCm38_bismark_bt2_pe.deduplicated.bismark.cov.gz,duplicate_filename_with_gse225166_pilot_or_sibling_record
GSE225173,GSM7040574_lane6_GTGTCCTT_M00018011_15_M_Heart_iPCRtag71_merged_L006_R1.barcode_removed_val_1_GRCm38_bismark_bt2_pe.deduplicated.bismark.cov.gz,duplicate_filename_with_gse225166_pilot_or_sibling_record
GSE225173,GSM7040575_lane6_TAACGCTG_M00017560_24_M_Liver_iTAG_34_merged_L006_R1.barcode_removed_val_1_GRCm38_bismark_bt2_pe.deduplicated.bismark.cov.gz,duplicate_filename_with_gse225166_pilot_or_sibling_record
GSE225173,GSM7040576_lane6_TACTAGTC_M00017589_24_M_Heart_iPCRtag47_merged_L006_R1.barcode_removed_val_1_GRCm38_bismark_bt2_pe.deduplicated.bismark.cov.gz,duplicate_filename_with_gse225166_pilot_or_sibling_record
GSE225173,GSM7040577_lane6_TCAGATTC_M00017589_24_M_Lung_iPCRtag46_merged_L006_R1.barcode_removed_val_1_GRCm38_bismark_bt2_pe.deduplicated.bismark.cov.gz,duplicate_filename_with_gse225166_pilot_or_sibling_record
GSE225173,GSM7040578_lane6_TCAGGAGG_M00017579_24_M_Heart_iPCRtag39_merged_L006_R1.barcode_removed_val_1_GRCm38_bismark_bt2_pe.deduplicated.bismark.cov.gz,duplicate_filename_with_gse225166_pilot_or_sibling_record
GSE225173,GSM7040579_lane6_TCATCCTA_M00017562_24_M_Cortex_iTAG_60_merged_L006_R1.barcode_removed_val_1_GRCm38_bismark_bt2_pe.deduplicated.bismark.cov.gz,duplicate_filename_with_gse225166_pilot_or_sibling_record
GSE225173,GSM7040580_lane6_TCTCTTCA_M00017578_24_M_Cortex_iTAG_64_merged_L006_R1.barcode_removed_val_1_GRCm38_bismark_bt2_pe.deduplicated.bismark.cov.gz,duplicate_filename_with_gse225166_pilot_or_sibling_record
GSE225173,GSM7040581_lane6_TGAAGCCA_M00017913_15_M_Liver_iTAG_66_merged_L006_R1.barcode_removed_val_1_GRCm38_bismark_bt2_pe.deduplicated.bismark.cov.gz,duplicate_filename_with_gse225166_pilot_or_sibling_record
GSE225173,GSM7040582_lane6_TGGTTGTT_M01-20526_3_M_Lung_iTAG_13_merged_L006_R1.barcode_removed_val_1_GRCm38_bismark_bt2_pe.deduplicated.bismark.cov.gz,duplicate_filename_with_gse225166_pilot_or_sibling_record
GSE225173,GSM7040583_lane7_GACGGATT_M00018011_15_M_Cortex_iPCRtag72_merged_L007_R1.barcode_removed_val_1_GRCm38_bismark_bt2_pe.deduplicated.bismark.cov.gz,duplicate_filename_with_gse225166_pilot_or_sibling_record
GSE225173,GSM7040584_lane7_GAGGATGG_M00018001_15_M_Heart_iTAG_85_merged_L007_R1.barcode_removed_val_1_GRCm38_bismark_bt2_pe.deduplicated.bismark.cov.gz,duplicate_filename_with_gse225166_pilot_or_sibling_record
GSE225173,GSM7040585_lane7_GATCAGCG_M02-20525_3_M_Lung_iTAG_9_merged_L007_R1.barcode_removed_val_1_GRCm38_bismark_bt2_pe.deduplicated.bismark.cov.gz,duplicate_filename_with_gse225166_pilot_or_sibling_record
GSE225173,GSM7040586_lane7_GATTCATC_M00018003_15_M_Cortex_iTAG_95_merged_L007_R1.barcode_removed_val_1_GRCm38_bismark_bt2_pe.deduplicated.bismark.cov.gz,duplicate_filename_with_gse225166_pilot_or_sibling_record
GSE225173,GSM7040587_lane7_GCAACATT_M00017912_15_M_Lung_iTAG_73_merged_L007_R1.barcode_removed_val_1_GRCm38_bismark_bt2_pe.deduplicated.bismark.cov.gz,duplicate_filename_with_gse225166_pilot_or_sibling_record
GSE225173,GSM7040588_lane7_GCATGGCT_M00018002_15_M_Lung_iTAG_78_merged_L007_R1.barcode_removed_val_1_GRCm38_bismark_bt2_pe.deduplicated.bismark.cov.gz,duplicate_filename_with_gse225166_pilot_or_sibling_record
GSE225173,GSM7040589_lane7_TAAGTTCG_M00017578_24_M_Liver_iTAG_40_merged_L007_R1.barcode_removed_val_1_GRCm38_bismark_bt2_pe.deduplicated.bismark.cov.gz,duplicate_filename_with_gse225166_pilot_or_sibling_record
GSE225173,GSM7040590_lane7_TAAGTTCG_M00017579_24_M_Cortex_iPCRtag40_merged_L007_R1.barcode_removed_val_1_GRCm38_bismark_bt2_pe.deduplicated.bismark.cov.gz,duplicate_filename_with_gse225166_pilot_or_sibling_record
GSE225173,GSM7040591_lane7_TCGAGCGT_M01-20526_3_M_Heart_iTAG_21_merged_L007_R1.barcode_removed_val_1_GRCm38_bismark_bt2_pe.deduplicated.bismark.cov.gz,duplicate_filename_with_gse225166_pilot_or_sibling_record
GSE225173,GSM7040592_lane7_TCTACGAC_M00017549_24_M_Cortex_iTAG_57_merged_L007_R1.barcode_removed_val_1_GRCm38_bismark_bt2_pe.deduplicated.bismark.cov.gz,duplicate_filename_with_gse225166_pilot_or_sibling_record
GSE225173,GSM7040593_lane7_TGCGATCT_M02-20525_3_M_Cortex_iTAG_25_merged_L007_R1.barcode_removed_val_1_GRCm38_bismark_bt2_pe.deduplicated.bismark.cov.gz,duplicate_filename_with_gse225166_pilot_or_sibling_record
GSE225173,GSM7040594_lane7_TTCAGCTC_M00017578_24_M_Lung_iTAG_48_merged_L007_R1.barcode_removed_val_1_GRCm38_bismark_bt2_pe.deduplicated.bismark.cov.gz,duplicate_filename_with_gse225166_pilot_or_sibling_record
GSE225173,GSM7040595_lane7_TTCAGCTC_M00017589_24_M_Cortex_iPCRtag48_merged_L007_R1.barcode_removed_val_1_GRCm38_bismark_bt2_pe.deduplicated.bismark.cov.gz,duplicate_filename_with_gse225166_pilot_or_sibling_record
GSE225173,GSM7040596_lane7_TTGCGTAC_M00017578_24_M_Heart_iTAG_56_merged_L007_R1.barcode_removed_val_1_GRCm38_bismark_bt2_pe.deduplicated.bismark.cov.gz,duplicate_filename_with_gse225166_pilot_or_sibling_record
GSE225173,GSM7040597_lane7_TTGGTATG_M00017561_24_M_Liver_iTAG_35_merged_L007_R1.barcode_removed_val_1_GRCm38_bismark_bt2_pe.deduplicated.bismark.cov.gz,duplicate_filename_with_gse225166_pilot_or_sibling_record
GSE225173,GSM7040598_lane8_GAGGTGCT_M00018001_15_M_Lung_iTAG_77_merged_L008_R1.barcode_removed_val_1_GRCm38_bismark_bt2_pe.deduplicated.bismark.cov.gz,duplicate_filename_with_gse225166_pilot_or_sibling_record
GSE225173,GSM7040599_lane8_GATCTCTT_M00018002_15_M_Liver_iTAG_70_merged_L008_R1.barcode_removed_val_1_GRCm38_bismark_bt2_pe.deduplicated.bismark.cov.gz,duplicate_filename_with_gse225166_pilot_or_sibling_record
GSE225173,GSM7040600_lane8_GATCTCTT_M00018011_15_M_Lung_iPCRtag70_merged_L008_R1.barcode_removed_val_1_GRCm38_bismark_bt2_pe.deduplicated.bismark.cov.gz,duplicate_filename_with_gse225166_pilot_or_sibling_record
GSE225173,GSM7040601_lane8_GCACTGTC_M00018001_15_M_Cortex_iTAG_93_merged_L008_R1.barcode_removed_val_1_GRCm38_bismark_bt2_pe.deduplicated.bismark.cov.gz,duplicate_filename_with_gse225166_pilot_or_sibling_record
GSE225173,GSM7040602_lane8_GCTCCTTG_M00017897_15_M_Heart_iTAG_83_merged_L008_R1.barcode_removed_val_1_GRCm38_bismark_bt2_pe.deduplicated.bismark.cov.gz,duplicate_filename_with_gse225166_pilot_or_sibling_record
GSE225173,GSM7040603_lane8_TAAGCGTT_M02-NB_New_Born_Heart_iPCRtag15_merged_L008_R1.barcode_removed_val_1_GRCm38_bismark_bt2_pe.deduplicated.bismark.cov.gz,duplicate_filename_with_gse225166_pilot_or_sibling_record
GSE225173,GSM7040604_lane8_TAGACGGA_M00017576_24_M_Cortex_iTAG_62_merged_L008_R1.barcode_removed_val_1_GRCm38_bismark_bt2_pe.deduplicated.bismark.cov.gz,duplicate_filename_with_gse225166_pilot_or_sibling_record
GSE225173,GSM7040605_lane8_TCCAGTCG_M00017549_24_M_Lung_iTAG_41_merged_L008_R1.barcode_removed_val_1_GRCm38_bismark_bt2_pe.deduplicated.bismark.cov.gz,duplicate_filename_with_gse225166_pilot_or_sibling_record
GSE225173,GSM7040606_lane8_TCGAAGTG_M00017549_24_M_Liver_iTAG_33_merged_L008_R1.barcode_removed_val_1_GRCm38_bismark_bt2_pe.deduplicated.bismark.cov.gz,duplicate_filename_with_gse225166_pilot_or_sibling_record
GSE225173,GSM7040607_lane8_TCTGCTGT_M01-20523_3_M_Heart_iTAG_19_merged_L008_R1.barcode_removed_val_1_GRCm38_bismark_bt2_pe.deduplicated.bismark.cov.gz,duplicate_filename_with_gse225166_pilot_or_sibling_record
GSE225173,GSM7040608_lane8_TGAACTGG_M00017562_24_M_Liver_iTAG_36_merged_L008_R1.barcode_removed_val_1_GRCm38_bismark_bt2_pe.deduplicated.bismark.cov.gz,duplicate_filename_with_gse225166_pilot_or_sibling_record
GSE225173,GSM7040609_lane8_TGTACCTT_M02-20525_3_M_Heart_iTAG_17_merged_L008_R1.barcode_removed_val_1_GRCm38_bismark_bt2_pe.deduplicated.bismark.cov.gz,duplicate_filename_with_gse225166_pilot_or_sibling_record
GSE225173,GSM7040610_lane6192_CGATGTTT_M04-20526_3_M_Hind_Muscle_plate1_pool1_iTag2_L001_R1.barcode_removed_val_1_GRCm38_bismark_bt2_pe.deduplicated.bismark.cov.gz,duplicate_filename_with_gse225166_pilot_or_sibling_record
GSE225173,GSM7040611_lane6192_GCAACATT_M00017619_24_M_Kidney_plate1_pool1_iTag73_L001_R1.barcode_removed_val_1_GRCm38_bismark_bt2_pe.deduplicated.bismark.cov.gz,duplicate_filename_with_gse225166_pilot_or_sibling_record
GSE225173,GSM7040612_lane6192_GCAATCCG_M00018752_6_M_Intestinal_Stem_Cells_plate1_pool1_iTag90_L001_R1.barcode_removed_val_1_GRCm38_bismark_bt2_pe.deduplicated.bismark.cov.gz,duplicate_filename_with_gse225166_pilot_or_sibling_record
GSE225173,GSM7040613_lane6192_GCTAACTC_M00017912_15_M_Kidney_plate1_pool1_iTag94_L001_R1.barcode_removed_val_1_GRCm38_bismark_bt2_pe.deduplicated.bismark.cov.gz,duplicate_filename_with_gse225166_pilot_or_sibling_record
GSE225173,GSM7040614_lane6192_GGAATGAT_M05-20526_3_M_Lung_Macrophages_plate1_pool1_iTag81_L001_R1.barcode_removed_val_1_GRCm38_bismark_bt2_pe.deduplicated.bismark.cov.gz,duplicate_filename_with_gse225166_pilot_or_sibling_record
GSE225173,GSM7040615_lane6192_GTAAGGTG_M00017912_15_M_Lung_Macrophages_plate1_pool1_iTag84_L001_R1.barcode_removed_val_1_GRCm38_bismark_bt2_pe.deduplicated.bismark.cov.gz,duplicate_filename_with_gse225166_pilot_or_sibling_record
GSE225173,GSM7040616_lane6192_GTGTCCTT_M00017912_15_M_CD8_T_Cells_plate1_pool1_iTag71_L001_R1.barcode_removed_val_1_GRCm38_bismark_bt2_pe.deduplicated.bismark.cov.gz,duplicate_filename_with_gse225166_pilot_or_sibling_record
GSE225173,GSM7040617_lane6192_GTGTGTCG_M02-20525_3_M_Intestinal_Stem_Cells_plate1_pool1_iTag89_L001_R1.barcode_removed_val_1_GRCm38_bismark_bt2_pe.deduplicated.bismark.cov.gz,duplicate_filename_with_gse225166_pilot_or_sibling_record
GSE225173,GSM7040618_lane6192_TCAGGAGG_M00017619_24_M_Lung_Macrophages_plate1_pool1_iTag39_L001_R1.barcode_removed_val_1_GRCm38_bismark_bt2_pe.deduplicated.bismark.cov.gz,duplicate_filename_with_gse225166_pilot_or_sibling_record
GSE225173,GSM7040619_lane6192_TCATCCTA_M00018360_9_M_Hind_Muscle_plate1_pool1_iTag60_L001_R1.barcode_removed_val_1_GRCm38_bismark_bt2_pe.deduplicated.bismark.cov.gz,duplicate_filename_with_gse225166_pilot_or_sibling_record
GSE225173,GSM7040620_lane6192_TCCTCAAT_M00018011_15_M_CD8_T_Cells_plate1_pool1_iTag29_L001_R1.barcode_removed_val_1_GRCm38_bismark_bt2_pe.deduplicated.bismark.cov.gz,duplicate_filename_with_gse225166_pilot_or_sibling_record
GSE225173,GSM7040621_lane6192_TCGTTAGC_M00018752_6_M_Hind_Muscle_plate1_pool1_iTag52_L001_R1.barcode_removed_val_1_GRCm38_bismark_bt2_pe.deduplicated.bismark.cov.gz,duplicate_filename_with_gse225166_pilot_or_sibling_record
GSE225173,GSM7040622_lane6193_ATCACGTT_M04-20526_3_M_Skin_plate1_pool2_iTag1_L002_R1.barcode_removed_val_1_GRCm38_bismark_bt2_pe.deduplicated.bismark.cov.gz,duplicate_filename_with_gse225166_pilot_or_sibling_record
GSE225173,GSM7040623_lane6193_GATCTCTT_M00017912_15_M_CD4_T_Cells_plate1_pool2_iTag70_L002_R1.barcode_removed_val_1_GRCm38_bismark_bt2_pe.deduplicated.bismark.cov.gz,duplicate_filename_with_gse225166_pilot_or_sibling_record
GSE225173,GSM7040624_lane6193_GATTCATC_M00017620_24_M_Kidney_plate1_pool2_iTag95_L002_R1.barcode_removed_val_1_GRCm38_bismark_bt2_pe.deduplicated.bismark.cov.gz,duplicate_filename_with_gse225166_pilot_or_sibling_record
GSE225173,GSM7040625_lane6193_GTACATCT_M00017620_24_M_Hind_Muscle_plate1_pool2_iTag76_L002_R1.barcode_removed_val_1_GRCm38_bismark_bt2_pe.deduplicated.bismark.cov.gz,duplicate_filename_with_gse225166_pilot_or_sibling_record
GSE225173,GSM7040626_lane6193_GTCGCTAT_M00017620_24_M_Cerebellum_plate1_pool2_iTag80_L002_R1.barcode_removed_val_1_GRCm38_bismark_bt2_pe.deduplicated.bismark.cov.gz,duplicate_filename_with_gse225166_pilot_or_sibling_record
GSE225173,GSM7040628_lane6193_GTTAGCCT_M00017620_24_M_CD8_T_Cells_plate1_pool2_iTag79_L002_R1.barcode_removed_val_1_GRCm38_bismark_bt2_pe.deduplicated.bismark.cov.gz,duplicate_filename_with_gse225166_pilot_or_sibling_record
GSE225173,GSM7040629_lane6193_TACAGGAT_M00018011_15_M_CD4_T_Cells_plate1_pool2_iTag28_L002_R1.barcode_removed_val_1_GRCm38_bismark_bt2_pe.deduplicated.bismark.cov.gz,duplicate_filename_with_gse225166_pilot_or_sibling_record
GSE225173,GSM7040630_lane6193_TATGCCAG_M05-20526_3_M_B_cells_plate1_pool2_iTag45_L002_R1.barcode_removed_val_1_GRCm38_bismark_bt2_pe.deduplicated.bismark.cov.gz,duplicate_filename_with_gse225166_pilot_or_sibling_record
GSE225173,GSM7040631_lane6193_TGACCACT_M04-20526_3_M_CD4_T_Cells_plate1_pool2_iTag4_L002_R1.barcode_removed_val_1_GRCm38_bismark_bt2_pe.deduplicated.bismark.cov.gz,duplicate_filename_with_gse225166_pilot_or_sibling_record
GSE225173,GSM7040632_lane6193_TGCGTGAA_M00017912_15_M_Hind_Muscle_plate1_pool2_iTag68_L002_R1.barcode_removed_val_1_GRCm38_bismark_bt2_pe.deduplicated.bismark.cov.gz,duplicate_filename_with_gse225166_pilot_or_sibling_record
GSE225173,GSM7040633_lane6193_TGGCTCAG_M05-20526_3_M_Hind_Muscle_plate1_pool2_iTag44_L002_R1.barcode_removed_val_1_GRCm38_bismark_bt2_pe.deduplicated.bismark.cov.gz,duplicate_filename_with_gse225166_pilot_or_sibling_record
GSE225173,GSM7040634_lane6193_TTGTTCCA_M00018011_15_M_Kidney_plate1_pool2_iTag65_L002_R1.barcode_removed_val_1_GRCm38_bismark_bt2_pe.deduplicated.bismark.cov.gz,duplicate_filename_with_gse225166_pilot_or_sibling_record
GSE225173,GSM7040635_lane6194_ACAGTGGT_M04-20526_3_M_CD8_T_Cells_plate1_pool3_iTag5_L003_R1.barcode_removed_val_1_GRCm38_bismark_bt2_pe.deduplicated.bismark.cov.gz,duplicate_filename_with_gse225166_pilot_or_sibling_record
GSE225173,GSM7040636_lane6194_CAGATCTG_M04-20526_3_M_Lung_Macrophages_plate1_pool3_iTag7_L003_R1.barcode_removed_val_1_GRCm38_bismark_bt2_pe.deduplicated.bismark.cov.gz,duplicate_filename_with_gse225166_pilot_or_sibling_record
GSE225173,GSM7040637_lane6194_GACGGATT_M00017912_15_M_Cerebellum_plate1_pool3_iTag72_L003_R1.barcode_removed_val_1_GRCm38_bismark_bt2_pe.deduplicated.bismark.cov.gz,duplicate_filename_with_gse225166_pilot_or_sibling_record
GSE225173,GSM7040638_lane6194_GAGGATGG_M00017620_24_M_Lung_Macrophages_plate1_pool3_iTag85_L003_R1.barcode_removed_val_1_GRCm38_bismark_bt2_pe.deduplicated.bismark.cov.gz,duplicate_filename_with_gse225166_pilot_or_sibling_record
GSE225173,GSM7040639_lane6194_GCATGGCT_M00017620_24_M_CD4_T_Cells_plate1_pool3_iTag78_L003_R1.barcode_removed_val_1_GRCm38_bismark_bt2_pe.deduplicated.bismark.cov.gz,duplicate_filename_with_gse225166_pilot_or_sibling_record
GSE225173,GSM7040640_lane6194_TAAGCGTT_M00018740_6_M_Lung_Macrophages_plate1_pool3_iTag15_L003_R1.barcode_removed_val_1_GRCm38_bismark_bt2_pe.deduplicated.bismark.cov.gz,duplicate_filename_with_gse225166_pilot_or_sibling_record
GSE225173,GSM7040641_lane6194_TACCACCA_M00017912_15_M_Skin_plate1_pool3_iTag67_L003_R1.barcode_removed_val_1_GRCm38_bismark_bt2_pe.deduplicated.bismark.cov.gz,duplicate_filename_with_gse225166_pilot_or_sibling_record
GSE225173,GSM7040642_lane6194_TAGAACAC_M00018360_9_M_Skin_plate1_pool3_iTag59_L003_R1.barcode_removed_val_1_GRCm38_bismark_bt2_pe.deduplicated.bismark.cov.gz,duplicate_filename_with_gse225166_pilot_or_sibling_record
GSE225173,GSM7040643_lane6194_TAGTCTTG_M00018011_15_M_Lung_Macrophages_plate1_pool3_iTag31_L003_R1.barcode_removed_val_1_GRCm38_bismark_bt2_pe.deduplicated.bismark.cov.gz,duplicate_filename_with_gse225166_pilot_or_sibling_record
GSE225173,GSM7040644_lane6194_TCGAAGTG_M00017619_24_M_Skin_plate1_pool3_iTag33_L003_R1.barcode_removed_val_1_GRCm38_bismark_bt2_pe.deduplicated.bismark.cov.gz,duplicate_filename_with_gse225166_pilot_or_sibling_record
GSE225173,GSM7040645_lane6194_TGCGATCT_M00018011_15_M_Skin_plate1_pool3_iTag25_L003_R1.barcode_removed_val_1_GRCm38_bismark_bt2_pe.deduplicated.bismark.cov.gz,duplicate_filename_with_gse225166_pilot_or_sibling_record
GSE225173,GSM7040646_lane6194_TGTACCTT_M00018359_9_M_Skin_plate1_pool3_iTag17_L003_R1.barcode_removed_val_1_GRCm38_bismark_bt2_pe.deduplicated.bismark.cov.gz,duplicate_filename_with_gse225166_pilot_or_sibling_record
GSE225173,GSM7040647_lane6195_GAGCCAAT_M00018752_6_M_Lung_Macrophages_plate1_pool4_iTag82_L004_R1.barcode_removed_val_1_GRCm38_bismark_bt2_pe.deduplicated.bismark.cov.gz,duplicate_filename_with_gse225166_pilot_or_sibling_record
GSE225173,GSM7040648_lane6195_GAGGTGCT_M00017620_24_M_B_cells_plate1_pool4_iTag77_L004_R1.barcode_removed_val_1_GRCm38_bismark_bt2_pe.deduplicated.bismark.cov.gz,duplicate_filename_with_gse225166_pilot_or_sibling_record
GSE225173,GSM7040649_lane6195_GCACTGTC_M00017620_24_M_Intestinal_Stem_Cells_plate1_pool4_iTag93_L004_R1.barcode_removed_val_1_GRCm38_bismark_bt2_pe.deduplicated.bismark.cov.gz,duplicate_filename_with_gse225166_pilot_or_sibling_record
GSE225173,GSM7040650_lane6195_GCCTGTTC_M00017996_15_M_Intestinal_Stem_Cells_plate1_pool4_iTag92_L004_R1.barcode_removed_val_1_GRCm38_bismark_bt2_pe.deduplicated.bismark.cov.gz,duplicate_filename_with_gse225166_pilot_or_sibling_record
GSE225173,GSM7040651_lane6195_GGTCGTGT_M00017619_24_M_Testes_plate1_pool4_iTag74_L004_R1.barcode_removed_val_1_GRCm38_bismark_bt2_pe.deduplicated.bismark.cov.gz,duplicate_filename_with_gse225166_pilot_or_sibling_record
GSE225173,GSM7040652_lane6195_GGTGAGTT_M00017912_15_M_B_cells_plate1_pool4_iTag69_L004_R1.barcode_removed_val_1_GRCm38_bismark_bt2_pe.deduplicated.bismark.cov.gz,duplicate_filename_with_gse225166_pilot_or_sibling_record
GSE225173,GSM7040653_lane6195_TACCGAGC_M00018752_6_M_B_cells_plate1_pool4_iTag53_L004_R1.barcode_removed_val_1_GRCm38_bismark_bt2_pe.deduplicated.bismark.cov.gz,duplicate_filename_with_gse225166_pilot_or_sibling_record
GSE225173,GSM7040654_lane6195_TCATTGAG_M05-20526_3_M_Skin_plate1_pool4_iTag43_L004_R1.barcode_removed_val_1_GRCm38_bismark_bt2_pe.deduplicated.bismark.cov.gz,duplicate_filename_with_gse225166_pilot_or_sibling_record
GSE225173,GSM7040655_lane6195_TCTGCTGT_M00018359_9_M_B_cells_plate1_pool4_iTag19_L004_R1.barcode_removed_val_1_GRCm38_bismark_bt2_pe.deduplicated.bismark.cov.gz,duplicate_filename_with_gse225166_pilot_or_sibling_record
GSE225173,GSM7040656_lane6195_TGCATAGT_M00018359_9_M_Lung_Macrophages_plate1_pool4_iTag23_L004_R1.barcode_removed_val_1_GRCm38_bismark_bt2_pe.deduplicated.bismark.cov.gz,duplicate_filename_with_gse225166_pilot_or_sibling_record
GSE225173,GSM7040657_lane6195_TGTCTATC_M00018740_6_M_Kidney_plate1_pool4_iTag49_L004_R1.barcode_removed_val_1_GRCm38_bismark_bt2_pe.deduplicated.bismark.cov.gz,duplicate_filename_with_gse225166_pilot_or_sibling_record
GSE225173,GSM7040658_lane6195_TTACTCGC_M00018752_6_M_Skin_plate1_pool4_iTag51_L004_R1.barcode_removed_val_1_GRCm38_bismark_bt2_pe.deduplicated.bismark.cov.gz,duplicate_filename_with_gse225166_pilot_or_sibling_record
GSE225173,GSM7040659_lane6196_CTTGTACT_M00018740_6_M_CD4_T_Cells_plate1_pool5_iTag12_L005_R1.barcode_removed_val_1_GRCm38_bismark_bt2_pe.deduplicated.bismark.cov.gz,duplicate_filename_with_gse225166_pilot_or_sibling_record
GSE225173,GSM7040660_lane6196_GCCAATGT_M04-20526_3_M_Cerebellum_plate1_pool5_iTag6_L005_R1.barcode_removed_val_1_GRCm38_bismark_bt2_pe.deduplicated.bismark.cov.gz,duplicate_filename_with_gse225166_pilot_or_sibling_record
GSE225173,GSM7040661_lane6196_GCTCCTTG_M00018360_9_M_Lung_Macrophages_plate1_pool5_iTag83_L005_R1.barcode_removed_val_1_GRCm38_bismark_bt2_pe.deduplicated.bismark.cov.gz,duplicate_filename_with_gse225166_pilot_or_sibling_record
GSE225173,GSM7040662_lane6196_TAACGCTG_M00017619_24_M_Hind_Muscle_plate1_pool5_iTag34_L005_R1.barcode_removed_val_1_GRCm38_bismark_bt2_pe.deduplicated.bismark.cov.gz,duplicate_filename_with_gse225166_pilot_or_sibling_record
GSE225173,GSM7040663_lane6196_TAGCTTGT_M00018740_6_M_Hind_Muscle_plate1_pool5_iTag10_L005_R1.barcode_removed_val_1_GRCm38_bismark_bt2_pe.deduplicated.bismark.cov.gz,duplicate_filename_with_gse225166_pilot_or_sibling_record
GSE225173,GSM7040664_lane6196_TATGTGGC_M00018740_6_M_Testes_plate1_pool5_iTag50_L005_R1.barcode_removed_val_1_GRCm38_bismark_bt2_pe.deduplicated.bismark.cov.gz,duplicate_filename_with_gse225166_pilot_or_sibling_record
GSE225173,GSM7040665_lane6196_TCCAGTCG_M04-20526_3_M_Kidney_plate1_pool5_iTag41_L005_R1.barcode_removed_val_1_GRCm38_bismark_bt2_pe.deduplicated.bismark.cov.gz,duplicate_filename_with_gse225166_pilot_or_sibling_record
GSE225173,GSM7040666_lane6196_TCTCGGTT_M00018740_6_M_Cerebellum_plate1_pool5_iTag14_L005_R1.barcode_removed_val_1_GRCm38_bismark_bt2_pe.deduplicated.bismark.cov.gz,duplicate_filename_with_gse225166_pilot_or_sibling_record
GSE225173,GSM7040667_lane6196_TGTGGTTG_M00018011_15_M_Cerebellum_plate1_pool5_iTag30_L005_R1.barcode_removed_val_1_GRCm38_bismark_bt2_pe.deduplicated.bismark.cov.gz,duplicate_filename_with_gse225166_pilot_or_sibling_record
GSE225173,GSM7040668_lane6196_TTAGGCAT_M04-20526_3_M_B_cells_plate1_pool5_iTag3_L005_R1.barcode_removed_val_1_GRCm38_bismark_bt2_pe.deduplicated.bismark.cov.gz,duplicate_filename_with_gse225166_pilot_or_sibling_record
GSE225173,GSM7040669_lane6196_TTCGCACC_M00018752_6_M_CD8_T_Cells_plate1_pool5_iTag55_L005_R1.barcode_removed_val_1_GRCm38_bismark_bt2_pe.deduplicated.bismark.cov.gz,duplicate_filename_with_gse225166_pilot_or_sibling_record
GSE225173,GSM7040670_lane6196_TTCTGTGT_M00018359_9_M_Hind_Muscle_plate1_pool5_iTag18_L005_R1.barcode_removed_val_1_GRCm38_bismark_bt2_pe.deduplicated.bismark.cov.gz,duplicate_filename_with_gse225166_pilot_or_sibling_record
GSE225173,GSM7040671_lane6197_GAATCTGT_M00017620_24_M_Skin_plate1_pool6_iTag75_L006_R1.barcode_removed_val_1_GRCm38_bismark_bt2_pe.deduplicated.bismark.cov.gz,duplicate_filename_with_gse225166_pilot_or_sibling_record
GSE225173,GSM7040672_lane6197_GACCTTAG_M00018360_9_M_Intestinal_Stem_Cells_plate1_pool6_iTag91_L006_R1.barcode_removed_val_1_GRCm38_bismark_bt2_pe.deduplicated.bismark.cov.gz,duplicate_filename_with_gse225166_pilot_or_sibling_record
GSE225173,GSM7040673_lane6197_TACTTCGG_M00017619_24_M_CD8_T_Cells_plate1_pool6_iTag37_L006_R1.barcode_removed_val_1_GRCm38_bismark_bt2_pe.deduplicated.bismark.cov.gz,duplicate_filename_with_gse225166_pilot_or_sibling_record
GSE225173,GSM7040674_lane6197_TCAGATTC_M05-20526_3_M_CD4_T_Cells_plate1_pool6_iTag46_L006_R1.barcode_removed_val_1_GRCm38_bismark_bt2_pe.deduplicated.bismark.cov.gz,duplicate_filename_with_gse225166_pilot_or_sibling_record
GSE225173,GSM7040675_lane6197_TCTCACGG_M00017619_24_M_Cerebellum_plate1_pool6_iTag38_L006_R1.barcode_removed_val_1_GRCm38_bismark_bt2_pe.deduplicated.bismark.cov.gz,duplicate_filename_with_gse225166_pilot_or_sibling_record
GSE225173,GSM7040676_lane6197_TCTCTTCA_M00018360_9_M_Cerebellum_plate1_pool6_iTag64_L006_R1.barcode_removed_val_1_GRCm38_bismark_bt2_pe.deduplicated.bismark.cov.gz,duplicate_filename_with_gse225166_pilot_or_sibling_record
GSE225173,GSM7040677_lane6197_TGAACTGG_M00017619_24_M_CD4_T_Cells_plate1_pool6_iTag36_L006_R1.barcode_removed_val_1_GRCm38_bismark_bt2_pe.deduplicated.bismark.cov.gz,duplicate_filename_with_gse225166_pilot_or_sibling_record
GSE225173,GSM7040678_lane6197_TGACAGAC_M00018359_9_M_Testes_plate1_pool6_iTag58_L006_R1.barcode_removed_val_1_GRCm38_bismark_bt2_pe.deduplicated.bismark.cov.gz,duplicate_filename_with_gse225166_pilot_or_sibling_record
GSE225173,GSM7040679_lane6197_TGTATGCG_M04-20526_3_M_Testes_plate1_pool6_iTag42_L006_R1.barcode_removed_val_1_GRCm38_bismark_bt2_pe.deduplicated.bismark.cov.gz,duplicate_filename_with_gse225166_pilot_or_sibling_record
GSE225173,GSM7040680_lane6197_TTCCTGCT_M00018011_15_M_Hind_Muscle_plate1_pool6_iTag26_L006_R1.barcode_removed_val_1_GRCm38_bismark_bt2_pe.deduplicated.bismark.cov.gz,duplicate_filename_with_gse225166_pilot_or_sibling_record
GSE225173,GSM7040681_lane6197_TTGGAGGT_M00018359_9_M_CD4_T_Cells_plate1_pool6_iTag20_L006_R1.barcode_removed_val_1_GRCm38_bismark_bt2_pe.deduplicated.bismark.cov.gz,duplicate_filename_with_gse225166_pilot_or_sibling_record
GSE225173,GSM7040682_lane6197_TTGGTATG_M00017619_24_M_B_cells_plate1_pool6_iTag35_L006_R1.barcode_removed_val_1_GRCm38_bismark_bt2_pe.deduplicated.bismark.cov.gz,duplicate_filename_with_gse225166_pilot_or_sibling_record
GSE225173,GSM7040683_lane6198_GATAGAGG_M00018360_9_M_Kidney_plate1_pool7_iTag88_L007_R1.barcode_removed_val_1_GRCm38_bismark_bt2_pe.deduplicated.bismark.cov.gz,duplicate_filename_with_gse225166_pilot_or_sibling_record
GSE225173,GSM7040684_lane6198_GATCAGCG_M00018740_6_M_Skin_plate1_pool7_iTag9_L007_R1.barcode_removed_val_1_GRCm38_bismark_bt2_pe.deduplicated.bismark.cov.gz,duplicate_filename_with_gse225166_pilot_or_sibling_record
GSE225173,GSM7040685_lane6198_GGATTAGG_M00018752_6_M_Kidney_plate1_pool7_iTag87_L007_R1.barcode_removed_val_1_GRCm38_bismark_bt2_pe.deduplicated.bismark.cov.gz,duplicate_filename_with_gse225166_pilot_or_sibling_record
GSE225173,GSM7040686_lane6198_GTTGTCGG_M05-20526_3_M_Kidney_plate1_pool7_iTag86_L007_R1.barcode_removed_val_1_GRCm38_bismark_bt2_pe.deduplicated.bismark.cov.gz,duplicate_filename_with_gse225166_pilot_or_sibling_record
GSE225173,GSM7040687_lane6198_TAAGTTCG_M00017619_24_M_Intestinal_Stem_Cells_plate1_pool7_iTag40_L007_R1.barcode_removed_val_1_GRCm38_bismark_bt2_pe.deduplicated.bismark.cov.gz,duplicate_filename_with_gse225166_pilot_or_sibling_record
GSE225173,GSM7040688_lane6198_TACTAGTC_M05-20526_3_M_CD8_T_Cells_plate1_pool7_iTag47_L007_R1.barcode_removed_val_1_GRCm38_bismark_bt2_pe.deduplicated.bismark.cov.gz,duplicate_filename_with_gse225166_pilot_or_sibling_record
GSE225173,GSM7040689_lane6198_TAGTGACT_M00018011_15_M_B_cells_plate1_pool7_iTag27_L007_R1.barcode_removed_val_1_GRCm38_bismark_bt2_pe.deduplicated.bismark.cov.gz,duplicate_filename_with_gse225166_pilot_or_sibling_record
GSE225173,GSM7040690_lane6198_TCTACGAC_M00018359_9_M_Kidney_plate1_pool7_iTag57_L007_R1.barcode_removed_val_1_GRCm38_bismark_bt2_pe.deduplicated.bismark.cov.gz,duplicate_filename_with_gse225166_pilot_or_sibling_record
GSE225173,GSM7040691_lane6198_TGTGAAGA_M00018360_9_M_CD8_T_Cells_plate1_pool7_iTag63_L007_R1.barcode_removed_val_1_GRCm38_bismark_bt2_pe.deduplicated.bismark.cov.gz,duplicate_filename_with_gse225166_pilot_or_sibling_record
GSE225173,GSM7040692_lane6198_TGTTCTCC_M00018752_6_M_CD4_T_Cells_plate1_pool7_iTag54_L007_R1.barcode_removed_val_1_GRCm38_bismark_bt2_pe.deduplicated.bismark.cov.gz,duplicate_filename_with_gse225166_pilot_or_sibling_record
GSE225173,GSM7040693_lane6198_TTGACTCT_M00018359_9_M_Intestinal_Stem_Cells_plate1_pool7_iTag24_L007_R1.barcode_removed_val_1_GRCm38_bismark_bt2_pe.deduplicated.bismark.cov.gz,duplicate_filename_with_gse225166_pilot_or_sibling_record
GSE225173,GSM7040694_lane6198_TTGCGTAC_M00018752_6_M_Cerebellum_plate1_pool7_iTag56_L007_R1.barcode_removed_val_1_GRCm38_bismark_bt2_pe.deduplicated.bismark.cov.gz,duplicate_filename_with_gse225166_pilot_or_sibling_record
GSE225173,GSM7040695_lane6199_ACTTGATG_M01-20525_3_M_Intestinal_Stem_Cells_plate1_pool8_iTag8_L008_R1.barcode_removed_val_1_GRCm38_bismark_bt2_pe.deduplicated.bismark.cov.gz,duplicate_filename_with_gse225166_pilot_or_sibling_record
GSE225173,GSM7040696_lane6199_GGCTACAG_M00018740_6_M_B_cells_plate1_pool8_iTag11_L008_R1.barcode_removed_val_1_GRCm38_bismark_bt2_pe.deduplicated.bismark.cov.gz,duplicate_filename_with_gse225166_pilot_or_sibling_record
GSE225173,GSM7040697_lane6199_TAGACGGA_M00018360_9_M_CD4_T_Cells_plate1_pool8_iTag62_L008_R1.barcode_removed_val_1_GRCm38_bismark_bt2_pe.deduplicated.bismark.cov.gz,duplicate_filename_with_gse225166_pilot_or_sibling_record
GSE225173,GSM7040698_lane6199_TCCGTCTT_M00018740_6_M_Intestinal_Stem_Cells_plate1_pool8_iTag16_L008_R1.barcode_removed_val_1_GRCm38_bismark_bt2_pe.deduplicated.bismark.cov.gz,duplicate_filename_with_gse225166_pilot_or_sibling_record
GSE225173,GSM7040699_lane6199_TCGAGCGT_M00018359_9_M_CD8_T_Cells_plate1_pool8_iTag21_L008_R1.barcode_removed_val_1_GRCm38_bismark_bt2_pe.deduplicated.bismark.cov.gz,duplicate_filename_with_gse225166_pilot_or_sibling_record
GSE225173,GSM7040700_lane6199_TGAAGCCA_M00018011_15_M_Testes_plate1_pool8_iTag66_L008_R1.barcode_removed_val_1_GRCm38_bismark_bt2_pe.deduplicated.bismark.cov.gz,duplicate_filename_with_gse225166_pilot_or_sibling_record
GSE225173,GSM7040701_lane6199_TGATACGT_M00018359_9_M_Cerebellum_plate1_pool8_iTag22_L008_R1.barcode_removed_val_1_GRCm38_bismark_bt2_pe.deduplicated.bismark.cov.gz,duplicate_filename_with_gse225166_pilot_or_sibling_record
GSE225173,GSM7040702_lane6199_TGCTGATA_M00018360_9_M_B_cells_plate1_pool8_iTag61_L008_R1.barcode_removed_val_1_GRCm38_bismark_bt2_pe.deduplicated.bismark.cov.gz,duplicate_filename_with_gse225166_pilot_or_sibling_record
GSE225173,GSM7040703_lane6199_TGGTTGTT_M00018740_6_M_CD8_T_Cells_plate1_pool8_iTag13_L008_R1.barcode_removed_val_1_GRCm38_bismark_bt2_pe.deduplicated.bismark.cov.gz,duplicate_filename_with_gse225166_pilot_or_sibling_record
GSE225173,GSM7040704_lane6199_TTCAGCTC_M05-20526_3_M_Cerebellum_plate1_pool8_iTag48_L008_R1.barcode_removed_val_1_GRCm38_bismark_bt2_pe.deduplicated.bismark.cov.gz,duplicate_filename_with_gse225166_pilot_or_sibling_record
GSE225173,GSM7040705_lane6199_TTCCATTG_M00017995_15_M_Intestinal_Stem_Cells_plate1_pool8_iTag32_L008_R1.barcode_removed_val_1_GRCm38_bismark_bt2_pe.deduplicated.bismark.cov.gz,duplicate_filename_with_gse225166_pilot_or_sibling_record
GSE225173,GSM7040706_lane5_TACAGGAT_M01-20525_3_M_Cortex_iTAG_28_merged_L005_R1.barcode_removed_val_1_GRCm38_bismark_bt2_pe.deduplicated.bismark.cov.gz,duplicate_filename_with_gse225166_pilot_or_sibling_record
GSE225173,GSM7040707_lane5_TAGCTTGT_M01-20522_3_M_Lung_iTAG_10_merged_L005_R1.barcode_removed_val_1_GRCm38_bismark_bt2_pe.deduplicated.bismark.cov.gz,duplicate_filename_with_gse225166_pilot_or_sibling_record
GSE225173,GSM7040708_lane5_TGACCACT_M01-20525_3_M_Liver_iTAG_4_merged_L005_R1.barcode_removed_val_1_GRCm38_bismark_bt2_pe.deduplicated.bismark.cov.gz,duplicate_filename_with_gse225166_pilot_or_sibling_record
GSE225173,GSM7040709_lane5_TTCCTGCT_M01-20522_3_M_Cortex_iTAG_26_merged_L005_R1.barcode_removed_val_1_GRCm38_bismark_bt2_pe.deduplicated.bismark.cov.gz,duplicate_filename_with_gse225166_pilot_or_sibling_record
GSE225173,GSM7040710_lane1_CGATGTTT_M01-20522_3_M_Liver_iTAG_2_merged_L001_R1.barcode_removed_val_1_GRCm38_bismark_bt2_pe.deduplicated.bismark.cov.gz,duplicate_filename_with_gse225166_pilot_or_sibling_record
GSE225173,GSM7040711_lane1_GCCAATGT_M01-20527_3_M_Liver_iTAG_6_merged_L001_R1.barcode_removed_val_1_GRCm38_bismark_bt2_pe.deduplicated.bismark.cov.gz,duplicate_filename_with_gse225166_pilot_or_sibling_record
GSE225173,GSM7040712_lane2_TGATACGT_M01-20527_3_M_Heart_iTAG_22_merged_L002_R1.barcode_removed_val_1_GRCm38_bismark_bt2_pe.deduplicated.bismark.cov.gz,duplicate_filename_with_gse225166_pilot_or_sibling_record
