row_id,dataset,sample_id,supplement_name,file_type,schema_guess,tier,reason,headline_allowed,download_allowed,expected_size_bytes,official_url,local_path,status,retry_count,last_error,pilot_source
0,GSE225166,GSM7040610,GSM7040610_lane6192_CGATGTTT_M04-20526_3_M_Hind_Muscle_plate1_pool1_iTag2_L001_R1.barcode_removed_val_1_GRCm38_bismark_bt2_pe.deduplicated.bismark.cov.gz,COV,bismark_cov_per_sample_file,P0_processed_parser_pilot,mouse sparse/single-cell low-coverage age methylation; processed COV tar first,False,True,16137202,https://ftp.ncbi.nlm.nih.gov/geo/samples/GSM7040nnn/GSM7040610/suppl/GSM7040610_lane6192_CGATGTTT_M04-20526_3_M_Hind_Muscle_plate1_pool1_iTag2_L001_R1.barcode_removed_val_1_GRCm38_bismark_bt2_pe.deduplicated.bismark.cov.gz,/home/zdq-as/mouse_methyl_work/raw_downloads/geo_supplements_v27/GSE225166/GSM7040610_lane6192_CGATGTTT_M04-20526_3_M_Hind_Muscle_plate1_pool1_iTag2_L001_R1.barcode_removed_val_1_GRCm38_bismark_bt2_pe.deduplicated.bismark.cov.gz,planned,0,,v27_new_processed_candidates
1,GSE225166,GSM7040487,GSM7040487_lane1_TAGTCTTG_M02-20522_3_M_Cortex_iTAG_31_merged_L001_R1.barcode_removed_val_1_GRCm38_bismark_bt2_pe.deduplicated.bismark.cov.gz,COV,bismark_cov_per_sample_file,P0_processed_parser_pilot,mouse sparse/single-cell low-coverage age methylation; processed COV tar first,False,True,30910153,https://ftp.ncbi.nlm.nih.gov/geo/samples/GSM7040nnn/GSM7040487/suppl/GSM7040487_lane1_TAGTCTTG_M02-20522_3_M_Cortex_iTAG_31_merged_L001_R1.barcode_removed_val_1_GRCm38_bismark_bt2_pe.deduplicated.bismark.cov.gz,/home/zdq-as/mouse_methyl_work/raw_downloads/geo_supplements_v27/GSE225166/GSM7040487_lane1_TAGTCTTG_M02-20522_3_M_Cortex_iTAG_31_merged_L001_R1.barcode_removed_val_1_GRCm38_bismark_bt2_pe.deduplicated.bismark.cov.gz,planned,0,,v27_new_processed_candidates
2,GSE225166,GSM7040518,GSM7040518_lane3_GGCTACAG_M04-20526_3_M_Heart_iPCRtag11_merged_L003_R1.barcode_removed_val_1_GRCm38_bismark_bt2_pe.deduplicated.bismark.cov.gz,COV,bismark_cov_per_sample_file,P0_processed_parser_pilot,mouse sparse/single-cell low-coverage age methylation; processed COV tar first,False,True,28523513,https://ftp.ncbi.nlm.nih.gov/geo/samples/GSM7040nnn/GSM7040518/suppl/GSM7040518_lane3_GGCTACAG_M04-20526_3_M_Heart_iPCRtag11_merged_L003_R1.barcode_removed_val_1_GRCm38_bismark_bt2_pe.deduplicated.bismark.cov.gz,/home/zdq-as/mouse_methyl_work/raw_downloads/geo_supplements_v27/GSE225166/GSM7040518_lane3_GGCTACAG_M04-20526_3_M_Heart_iPCRtag11_merged_L003_R1.barcode_removed_val_1_GRCm38_bismark_bt2_pe.deduplicated.bismark.cov.gz,planned,0,,v27_new_processed_candidates
3,GSE225166,GSM7040480,GSM7040480_lane1_ATCACGTT_M04-20525_3_M_Liver_iPCRtag1_merged_L001_R1.barcode_removed_val_1_GRCm38_bismark_bt2_pe.deduplicated.bismark.cov.gz,COV,bismark_cov_per_sample_file,P0_processed_parser_pilot,mouse sparse/single-cell low-coverage age methylation; processed COV tar first,False,True,27656642,https://ftp.ncbi.nlm.nih.gov/geo/samples/GSM7040nnn/GSM7040480/suppl/GSM7040480_lane1_ATCACGTT_M04-20525_3_M_Liver_iPCRtag1_merged_L001_R1.barcode_removed_val_1_GRCm38_bismark_bt2_pe.deduplicated.bismark.cov.gz,/home/zdq-as/mouse_methyl_work/raw_downloads/geo_supplements_v27/GSE225166/GSM7040480_lane1_ATCACGTT_M04-20525_3_M_Liver_iPCRtag1_merged_L001_R1.barcode_removed_val_1_GRCm38_bismark_bt2_pe.deduplicated.bismark.cov.gz,planned,0,,v27_new_processed_candidates
4,GSE225166,GSM7040498,GSM7040498_lane2_CGATGTTT_M04-20525_3_M_Lung_iPCRtag2_merged_L002_R1.barcode_removed_val_1_GRCm38_bismark_bt2_pe.deduplicated.bismark.cov.gz,COV,bismark_cov_per_sample_file,P0_processed_parser_pilot,mouse sparse/single-cell low-coverage age methylation; processed COV tar first,False,True,27480343,https://ftp.ncbi.nlm.nih.gov/geo/samples/GSM7040nnn/GSM7040498/suppl/GSM7040498_lane2_CGATGTTT_M04-20525_3_M_Lung_iPCRtag2_merged_L002_R1.barcode_removed_val_1_GRCm38_bismark_bt2_pe.deduplicated.bismark.cov.gz,/home/zdq-as/mouse_methyl_work/raw_downloads/geo_supplements_v27/GSE225166/GSM7040498_lane2_CGATGTTT_M04-20525_3_M_Lung_iPCRtag2_merged_L002_R1.barcode_removed_val_1_GRCm38_bismark_bt2_pe.deduplicated.bismark.cov.gz,planned,0,,v27_new_processed_candidates
5,GSE225166,GSM7040612,GSM7040612_lane6192_GCAATCCG_M00018752_6_M_Intestinal_Stem_Cells_plate1_pool1_iTag90_L001_R1.barcode_removed_val_1_GRCm38_bismark_bt2_pe.deduplicated.bismark.cov.gz,COV,bismark_cov_per_sample_file,P0_processed_parser_pilot,mouse sparse/single-cell low-coverage age methylation; processed COV tar first,False,True,19034423,https://ftp.ncbi.nlm.nih.gov/geo/samples/GSM7040nnn/GSM7040612/suppl/GSM7040612_lane6192_GCAATCCG_M00018752_6_M_Intestinal_Stem_Cells_plate1_pool1_iTag90_L001_R1.barcode_removed_val_1_GRCm38_bismark_bt2_pe.deduplicated.bismark.cov.gz,/home/zdq-as/mouse_methyl_work/raw_downloads/geo_supplements_v27/GSE225166/GSM7040612_lane6192_GCAATCCG_M00018752_6_M_Intestinal_Stem_Cells_plate1_pool1_iTag90_L001_R1.barcode_removed_val_1_GRCm38_bismark_bt2_pe.deduplicated.bismark.cov.gz,planned,0,,v27_new_processed_candidates
6,GSE225166,GSM7040640,GSM7040640_lane6194_TAAGCGTT_M00018740_6_M_Lung_Macrophages_plate1_pool3_iTag15_L003_R1.barcode_removed_val_1_GRCm38_bismark_bt2_pe.deduplicated.bismark.cov.gz,COV,bismark_cov_per_sample_file,P0_processed_parser_pilot,mouse sparse/single-cell low-coverage age methylation; processed COV tar first,False,True,16291921,https://ftp.ncbi.nlm.nih.gov/geo/samples/GSM7040nnn/GSM7040640/suppl/GSM7040640_lane6194_TAAGCGTT_M00018740_6_M_Lung_Macrophages_plate1_pool3_iTag15_L003_R1.barcode_removed_val_1_GRCm38_bismark_bt2_pe.deduplicated.bismark.cov.gz,/home/zdq-as/mouse_methyl_work/raw_downloads/geo_supplements_v27/GSE225166/GSM7040640_lane6194_TAAGCGTT_M00018740_6_M_Lung_Macrophages_plate1_pool3_iTag15_L003_R1.barcode_removed_val_1_GRCm38_bismark_bt2_pe.deduplicated.bismark.cov.gz,planned,0,,v27_new_processed_candidates
7,GSE225166,GSM7040619,GSM7040619_lane6192_TCATCCTA_M00018360_9_M_Hind_Muscle_plate1_pool1_iTag60_L001_R1.barcode_removed_val_1_GRCm38_bismark_bt2_pe.deduplicated.bismark.cov.gz,COV,bismark_cov_per_sample_file,P0_processed_parser_pilot,mouse sparse/single-cell low-coverage age methylation; processed COV tar first,False,True,18069367,https://ftp.ncbi.nlm.nih.gov/geo/samples/GSM7040nnn/GSM7040619/suppl/GSM7040619_lane6192_TCATCCTA_M00018360_9_M_Hind_Muscle_plate1_pool1_iTag60_L001_R1.barcode_removed_val_1_GRCm38_bismark_bt2_pe.deduplicated.bismark.cov.gz,/home/zdq-as/mouse_methyl_work/raw_downloads/geo_supplements_v27/GSE225166/GSM7040619_lane6192_TCATCCTA_M00018360_9_M_Hind_Muscle_plate1_pool1_iTag60_L001_R1.barcode_removed_val_1_GRCm38_bismark_bt2_pe.deduplicated.bismark.cov.gz,planned,0,,v27_new_processed_candidates
8,GSE225166,GSM7040656,GSM7040656_lane6195_TGCATAGT_M00018359_9_M_Lung_Macrophages_plate1_pool4_iTag23_L004_R1.barcode_removed_val_1_GRCm38_bismark_bt2_pe.deduplicated.bismark.cov.gz,COV,bismark_cov_per_sample_file,P0_processed_parser_pilot,mouse sparse/single-cell low-coverage age methylation; processed COV tar first,False,True,15087608,https://ftp.ncbi.nlm.nih.gov/geo/samples/GSM7040nnn/GSM7040656/suppl/GSM7040656_lane6195_TGCATAGT_M00018359_9_M_Lung_Macrophages_plate1_pool4_iTag23_L004_R1.barcode_removed_val_1_GRCm38_bismark_bt2_pe.deduplicated.bismark.cov.gz,/home/zdq-as/mouse_methyl_work/raw_downloads/geo_supplements_v27/GSE225166/GSM7040656_lane6195_TGCATAGT_M00018359_9_M_Lung_Macrophages_plate1_pool4_iTag23_L004_R1.barcode_removed_val_1_GRCm38_bismark_bt2_pe.deduplicated.bismark.cov.gz,planned,0,,v27_new_processed_candidates
9,GSE225166,GSM7040613,GSM7040613_lane6192_GCTAACTC_M00017912_15_M_Kidney_plate1_pool1_iTag94_L001_R1.barcode_removed_val_1_GRCm38_bismark_bt2_pe.deduplicated.bismark.cov.gz,COV,bismark_cov_per_sample_file,P0_processed_parser_pilot,mouse sparse/single-cell low-coverage age methylation; processed COV tar first,False,True,16750044,https://ftp.ncbi.nlm.nih.gov/geo/samples/GSM7040nnn/GSM7040613/suppl/GSM7040613_lane6192_GCTAACTC_M00017912_15_M_Kidney_plate1_pool1_iTag94_L001_R1.barcode_removed_val_1_GRCm38_bismark_bt2_pe.deduplicated.bismark.cov.gz,/home/zdq-as/mouse_methyl_work/raw_downloads/geo_supplements_v27/GSE225166/GSM7040613_lane6192_GCTAACTC_M00017912_15_M_Kidney_plate1_pool1_iTag94_L001_R1.barcode_removed_val_1_GRCm38_bismark_bt2_pe.deduplicated.bismark.cov.gz,planned,0,,v27_new_processed_candidates
10,GSE225166,GSM7040484,GSM7040484_lane1_GCAATCCG_M00017913_15_M_Cortex_iTAG_90_merged_L001_R1.barcode_removed_val_1_GRCm38_bismark_bt2_pe.deduplicated.bismark.cov.gz,COV,bismark_cov_per_sample_file,P0_processed_parser_pilot,mouse sparse/single-cell low-coverage age methylation; processed COV tar first,False,True,24209044,https://ftp.ncbi.nlm.nih.gov/geo/samples/GSM7040nnn/GSM7040484/suppl/GSM7040484_lane1_GCAATCCG_M00017913_15_M_Cortex_iTAG_90_merged_L001_R1.barcode_removed_val_1_GRCm38_bismark_bt2_pe.deduplicated.bismark.cov.gz,/home/zdq-as/mouse_methyl_work/raw_downloads/geo_supplements_v27/GSE225166/GSM7040484_lane1_GCAATCCG_M00017913_15_M_Cortex_iTAG_90_merged_L001_R1.barcode_removed_val_1_GRCm38_bismark_bt2_pe.deduplicated.bismark.cov.gz,planned,0,,v27_new_processed_candidates
11,GSE225166,GSM7040481,GSM7040481_lane1_GAGCCAAT_M00017913_15_M_Heart_iTAG_82_merged_L001_R1.barcode_removed_val_1_GRCm38_bismark_bt2_pe.deduplicated.bismark.cov.gz,COV,bismark_cov_per_sample_file,P0_processed_parser_pilot,mouse sparse/single-cell low-coverage age methylation; processed COV tar first,False,True,23922383,https://ftp.ncbi.nlm.nih.gov/geo/samples/GSM7040nnn/GSM7040481/suppl/GSM7040481_lane1_GAGCCAAT_M00017913_15_M_Heart_iTAG_82_merged_L001_R1.barcode_removed_val_1_GRCm38_bismark_bt2_pe.deduplicated.bismark.cov.gz,/home/zdq-as/mouse_methyl_work/raw_downloads/geo_supplements_v27/GSE225166/GSM7040481_lane1_GAGCCAAT_M00017913_15_M_Heart_iTAG_82_merged_L001_R1.barcode_removed_val_1_GRCm38_bismark_bt2_pe.deduplicated.bismark.cov.gz,planned,0,,v27_new_processed_candidates
12,GSE225166,GSM7040489,GSM7040489_lane1_TCCAGTCG_M00017913_15_M_Liver_iPCRtag41_merged_L001_R1.barcode_removed_val_1_GRCm38_bismark_bt2_pe.deduplicated.bismark.cov.gz,COV,bismark_cov_per_sample_file,P0_processed_parser_pilot,mouse sparse/single-cell low-coverage age methylation; processed COV tar first,False,True,22228682,https://ftp.ncbi.nlm.nih.gov/geo/samples/GSM7040nnn/GSM7040489/suppl/GSM7040489_lane1_TCCAGTCG_M00017913_15_M_Liver_iPCRtag41_merged_L001_R1.barcode_removed_val_1_GRCm38_bismark_bt2_pe.deduplicated.bismark.cov.gz,/home/zdq-as/mouse_methyl_work/raw_downloads/geo_supplements_v27/GSE225166/GSM7040489_lane1_TCCAGTCG_M00017913_15_M_Liver_iPCRtag41_merged_L001_R1.barcode_removed_val_1_GRCm38_bismark_bt2_pe.deduplicated.bismark.cov.gz,planned,0,,v27_new_processed_candidates
13,GSE225166,GSM7040503,GSM7040503_lane2_GTACATCT_M00018000_15_M_Lung_iTAG_76_merged_L002_R1.barcode_removed_val_1_GRCm38_bismark_bt2_pe.deduplicated.bismark.cov.gz,COV,bismark_cov_per_sample_file,P0_processed_parser_pilot,mouse sparse/single-cell low-coverage age methylation; processed COV tar first,False,True,23668210,https://ftp.ncbi.nlm.nih.gov/geo/samples/GSM7040nnn/GSM7040503/suppl/GSM7040503_lane2_GTACATCT_M00018000_15_M_Lung_iTAG_76_merged_L002_R1.barcode_removed_val_1_GRCm38_bismark_bt2_pe.deduplicated.bismark.cov.gz,/home/zdq-as/mouse_methyl_work/raw_downloads/geo_supplements_v27/GSE225166/GSM7040503_lane2_GTACATCT_M00018000_15_M_Lung_iTAG_76_merged_L002_R1.barcode_removed_val_1_GRCm38_bismark_bt2_pe.deduplicated.bismark.cov.gz,planned,0,,v27_new_processed_candidates
14,GSE225166,GSM7040611,GSM7040611_lane6192_GCAACATT_M00017619_24_M_Kidney_plate1_pool1_iTag73_L001_R1.barcode_removed_val_1_GRCm38_bismark_bt2_pe.deduplicated.bismark.cov.gz,COV,bismark_cov_per_sample_file,P0_processed_parser_pilot,mouse sparse/single-cell low-coverage age methylation; processed COV tar first,False,True,14228018,https://ftp.ncbi.nlm.nih.gov/geo/samples/GSM7040nnn/GSM7040611/suppl/GSM7040611_lane6192_GCAACATT_M00017619_24_M_Kidney_plate1_pool1_iTag73_L001_R1.barcode_removed_val_1_GRCm38_bismark_bt2_pe.deduplicated.bismark.cov.gz,/home/zdq-as/mouse_methyl_work/raw_downloads/geo_supplements_v27/GSE225166/GSM7040611_lane6192_GCAACATT_M00017619_24_M_Kidney_plate1_pool1_iTag73_L001_R1.barcode_removed_val_1_GRCm38_bismark_bt2_pe.deduplicated.bismark.cov.gz,planned,0,,v27_new_processed_candidates
15,GSE225166,GSM7040511,GSM7040511_lane2_TGTGAAGA_M00017577_24_M_Cortex_iTAG_63_merged_L002_R1.barcode_removed_val_1_GRCm38_bismark_bt2_pe.deduplicated.bismark.cov.gz,COV,bismark_cov_per_sample_file,P0_processed_parser_pilot,mouse sparse/single-cell low-coverage age methylation; processed COV tar first,False,True,22889066,https://ftp.ncbi.nlm.nih.gov/geo/samples/GSM7040nnn/GSM7040511/suppl/GSM7040511_lane2_TGTGAAGA_M00017577_24_M_Cortex_iTAG_63_merged_L002_R1.barcode_removed_val_1_GRCm38_bismark_bt2_pe.deduplicated.bismark.cov.gz,/home/zdq-as/mouse_methyl_work/raw_downloads/geo_supplements_v27/GSE225166/GSM7040511_lane2_TGTGAAGA_M00017577_24_M_Cortex_iTAG_63_merged_L002_R1.barcode_removed_val_1_GRCm38_bismark_bt2_pe.deduplicated.bismark.cov.gz,planned,0,,v27_new_processed_candidates
16,GSE225166,GSM7040495,GSM7040495_lane1_TGTTCTCC_M00017576_24_M_Heart_iTAG_54_merged_L001_R1.barcode_removed_val_1_GRCm38_bismark_bt2_pe.deduplicated.bismark.cov.gz,COV,bismark_cov_per_sample_file,P0_processed_parser_pilot,mouse sparse/single-cell low-coverage age methylation; processed COV tar first,False,True,22499986,https://ftp.ncbi.nlm.nih.gov/geo/samples/GSM7040nnn/GSM7040495/suppl/GSM7040495_lane1_TGTTCTCC_M00017576_24_M_Heart_iTAG_54_merged_L001_R1.barcode_removed_val_1_GRCm38_bismark_bt2_pe.deduplicated.bismark.cov.gz,/home/zdq-as/mouse_methyl_work/raw_downloads/geo_supplements_v27/GSE225166/GSM7040495_lane1_TGTTCTCC_M00017576_24_M_Heart_iTAG_54_merged_L001_R1.barcode_removed_val_1_GRCm38_bismark_bt2_pe.deduplicated.bismark.cov.gz,planned,0,,v27_new_processed_candidates
17,GSE225166,GSM7040483,GSM7040483_lane1_GCAACATT_M00017621_24_M_Liver_iPCRtag73_merged_L001_R1.barcode_removed_val_1_GRCm38_bismark_bt2_pe.deduplicated.bismark.cov.gz,COV,bismark_cov_per_sample_file,P0_processed_parser_pilot,mouse sparse/single-cell low-coverage age methylation; processed COV tar first,False,True,29571140,https://ftp.ncbi.nlm.nih.gov/geo/samples/GSM7040nnn/GSM7040483/suppl/GSM7040483_lane1_GCAACATT_M00017621_24_M_Liver_iPCRtag73_merged_L001_R1.barcode_removed_val_1_GRCm38_bismark_bt2_pe.deduplicated.bismark.cov.gz,/home/zdq-as/mouse_methyl_work/raw_downloads/geo_supplements_v27/GSE225166/GSM7040483_lane1_GCAACATT_M00017621_24_M_Liver_iPCRtag73_merged_L001_R1.barcode_removed_val_1_GRCm38_bismark_bt2_pe.deduplicated.bismark.cov.gz,planned,0,,v27_new_processed_candidates
18,GSE225166,GSM7040486,GSM7040486_lane1_TACTAGTC_M00017577_24_M_Lung_iTAG_47_merged_L001_R1.barcode_removed_val_1_GRCm38_bismark_bt2_pe.deduplicated.bismark.cov.gz,COV,bismark_cov_per_sample_file,P0_processed_parser_pilot,mouse sparse/single-cell low-coverage age methylation; processed COV tar first,False,True,27187979,https://ftp.ncbi.nlm.nih.gov/geo/samples/GSM7040nnn/GSM7040486/suppl/GSM7040486_lane1_TACTAGTC_M00017577_24_M_Lung_iTAG_47_merged_L001_R1.barcode_removed_val_1_GRCm38_bismark_bt2_pe.deduplicated.bismark.cov.gz,/home/zdq-as/mouse_methyl_work/raw_downloads/geo_supplements_v27/GSE225166/GSM7040486_lane1_TACTAGTC_M00017577_24_M_Lung_iTAG_47_merged_L001_R1.barcode_removed_val_1_GRCm38_bismark_bt2_pe.deduplicated.bismark.cov.gz,planned,0,,v27_new_processed_candidates
19,GSE225166,GSM7040603,GSM7040603_lane8_TAAGCGTT_M02-NB_New_Born_Heart_iPCRtag15_merged_L008_R1.barcode_removed_val_1_GRCm38_bismark_bt2_pe.deduplicated.bismark.cov.gz,COV,bismark_cov_per_sample_file,P0_processed_parser_pilot,mouse sparse/single-cell low-coverage age methylation; processed COV tar first,False,True,28655575,https://ftp.ncbi.nlm.nih.gov/geo/samples/GSM7040nnn/GSM7040603/suppl/GSM7040603_lane8_TAAGCGTT_M02-NB_New_Born_Heart_iPCRtag15_merged_L008_R1.barcode_removed_val_1_GRCm38_bismark_bt2_pe.deduplicated.bismark.cov.gz,/home/zdq-as/mouse_methyl_work/raw_downloads/geo_supplements_v27/GSE225166/GSM7040603_lane8_TAAGCGTT_M02-NB_New_Born_Heart_iPCRtag15_merged_L008_R1.barcode_removed_val_1_GRCm38_bismark_bt2_pe.deduplicated.bismark.cov.gz,planned,0,,v27_new_processed_candidates
20,GSE225166,GSM7040561,GSM7040561_lane5_TCGAGCGT_M03-NB_New_Born_Liver_iPCRtag21_merged_L005_R1.barcode_removed_val_1_GRCm38_bismark_bt2_pe.deduplicated.bismark.cov.gz,COV,bismark_cov_per_sample_file,P0_processed_parser_pilot,mouse sparse/single-cell low-coverage age methylation; processed COV tar first,False,True,40102873,https://ftp.ncbi.nlm.nih.gov/geo/samples/GSM7040nnn/GSM7040561/suppl/GSM7040561_lane5_TCGAGCGT_M03-NB_New_Born_Liver_iPCRtag21_merged_L005_R1.barcode_removed_val_1_GRCm38_bismark_bt2_pe.deduplicated.bismark.cov.gz,/home/zdq-as/mouse_methyl_work/raw_downloads/geo_supplements_v27/GSE225166/GSM7040561_lane5_TCGAGCGT_M03-NB_New_Born_Liver_iPCRtag21_merged_L005_R1.barcode_removed_val_1_GRCm38_bismark_bt2_pe.deduplicated.bismark.cov.gz,planned,0,,v27_new_processed_candidates
21,GSE225166,GSM7040582,GSM7040582_lane6_TGGTTGTT_M01-20526_3_M_Lung_iTAG_13_merged_L006_R1.barcode_removed_val_1_GRCm38_bismark_bt2_pe.deduplicated.bismark.cov.gz,COV,bismark_cov_per_sample_file,P0_processed_parser_pilot,mouse sparse/single-cell low-coverage age methylation; processed COV tar first,False,True,41544264,https://ftp.ncbi.nlm.nih.gov/geo/samples/GSM7040nnn/GSM7040582/suppl/GSM7040582_lane6_TGGTTGTT_M01-20526_3_M_Lung_iTAG_13_merged_L006_R1.barcode_removed_val_1_GRCm38_bismark_bt2_pe.deduplicated.bismark.cov.gz,/home/zdq-as/mouse_methyl_work/raw_downloads/geo_supplements_v27/GSE225166/GSM7040582_lane6_TGGTTGTT_M01-20526_3_M_Lung_iTAG_13_merged_L006_R1.barcode_removed_val_1_GRCm38_bismark_bt2_pe.deduplicated.bismark.cov.gz,planned,0,,v27_new_processed_candidates
22,GSE225166,GSM7040525,GSM7040525_lane3_TAGTGACT_M05-20522_3_M_Heart_iPCRtag27_merged_L003_R1.barcode_removed_val_1_GRCm38_bismark_bt2_pe.deduplicated.bismark.cov.gz,COV,bismark_cov_per_sample_file,P0_processed_parser_pilot,mouse sparse/single-cell low-coverage age methylation; processed COV tar first,False,True,35038055,https://ftp.ncbi.nlm.nih.gov/geo/samples/GSM7040nnn/GSM7040525/suppl/GSM7040525_lane3_TAGTGACT_M05-20522_3_M_Heart_iPCRtag27_merged_L003_R1.barcode_removed_val_1_GRCm38_bismark_bt2_pe.deduplicated.bismark.cov.gz,/home/zdq-as/mouse_methyl_work/raw_downloads/geo_supplements_v27/GSE225166/GSM7040525_lane3_TAGTGACT_M05-20522_3_M_Heart_iPCRtag27_merged_L003_R1.barcode_removed_val_1_GRCm38_bismark_bt2_pe.deduplicated.bismark.cov.gz,planned,0,,v27_new_processed_candidates
23,GSE225166,GSM7040520,GSM7040520_lane3_GTGTCCTT_M00018003_15_M_Liver_iTAG_71_merged_L003_R1.barcode_removed_val_1_GRCm38_bismark_bt2_pe.deduplicated.bismark.cov.gz,COV,bismark_cov_per_sample_file,P0_processed_parser_pilot,mouse sparse/single-cell low-coverage age methylation; processed COV tar first,False,True,33309779,https://ftp.ncbi.nlm.nih.gov/geo/samples/GSM7040nnn/GSM7040520/suppl/GSM7040520_lane3_GTGTCCTT_M00018003_15_M_Liver_iTAG_71_merged_L003_R1.barcode_removed_val_1_GRCm38_bismark_bt2_pe.deduplicated.bismark.cov.gz,/home/zdq-as/mouse_methyl_work/raw_downloads/geo_supplements_v27/GSE225166/GSM7040520_lane3_GTGTCCTT_M00018003_15_M_Liver_iTAG_71_merged_L003_R1.barcode_removed_val_1_GRCm38_bismark_bt2_pe.deduplicated.bismark.cov.gz,planned,0,,v27_new_processed_candidates
24,GSE225166,GSM7040583,GSM7040583_lane7_GACGGATT_M00018011_15_M_Cortex_iPCRtag72_merged_L007_R1.barcode_removed_val_1_GRCm38_bismark_bt2_pe.deduplicated.bismark.cov.gz,COV,bismark_cov_per_sample_file,P0_processed_parser_pilot,mouse sparse/single-cell low-coverage age methylation; processed COV tar first,False,True,31778350,https://ftp.ncbi.nlm.nih.gov/geo/samples/GSM7040nnn/GSM7040583/suppl/GSM7040583_lane7_GACGGATT_M00018011_15_M_Cortex_iPCRtag72_merged_L007_R1.barcode_removed_val_1_GRCm38_bismark_bt2_pe.deduplicated.bismark.cov.gz,/home/zdq-as/mouse_methyl_work/raw_downloads/geo_supplements_v27/GSE225166/GSM7040583_lane7_GACGGATT_M00018011_15_M_Cortex_iPCRtag72_merged_L007_R1.barcode_removed_val_1_GRCm38_bismark_bt2_pe.deduplicated.bismark.cov.gz,planned,0,,v27_new_processed_candidates
25,GSE225166,GSM7040555,GSM7040555_lane5_GGTGAGTT_M00018011_15_M_Liver_iPCRtag69_merged_L005_R1.barcode_removed_val_1_GRCm38_bismark_bt2_pe.deduplicated.bismark.cov.gz,COV,bismark_cov_per_sample_file,P0_processed_parser_pilot,mouse sparse/single-cell low-coverage age methylation; processed COV tar first,False,True,31336510,https://ftp.ncbi.nlm.nih.gov/geo/samples/GSM7040nnn/GSM7040555/suppl/GSM7040555_lane5_GGTGAGTT_M00018011_15_M_Liver_iPCRtag69_merged_L005_R1.barcode_removed_val_1_GRCm38_bismark_bt2_pe.deduplicated.bismark.cov.gz,/home/zdq-as/mouse_methyl_work/raw_downloads/geo_supplements_v27/GSE225166/GSM7040555_lane5_GGTGAGTT_M00018011_15_M_Liver_iPCRtag69_merged_L005_R1.barcode_removed_val_1_GRCm38_bismark_bt2_pe.deduplicated.bismark.cov.gz,planned,0,,v27_new_processed_candidates
26,GSE225166,GSM7040533,GSM7040533_lane3_TTAGGCAT_M04-20525_3_M_Heart_iPCRtag3_merged_L003_R1.barcode_removed_val_1_GRCm38_bismark_bt2_pe.deduplicated.bismark.cov.gz,COV,bismark_cov_per_sample_file,P0_processed_parser_pilot,mouse sparse/single-cell low-coverage age methylation; processed COV tar first,False,True,30461519,https://ftp.ncbi.nlm.nih.gov/geo/samples/GSM7040nnn/GSM7040533/suppl/GSM7040533_lane3_TTAGGCAT_M04-20525_3_M_Heart_iPCRtag3_merged_L003_R1.barcode_removed_val_1_GRCm38_bismark_bt2_pe.deduplicated.bismark.cov.gz,/home/zdq-as/mouse_methyl_work/raw_downloads/geo_supplements_v27/GSE225166/GSM7040533_lane3_TTAGGCAT_M04-20525_3_M_Heart_iPCRtag3_merged_L003_R1.barcode_removed_val_1_GRCm38_bismark_bt2_pe.deduplicated.bismark.cov.gz,planned,0,,v27_new_processed_candidates
27,GSE225166,GSM7040558,GSM7040558_lane5_TATGCCAG_M00017563_24_M_Lung_iTAG_45_merged_L005_R1.barcode_removed_val_1_GRCm38_bismark_bt2_pe.deduplicated.bismark.cov.gz,COV,bismark_cov_per_sample_file,P0_processed_parser_pilot,mouse sparse/single-cell low-coverage age methylation; processed COV tar first,False,True,30304191,https://ftp.ncbi.nlm.nih.gov/geo/samples/GSM7040nnn/GSM7040558/suppl/GSM7040558_lane5_TATGCCAG_M00017563_24_M_Lung_iTAG_45_merged_L005_R1.barcode_removed_val_1_GRCm38_bismark_bt2_pe.deduplicated.bismark.cov.gz,/home/zdq-as/mouse_methyl_work/raw_downloads/geo_supplements_v27/GSE225166/GSM7040558_lane5_TATGCCAG_M00017563_24_M_Lung_iTAG_45_merged_L005_R1.barcode_removed_val_1_GRCm38_bismark_bt2_pe.deduplicated.bismark.cov.gz,planned,0,,v27_new_processed_candidates
28,GSE225166,GSM7040538,GSM7040538_lane4_GTACATCT_M00017621_24_M_Cortex_iPCRtag76_merged_L004_R1.barcode_removed_val_1_GRCm38_bismark_bt2_pe.deduplicated.bismark.cov.gz,COV,bismark_cov_per_sample_file,P0_processed_parser_pilot,mouse sparse/single-cell low-coverage age methylation; processed COV tar first,False,True,30157421,https://ftp.ncbi.nlm.nih.gov/geo/samples/GSM7040nnn/GSM7040538/suppl/GSM7040538_lane4_GTACATCT_M00017621_24_M_Cortex_iPCRtag76_merged_L004_R1.barcode_removed_val_1_GRCm38_bismark_bt2_pe.deduplicated.bismark.cov.gz,/home/zdq-as/mouse_methyl_work/raw_downloads/geo_supplements_v27/GSE225166/GSM7040538_lane4_GTACATCT_M00017621_24_M_Cortex_iPCRtag76_merged_L004_R1.barcode_removed_val_1_GRCm38_bismark_bt2_pe.deduplicated.bismark.cov.gz,planned,0,,v27_new_processed_candidates
29,GSE225166,GSM7040553,GSM7040553_lane4_TTGGAGGT_M04-20527_3_M_Cortex_iPCRtag20_merged_L004_R1.barcode_removed_val_1_GRCm38_bismark_bt2_pe.deduplicated.bismark.cov.gz,COV,bismark_cov_per_sample_file,P0_processed_parser_pilot,mouse sparse/single-cell low-coverage age methylation; processed COV tar first,False,True,29996094,https://ftp.ncbi.nlm.nih.gov/geo/samples/GSM7040nnn/GSM7040553/suppl/GSM7040553_lane4_TTGGAGGT_M04-20527_3_M_Cortex_iPCRtag20_merged_L004_R1.barcode_removed_val_1_GRCm38_bismark_bt2_pe.deduplicated.bismark.cov.gz,/home/zdq-as/mouse_methyl_work/raw_downloads/geo_supplements_v27/GSE225166/GSM7040553_lane4_TTGGAGGT_M04-20527_3_M_Cortex_iPCRtag20_merged_L004_R1.barcode_removed_val_1_GRCm38_bismark_bt2_pe.deduplicated.bismark.cov.gz,planned,0,,v27_new_processed_candidates
30,GSE225166,GSM7040574,GSM7040574_lane6_GTGTCCTT_M00018011_15_M_Heart_iPCRtag71_merged_L006_R1.barcode_removed_val_1_GRCm38_bismark_bt2_pe.deduplicated.bismark.cov.gz,COV,bismark_cov_per_sample_file,P0_processed_parser_pilot,mouse sparse/single-cell low-coverage age methylation; processed COV tar first,False,True,29348259,https://ftp.ncbi.nlm.nih.gov/geo/samples/GSM7040nnn/GSM7040574/suppl/GSM7040574_lane6_GTGTCCTT_M00018011_15_M_Heart_iPCRtag71_merged_L006_R1.barcode_removed_val_1_GRCm38_bismark_bt2_pe.deduplicated.bismark.cov.gz,/home/zdq-as/mouse_methyl_work/raw_downloads/geo_supplements_v27/GSE225166/GSM7040574_lane6_GTGTCCTT_M00018011_15_M_Heart_iPCRtag71_merged_L006_R1.barcode_removed_val_1_GRCm38_bismark_bt2_pe.deduplicated.bismark.cov.gz,planned,0,,v27_new_processed_candidates
31,GSE225166,GSM7040600,GSM7040600_lane8_GATCTCTT_M00018011_15_M_Lung_iPCRtag70_merged_L008_R1.barcode_removed_val_1_GRCm38_bismark_bt2_pe.deduplicated.bismark.cov.gz,COV,bismark_cov_per_sample_file,P0_processed_parser_pilot,mouse sparse/single-cell low-coverage age methylation; processed COV tar first,False,True,29263358,https://ftp.ncbi.nlm.nih.gov/geo/samples/GSM7040nnn/GSM7040600/suppl/GSM7040600_lane8_GATCTCTT_M00018011_15_M_Lung_iPCRtag70_merged_L008_R1.barcode_removed_val_1_GRCm38_bismark_bt2_pe.deduplicated.bismark.cov.gz,/home/zdq-as/mouse_methyl_work/raw_downloads/geo_supplements_v27/GSE225166/GSM7040600_lane8_GATCTCTT_M00018011_15_M_Lung_iPCRtag70_merged_L008_R1.barcode_removed_val_1_GRCm38_bismark_bt2_pe.deduplicated.bismark.cov.gz,planned,0,,v27_new_processed_candidates
32,GSE233734,,GSE233734_colon_CpG_coverages.bedGraph.gz,,bedgraph_pair_or_combined,P0_processed_parser_pilot,102 colon RRBS aging/stage trajectory; processed BEDGRAPH first,False,True,274905072,https://ftp.ncbi.nlm.nih.gov/geo/series/GSE233nnn/GSE233734/suppl/GSE233734_colon_CpG_coverages.bedGraph.gz,/home/zdq-as/mouse_methyl_work/raw_downloads/geo_supplements_v27/GSE233734/GSE233734_colon_CpG_coverages.bedGraph.gz,planned,0,,v27_new_processed_candidates
33,GSE233734,,GSE233734_colon_CpG_methylationrates.bedGraph.gz,,bedgraph_pair_or_combined,P0_processed_parser_pilot,102 colon RRBS aging/stage trajectory; processed BEDGRAPH first,False,True,510929996,https://ftp.ncbi.nlm.nih.gov/geo/series/GSE233nnn/GSE233734/suppl/GSE233734_colon_CpG_methylationrates.bedGraph.gz,/home/zdq-as/mouse_methyl_work/raw_downloads/geo_supplements_v27/GSE233734/GSE233734_colon_CpG_methylationrates.bedGraph.gz,planned,0,,v27_new_processed_candidates
34,GSE233734,,GSE233734_colon_validation_CpG_coverages.bedGraph.gz,,bedgraph_pair_or_combined,P0_processed_parser_pilot,102 colon RRBS aging/stage trajectory; processed BEDGRAPH first,False,True,81089192,https://ftp.ncbi.nlm.nih.gov/geo/series/GSE233nnn/GSE233734/suppl/GSE233734_colon_validation_CpG_coverages.bedGraph.gz,/home/zdq-as/mouse_methyl_work/raw_downloads/geo_supplements_v27/GSE233734/GSE233734_colon_validation_CpG_coverages.bedGraph.gz,planned,0,,v27_new_processed_candidates
35,GSE233734,,GSE233734_colon_validation_CpG_methylationrates.bedGraph.gz,,bedgraph_pair_or_combined,P0_processed_parser_pilot,102 colon RRBS aging/stage trajectory; processed BEDGRAPH first,False,True,171915508,https://ftp.ncbi.nlm.nih.gov/geo/series/GSE233nnn/GSE233734/suppl/GSE233734_colon_validation_CpG_methylationrates.bedGraph.gz,/home/zdq-as/mouse_methyl_work/raw_downloads/geo_supplements_v27/GSE233734/GSE233734_colon_validation_CpG_methylationrates.bedGraph.gz,planned,0,,v27_new_processed_candidates
36,GSE304754,,GSE304754_hippocampus_combined.cov.gz,,bismark_cov_per_sample_file,P1_processed_preflight_then_raw_pilot_if_needed,hippocampus aging/cognitive rank candidate; use processed if present before raw ENA pilot,False,True,437553066,https://ftp.ncbi.nlm.nih.gov/geo/series/GSE304nnn/GSE304754/suppl/GSE304754_hippocampus_combined.cov.gz,/home/zdq-as/mouse_methyl_work/raw_downloads/geo_supplements_v27/GSE304754/GSE304754_hippocampus_combined.cov.gz,planned,0,,v27_new_processed_candidates
37,GSE175410,GSM5333067,GSM5333067_zr3463_1_R1_val_1_bismark_bt2_pe.bismark.cov.gz,COV,bismark_cov_per_sample_tar,P2_diagnostic,24mo skeletal_muscle processed COV; useful auxiliary muscle aging parser/overlap data,False,True,25358031,https://ftp.ncbi.nlm.nih.gov/geo/samples/GSM5333nnn/GSM5333067/suppl/GSM5333067_zr3463_1_R1_val_1_bismark_bt2_pe.bismark.cov.gz,/home/zdq-as/mouse_methyl_work/raw_downloads/geo_supplements_v11_3/GSE175410/GSM5333067_zr3463_1_R1_val_1_bismark_bt2_pe.bismark.cov.gz,already_verified_existing_path,0,,v11_3_verified_secondary_candidate
38,GSE175410,GSM5333068,GSM5333068_zr3463_2_R1_val_1_bismark_bt2_pe.bismark.cov.gz,COV,bismark_cov_per_sample_tar,P2_diagnostic,24mo skeletal_muscle processed COV; useful auxiliary muscle aging parser/overlap data,False,True,25930285,https://ftp.ncbi.nlm.nih.gov/geo/samples/GSM5333nnn/GSM5333068/suppl/GSM5333068_zr3463_2_R1_val_1_bismark_bt2_pe.bismark.cov.gz,/home/zdq-as/mouse_methyl_work/raw_downloads/geo_supplements_v11_3/GSE175410/GSM5333068_zr3463_2_R1_val_1_bismark_bt2_pe.bismark.cov.gz,already_verified_existing_path,0,,v11_3_verified_secondary_candidate
39,GSE175410,GSM5333069,GSM5333069_zr3463_3_R1_val_1_bismark_bt2_pe.bismark.cov.gz,COV,bismark_cov_per_sample_tar,P2_diagnostic,24mo skeletal_muscle processed COV; useful auxiliary muscle aging parser/overlap data,False,True,25103759,https://ftp.ncbi.nlm.nih.gov/geo/samples/GSM5333nnn/GSM5333069/suppl/GSM5333069_zr3463_3_R1_val_1_bismark_bt2_pe.bismark.cov.gz,/home/zdq-as/mouse_methyl_work/raw_downloads/geo_supplements_v11_3/GSE175410/GSM5333069_zr3463_3_R1_val_1_bismark_bt2_pe.bismark.cov.gz,already_verified_existing_path,0,,v11_3_verified_secondary_candidate
40,GSE175410,GSM5333070,GSM5333070_zr3463_4_R1_val_1_bismark_bt2_pe.bismark.cov.gz,COV,bismark_cov_per_sample_tar,P2_diagnostic,24mo skeletal_muscle processed COV; useful auxiliary muscle aging parser/overlap data,False,True,24514571,https://ftp.ncbi.nlm.nih.gov/geo/samples/GSM5333nnn/GSM5333070/suppl/GSM5333070_zr3463_4_R1_val_1_bismark_bt2_pe.bismark.cov.gz,/home/zdq-as/mouse_methyl_work/raw_downloads/geo_supplements_v11_3/GSE175410/GSM5333070_zr3463_4_R1_val_1_bismark_bt2_pe.bismark.cov.gz,already_verified_existing_path,0,,v11_3_verified_secondary_candidate
41,GSE175410,GSM5333071,GSM5333071_zr3463_5_R1_val_1_bismark_bt2_pe.bismark.cov.gz,COV,bismark_cov_per_sample_tar,P2_diagnostic,24mo skeletal_muscle processed COV; useful auxiliary muscle aging parser/overlap data,False,True,25448570,https://ftp.ncbi.nlm.nih.gov/geo/samples/GSM5333nnn/GSM5333071/suppl/GSM5333071_zr3463_5_R1_val_1_bismark_bt2_pe.bismark.cov.gz,/home/zdq-as/mouse_methyl_work/raw_downloads/geo_supplements_v11_3/GSE175410/GSM5333071_zr3463_5_R1_val_1_bismark_bt2_pe.bismark.cov.gz,already_verified_existing_path,0,,v11_3_verified_secondary_candidate
42,GSE175410,GSM5333072,GSM5333072_zr3463_6_R1_val_1_bismark_bt2_pe.bismark.cov.gz,COV,bismark_cov_per_sample_tar,P2_diagnostic,24mo skeletal_muscle processed COV; useful auxiliary muscle aging parser/overlap data,False,True,25956032,https://ftp.ncbi.nlm.nih.gov/geo/samples/GSM5333nnn/GSM5333072/suppl/GSM5333072_zr3463_6_R1_val_1_bismark_bt2_pe.bismark.cov.gz,/home/zdq-as/mouse_methyl_work/raw_downloads/geo_supplements_v11_3/GSE175410/GSM5333072_zr3463_6_R1_val_1_bismark_bt2_pe.bismark.cov.gz,already_verified_existing_path,0,,v11_3_verified_secondary_candidate
43,GSE175410,GSM5333073,GSM5333073_zr3463_7_R1_val_1_bismark_bt2_pe.bismark.cov.gz,COV,bismark_cov_per_sample_tar,P2_diagnostic,24mo skeletal_muscle processed COV; useful auxiliary muscle aging parser/overlap data,False,True,23887887,https://ftp.ncbi.nlm.nih.gov/geo/samples/GSM5333nnn/GSM5333073/suppl/GSM5333073_zr3463_7_R1_val_1_bismark_bt2_pe.bismark.cov.gz,/home/zdq-as/mouse_methyl_work/raw_downloads/geo_supplements_v11_3/GSE175410/GSM5333073_zr3463_7_R1_val_1_bismark_bt2_pe.bismark.cov.gz,already_verified_existing_path,0,,v11_3_verified_secondary_candidate
44,GSE175410,GSM5333074,GSM5333074_zr3463_8_R1_val_1_bismark_bt2_pe.bismark.cov.gz,COV,bismark_cov_per_sample_tar,P2_diagnostic,24mo skeletal_muscle processed COV; useful auxiliary muscle aging parser/overlap data,False,True,25811802,https://ftp.ncbi.nlm.nih.gov/geo/samples/GSM5333nnn/GSM5333074/suppl/GSM5333074_zr3463_8_R1_val_1_bismark_bt2_pe.bismark.cov.gz,/home/zdq-as/mouse_methyl_work/raw_downloads/geo_supplements_v11_3/GSE175410/GSM5333074_zr3463_8_R1_val_1_bismark_bt2_pe.bismark.cov.gz,already_verified_existing_path,0,,v11_3_verified_secondary_candidate
45,GSE175410,GSM5333075,GSM5333075_zr3463_9_R1_val_1_bismark_bt2_pe.bismark.cov.gz,COV,bismark_cov_per_sample_tar,P2_diagnostic,24mo skeletal_muscle processed COV; useful auxiliary muscle aging parser/overlap data,False,True,20321106,https://ftp.ncbi.nlm.nih.gov/geo/samples/GSM5333nnn/GSM5333075/suppl/GSM5333075_zr3463_9_R1_val_1_bismark_bt2_pe.bismark.cov.gz,/home/zdq-as/mouse_methyl_work/raw_downloads/geo_supplements_v11_3/GSE175410/GSM5333075_zr3463_9_R1_val_1_bismark_bt2_pe.bismark.cov.gz,already_verified_existing_path,0,,v11_3_verified_secondary_candidate
46,GSE175410,GSM5333076,GSM5333076_zr3463_10_R1_val_1_bismark_bt2_pe.bismark.cov.gz,COV,bismark_cov_per_sample_tar,P2_diagnostic,24mo skeletal_muscle processed COV; useful auxiliary muscle aging parser/overlap data,False,True,21003043,https://ftp.ncbi.nlm.nih.gov/geo/samples/GSM5333nnn/GSM5333076/suppl/GSM5333076_zr3463_10_R1_val_1_bismark_bt2_pe.bismark.cov.gz,/home/zdq-as/mouse_methyl_work/raw_downloads/geo_supplements_v11_3/GSE175410/GSM5333076_zr3463_10_R1_val_1_bismark_bt2_pe.bismark.cov.gz,already_verified_existing_path,0,,v11_3_verified_secondary_candidate
47,GSE175410,GSM5333077,GSM5333077_zr3463_11_R1_val_1_bismark_bt2_pe.bismark.cov.gz,COV,bismark_cov_per_sample_tar,P2_diagnostic,24mo skeletal_muscle processed COV; useful auxiliary muscle aging parser/overlap data,False,True,23437315,https://ftp.ncbi.nlm.nih.gov/geo/samples/GSM5333nnn/GSM5333077/suppl/GSM5333077_zr3463_11_R1_val_1_bismark_bt2_pe.bismark.cov.gz,/home/zdq-as/mouse_methyl_work/raw_downloads/geo_supplements_v11_3/GSE175410/GSM5333077_zr3463_11_R1_val_1_bismark_bt2_pe.bismark.cov.gz,already_verified_existing_path,0,,v11_3_verified_secondary_candidate
48,GSE175410,GSM5333078,GSM5333078_zr3463_12_R1_val_1_bismark_bt2_pe.bismark.cov.gz,COV,bismark_cov_per_sample_tar,P2_diagnostic,24mo skeletal_muscle processed COV; useful auxiliary muscle aging parser/overlap data,False,True,22708300,https://ftp.ncbi.nlm.nih.gov/geo/samples/GSM5333nnn/GSM5333078/suppl/GSM5333078_zr3463_12_R1_val_1_bismark_bt2_pe.bismark.cov.gz,/home/zdq-as/mouse_methyl_work/raw_downloads/geo_supplements_v11_3/GSE175410/GSM5333078_zr3463_12_R1_val_1_bismark_bt2_pe.bismark.cov.gz,already_verified_existing_path,0,,v11_3_verified_secondary_candidate
49,GSE175410,GSM5333079,GSM5333079_zr3463_13_R1_val_1_bismark_bt2_pe.bismark.cov.gz,COV,bismark_cov_per_sample_tar,P2_diagnostic,24mo skeletal_muscle processed COV; useful auxiliary muscle aging parser/overlap data,False,True,23294443,https://ftp.ncbi.nlm.nih.gov/geo/samples/GSM5333nnn/GSM5333079/suppl/GSM5333079_zr3463_13_R1_val_1_bismark_bt2_pe.bismark.cov.gz,/home/zdq-as/mouse_methyl_work/raw_downloads/geo_supplements_v11_3/GSE175410/GSM5333079_zr3463_13_R1_val_1_bismark_bt2_pe.bismark.cov.gz,already_verified_existing_path,0,,v11_3_verified_secondary_candidate
50,GSE175410,GSM5333080,GSM5333080_zr3463_14_R1_val_1_bismark_bt2_pe.bismark.cov.gz,COV,bismark_cov_per_sample_tar,P2_diagnostic,24mo skeletal_muscle processed COV; useful auxiliary muscle aging parser/overlap data,False,True,25598384,https://ftp.ncbi.nlm.nih.gov/geo/samples/GSM5333nnn/GSM5333080/suppl/GSM5333080_zr3463_14_R1_val_1_bismark_bt2_pe.bismark.cov.gz,/home/zdq-as/mouse_methyl_work/raw_downloads/geo_supplements_v11_3/GSE175410/GSM5333080_zr3463_14_R1_val_1_bismark_bt2_pe.bismark.cov.gz,already_verified_existing_path,0,,v11_3_verified_secondary_candidate
51,GSE175410,GSM5333081,GSM5333081_zr3463_15_R1_val_1_bismark_bt2_pe.bismark.cov.gz,COV,bismark_cov_per_sample_tar,P2_diagnostic,24mo skeletal_muscle processed COV; useful auxiliary muscle aging parser/overlap data,False,True,21868367,https://ftp.ncbi.nlm.nih.gov/geo/samples/GSM5333nnn/GSM5333081/suppl/GSM5333081_zr3463_15_R1_val_1_bismark_bt2_pe.bismark.cov.gz,/home/zdq-as/mouse_methyl_work/raw_downloads/geo_supplements_v11_3/GSE175410/GSM5333081_zr3463_15_R1_val_1_bismark_bt2_pe.bismark.cov.gz,already_verified_existing_path,0,,v11_3_verified_secondary_candidate
52,GSE92486,GSM2430564,GSM2430564_AL_26m_PE_Rep1_BS-seq.cov.txt.gz,TXT,bismark_cov_per_sample_tar,P2_intervention_auxiliary,liver DR/AL old-age processed TXT/COV-like files; intervention auxiliary,False,True,165138636,https://ftp.ncbi.nlm.nih.gov/geo/samples/GSM2430nnn/GSM2430564/suppl/GSM2430564_AL_26m_PE_Rep1_BS-seq.cov.txt.gz,/home/zdq-as/mouse_methyl_work/raw_downloads/geo_supplements_v11_3/GSE92486/GSM2430564_AL_26m_PE_Rep1_BS-seq.cov.txt.gz,already_verified_existing_path,0,,v11_3_verified_secondary_candidate
53,GSE92486,GSM2430565,GSM2430565_AL_26m_PE_Rep2_BS-seq.cov.txt.gz,TXT,bismark_cov_per_sample_tar,P2_intervention_auxiliary,liver DR/AL old-age processed TXT/COV-like files; intervention auxiliary,False,True,119130203,https://ftp.ncbi.nlm.nih.gov/geo/samples/GSM2430nnn/GSM2430565/suppl/GSM2430565_AL_26m_PE_Rep2_BS-seq.cov.txt.gz,/home/zdq-as/mouse_methyl_work/raw_downloads/geo_supplements_v11_3/GSE92486/GSM2430565_AL_26m_PE_Rep2_BS-seq.cov.txt.gz,already_verified_existing_path,0,,v11_3_verified_secondary_candidate
54,GSE92486,GSM2430566,GSM2430566_AL_26m_PE_Rep3_BS-seq.cov.txt.gz,TXT,bismark_cov_per_sample_tar,P2_intervention_auxiliary,liver DR/AL old-age processed TXT/COV-like files; intervention auxiliary,False,True,123873845,https://ftp.ncbi.nlm.nih.gov/geo/samples/GSM2430nnn/GSM2430566/suppl/GSM2430566_AL_26m_PE_Rep3_BS-seq.cov.txt.gz,/home/zdq-as/mouse_methyl_work/raw_downloads/geo_supplements_v11_3/GSE92486/GSM2430566_AL_26m_PE_Rep3_BS-seq.cov.txt.gz,already_verified_existing_path,0,,v11_3_verified_secondary_candidate
55,GSE92486,GSM2430567,GSM2430567_DR_26m_PE_Rep1_BS-seq.cov.txt.gz,TXT,bismark_cov_per_sample_tar,P2_intervention_auxiliary,liver DR/AL old-age processed TXT/COV-like files; intervention auxiliary,False,True,158065376,https://ftp.ncbi.nlm.nih.gov/geo/samples/GSM2430nnn/GSM2430567/suppl/GSM2430567_DR_26m_PE_Rep1_BS-seq.cov.txt.gz,/home/zdq-as/mouse_methyl_work/raw_downloads/geo_supplements_v11_3/GSE92486/GSM2430567_DR_26m_PE_Rep1_BS-seq.cov.txt.gz,already_verified_existing_path,0,,v11_3_verified_secondary_candidate
56,GSE92486,GSM2430568,GSM2430568_DR_26m_PE_Rep2_BS-seq.cov.txt.gz,TXT,bismark_cov_per_sample_tar,P2_intervention_auxiliary,liver DR/AL old-age processed TXT/COV-like files; intervention auxiliary,False,True,159946470,https://ftp.ncbi.nlm.nih.gov/geo/samples/GSM2430nnn/GSM2430568/suppl/GSM2430568_DR_26m_PE_Rep2_BS-seq.cov.txt.gz,/home/zdq-as/mouse_methyl_work/raw_downloads/geo_supplements_v11_3/GSE92486/GSM2430568_DR_26m_PE_Rep2_BS-seq.cov.txt.gz,already_verified_existing_path,0,,v11_3_verified_secondary_candidate
57,GSE92486,GSM2430569,GSM2430569_DR_26m_PE_Rep3_BS-seq.cov.txt.gz,TXT,bismark_cov_per_sample_tar,P2_intervention_auxiliary,liver DR/AL old-age processed TXT/COV-like files; intervention auxiliary,False,True,160900258,https://ftp.ncbi.nlm.nih.gov/geo/samples/GSM2430nnn/GSM2430569/suppl/GSM2430569_DR_26m_PE_Rep3_BS-seq.cov.txt.gz,/home/zdq-as/mouse_methyl_work/raw_downloads/geo_supplements_v11_3/GSE92486/GSM2430569_DR_26m_PE_Rep3_BS-seq.cov.txt.gz,already_verified_existing_path,0,,v11_3_verified_secondary_candidate
58,GSE92486,GSM2430570,GSM2430570_AL_5m_PE_Rep1_BS-seq.cov.txt.gz,TXT,bismark_cov_per_sample_tar,P2_intervention_auxiliary,liver DR/AL old-age processed TXT/COV-like files; intervention auxiliary,False,True,205931478,https://ftp.ncbi.nlm.nih.gov/geo/samples/GSM2430nnn/GSM2430570/suppl/GSM2430570_AL_5m_PE_Rep1_BS-seq.cov.txt.gz,/home/zdq-as/mouse_methyl_work/raw_downloads/geo_supplements_v11_3/GSE92486/GSM2430570_AL_5m_PE_Rep1_BS-seq.cov.txt.gz,already_verified_existing_path,0,,v11_3_verified_secondary_candidate
59,GSE92486,GSM2430571,GSM2430571_AL_5m_PE_Rep2_BS-seq.cov.txt.gz,TXT,bismark_cov_per_sample_tar,P2_intervention_auxiliary,liver DR/AL old-age processed TXT/COV-like files; intervention auxiliary,False,True,193110471,https://ftp.ncbi.nlm.nih.gov/geo/samples/GSM2430nnn/GSM2430571/suppl/GSM2430571_AL_5m_PE_Rep2_BS-seq.cov.txt.gz,/home/zdq-as/mouse_methyl_work/raw_downloads/geo_supplements_v11_3/GSE92486/GSM2430571_AL_5m_PE_Rep2_BS-seq.cov.txt.gz,already_verified_existing_path,0,,v11_3_verified_secondary_candidate
60,GSE92486,GSM2430572,GSM2430572_AL_5m_PE_Rep3_BS-seq.cov.txt.gz,TXT,bismark_cov_per_sample_tar,P2_intervention_auxiliary,liver DR/AL old-age processed TXT/COV-like files; intervention auxiliary,False,True,187493599,https://ftp.ncbi.nlm.nih.gov/geo/samples/GSM2430nnn/GSM2430572/suppl/GSM2430572_AL_5m_PE_Rep3_BS-seq.cov.txt.gz,/home/zdq-as/mouse_methyl_work/raw_downloads/geo_supplements_v11_3/GSE92486/GSM2430572_AL_5m_PE_Rep3_BS-seq.cov.txt.gz,already_verified_existing_path,0,,v11_3_verified_secondary_candidate
61,GSE92486,GSM2430573,GSM2430573_DR_5m_PE_Rep1_BS-seq.cov.txt.gz,TXT,bismark_cov_per_sample_tar,P2_intervention_auxiliary,liver DR/AL old-age processed TXT/COV-like files; intervention auxiliary,False,True,177074850,https://ftp.ncbi.nlm.nih.gov/geo/samples/GSM2430nnn/GSM2430573/suppl/GSM2430573_DR_5m_PE_Rep1_BS-seq.cov.txt.gz,/home/zdq-as/mouse_methyl_work/raw_downloads/geo_supplements_v11_3/GSE92486/GSM2430573_DR_5m_PE_Rep1_BS-seq.cov.txt.gz,already_verified_existing_path,0,,v11_3_verified_secondary_candidate
62,GSE92486,GSM2430574,GSM2430574_DR_5m_PE_Rep2_BS-seq.cov.txt.gz,TXT,bismark_cov_per_sample_tar,P2_intervention_auxiliary,liver DR/AL old-age processed TXT/COV-like files; intervention auxiliary,False,True,162489325,https://ftp.ncbi.nlm.nih.gov/geo/samples/GSM2430nnn/GSM2430574/suppl/GSM2430574_DR_5m_PE_Rep2_BS-seq.cov.txt.gz,/home/zdq-as/mouse_methyl_work/raw_downloads/geo_supplements_v11_3/GSE92486/GSM2430574_DR_5m_PE_Rep2_BS-seq.cov.txt.gz,already_verified_existing_path,0,,v11_3_verified_secondary_candidate
63,GSE92486,GSM2430575,GSM2430575_DR_5m_PE_Rep3_BS-seq.cov.txt.gz,TXT,bismark_cov_per_sample_tar,P2_intervention_auxiliary,liver DR/AL old-age processed TXT/COV-like files; intervention auxiliary,False,True,195101219,https://ftp.ncbi.nlm.nih.gov/geo/samples/GSM2430nnn/GSM2430575/suppl/GSM2430575_DR_5m_PE_Rep3_BS-seq.cov.txt.gz,/home/zdq-as/mouse_methyl_work/raw_downloads/geo_supplements_v11_3/GSE92486/GSM2430575_DR_5m_PE_Rep3_BS-seq.cov.txt.gz,already_verified_existing_path,0,,v11_3_verified_secondary_candidate
64,GSE92486,GSM2430576,GSM2430576_AL_26m_SE_Rep1_BS-seq.cov.txt.gz,TXT,bismark_cov_per_sample_tar,P2_intervention_auxiliary,liver DR/AL old-age processed TXT/COV-like files; intervention auxiliary,False,True,189955095,https://ftp.ncbi.nlm.nih.gov/geo/samples/GSM2430nnn/GSM2430576/suppl/GSM2430576_AL_26m_SE_Rep1_BS-seq.cov.txt.gz,/home/zdq-as/mouse_methyl_work/raw_downloads/geo_supplements_v11_3/GSE92486/GSM2430576_AL_26m_SE_Rep1_BS-seq.cov.txt.gz,already_verified_existing_path,0,,v11_3_verified_secondary_candidate
65,GSE92486,GSM2430577,GSM2430577_AL_26m_SE_Rep2_BS-seq.cov.txt.gz,TXT,bismark_cov_per_sample_tar,P2_intervention_auxiliary,liver DR/AL old-age processed TXT/COV-like files; intervention auxiliary,False,True,166493174,https://ftp.ncbi.nlm.nih.gov/geo/samples/GSM2430nnn/GSM2430577/suppl/GSM2430577_AL_26m_SE_Rep2_BS-seq.cov.txt.gz,/home/zdq-as/mouse_methyl_work/raw_downloads/geo_supplements_v11_3/GSE92486/GSM2430577_AL_26m_SE_Rep2_BS-seq.cov.txt.gz,already_verified_existing_path,0,,v11_3_verified_secondary_candidate
66,GSE92486,GSM2430578,GSM2430578_AL_26m_SE_Rep3_BS-seq.cov.txt.gz,TXT,bismark_cov_per_sample_tar,P2_intervention_auxiliary,liver DR/AL old-age processed TXT/COV-like files; intervention auxiliary,False,True,157458768,https://ftp.ncbi.nlm.nih.gov/geo/samples/GSM2430nnn/GSM2430578/suppl/GSM2430578_AL_26m_SE_Rep3_BS-seq.cov.txt.gz,/home/zdq-as/mouse_methyl_work/raw_downloads/geo_supplements_v11_3/GSE92486/GSM2430578_AL_26m_SE_Rep3_BS-seq.cov.txt.gz,already_verified_existing_path,0,,v11_3_verified_secondary_candidate
67,GSE92486,GSM2430579,GSM2430579_DR_26m_SE_Rep1_BS-seq.cov.txt.gz,TXT,bismark_cov_per_sample_tar,P2_intervention_auxiliary,liver DR/AL old-age processed TXT/COV-like files; intervention auxiliary,False,True,178527396,https://ftp.ncbi.nlm.nih.gov/geo/samples/GSM2430nnn/GSM2430579/suppl/GSM2430579_DR_26m_SE_Rep1_BS-seq.cov.txt.gz,/home/zdq-as/mouse_methyl_work/raw_downloads/geo_supplements_v11_3/GSE92486/GSM2430579_DR_26m_SE_Rep1_BS-seq.cov.txt.gz,already_verified_existing_path,0,,v11_3_verified_secondary_candidate
68,GSE92486,GSM2430580,GSM2430580_DR_26m_SE_Rep2_BS-seq.cov.txt.gz,TXT,bismark_cov_per_sample_tar,P2_intervention_auxiliary,liver DR/AL old-age processed TXT/COV-like files; intervention auxiliary,False,True,176106259,https://ftp.ncbi.nlm.nih.gov/geo/samples/GSM2430nnn/GSM2430580/suppl/GSM2430580_DR_26m_SE_Rep2_BS-seq.cov.txt.gz,/home/zdq-as/mouse_methyl_work/raw_downloads/geo_supplements_v11_3/GSE92486/GSM2430580_DR_26m_SE_Rep2_BS-seq.cov.txt.gz,already_verified_existing_path,0,,v11_3_verified_secondary_candidate
69,GSE92486,GSM2430581,GSM2430581_DR_26m_SE_Rep3_BS-seq.cov.txt.gz,TXT,bismark_cov_per_sample_tar,P2_intervention_auxiliary,liver DR/AL old-age processed TXT/COV-like files; intervention auxiliary,False,True,186992489,https://ftp.ncbi.nlm.nih.gov/geo/samples/GSM2430nnn/GSM2430581/suppl/GSM2430581_DR_26m_SE_Rep3_BS-seq.cov.txt.gz,/home/zdq-as/mouse_methyl_work/raw_downloads/geo_supplements_v11_3/GSE92486/GSM2430581_DR_26m_SE_Rep3_BS-seq.cov.txt.gz,already_verified_existing_path,0,,v11_3_verified_secondary_candidate
70,GSE224442,GSM7022431,GSM7022431_BZ11_CKDL200159086-1a-3_HC7TWCCX2_L2_1_val_1.fq.gz_bismark_bt2_pe.bismark.cov.gz,COV,bismark_cov_per_sample_tar,P2_intervention_auxiliary,blood/liver parabiosis processed COV; intervention auxiliary,False,True,29427691,https://ftp.ncbi.nlm.nih.gov/geo/samples/GSM7022nnn/GSM7022431/suppl/GSM7022431_BZ11_CKDL200159086-1a-3_HC7TWCCX2_L2_1_val_1.fq.gz_bismark_bt2_pe.bismark.cov.gz,/home/zdq-as/mouse_methyl_work/raw_downloads/geo_supplements_v11_3/GSE224442/GSM7022431_BZ11_CKDL200159086-1a-3_HC7TWCCX2_L2_1_val_1.fq.gz_bismark_bt2_pe.bismark.cov.gz,already_verified_existing_path,0,,v11_3_verified_secondary_candidate
71,GSE224442,GSM7022432,GSM7022432_BZ12_CKDL200159087-1a-3_HC7TWCCX2_L3_1_val_1.fq.gz_bismark_bt2_pe.bismark.cov.gz,COV,bismark_cov_per_sample_tar,P2_intervention_auxiliary,blood/liver parabiosis processed COV; intervention auxiliary,False,True,29188882,https://ftp.ncbi.nlm.nih.gov/geo/samples/GSM7022nnn/GSM7022432/suppl/GSM7022432_BZ12_CKDL200159087-1a-3_HC7TWCCX2_L3_1_val_1.fq.gz_bismark_bt2_pe.bismark.cov.gz,/home/zdq-as/mouse_methyl_work/raw_downloads/geo_supplements_v11_3/GSE224442/GSM7022432_BZ12_CKDL200159087-1a-3_HC7TWCCX2_L3_1_val_1.fq.gz_bismark_bt2_pe.bismark.cov.gz,already_verified_existing_path,0,,v11_3_verified_secondary_candidate
72,GSE224442,GSM7022433,GSM7022433_BZ13_CKDL200159088-1a-3_HC7TWCCX2_L4_1_val_1.fq.gz_bismark_bt2_pe.bismark.cov.gz,COV,bismark_cov_per_sample_tar,P2_intervention_auxiliary,blood/liver parabiosis processed COV; intervention auxiliary,False,True,30106083,https://ftp.ncbi.nlm.nih.gov/geo/samples/GSM7022nnn/GSM7022433/suppl/GSM7022433_BZ13_CKDL200159088-1a-3_HC7TWCCX2_L4_1_val_1.fq.gz_bismark_bt2_pe.bismark.cov.gz,/home/zdq-as/mouse_methyl_work/raw_downloads/geo_supplements_v11_3/GSE224442/GSM7022433_BZ13_CKDL200159088-1a-3_HC7TWCCX2_L4_1_val_1.fq.gz_bismark_bt2_pe.bismark.cov.gz,already_verified_existing_path,0,,v11_3_verified_secondary_candidate
73,GSE224442,GSM7022434,GSM7022434_BZ14_CKDL200159089-1a-3_HC7TWCCX2_L5_1_val_1.fq.gz_bismark_bt2_pe.bismark.cov.gz,COV,bismark_cov_per_sample_tar,P2_intervention_auxiliary,blood/liver parabiosis processed COV; intervention auxiliary,False,True,28154590,https://ftp.ncbi.nlm.nih.gov/geo/samples/GSM7022nnn/GSM7022434/suppl/GSM7022434_BZ14_CKDL200159089-1a-3_HC7TWCCX2_L5_1_val_1.fq.gz_bismark_bt2_pe.bismark.cov.gz,/home/zdq-as/mouse_methyl_work/raw_downloads/geo_supplements_v11_3/GSE224442/GSM7022434_BZ14_CKDL200159089-1a-3_HC7TWCCX2_L5_1_val_1.fq.gz_bismark_bt2_pe.bismark.cov.gz,already_verified_existing_path,0,,v11_3_verified_secondary_candidate
74,GSE224442,GSM7022435,GSM7022435_BZ15_CKDL200159090-1a-3_HC7TWCCX2_L6_1_val_1.fq.gz_bismark_bt2_pe.bismark.cov.gz,COV,bismark_cov_per_sample_tar,P2_intervention_auxiliary,blood/liver parabiosis processed COV; intervention auxiliary,False,True,35279357,https://ftp.ncbi.nlm.nih.gov/geo/samples/GSM7022nnn/GSM7022435/suppl/GSM7022435_BZ15_CKDL200159090-1a-3_HC7TWCCX2_L6_1_val_1.fq.gz_bismark_bt2_pe.bismark.cov.gz,/home/zdq-as/mouse_methyl_work/raw_downloads/geo_supplements_v11_3/GSE224442/GSM7022435_BZ15_CKDL200159090-1a-3_HC7TWCCX2_L6_1_val_1.fq.gz_bismark_bt2_pe.bismark.cov.gz,already_verified_existing_path,0,,v11_3_verified_secondary_candidate
75,GSE224442,GSM7022436,GSM7022436_BZ16_CKDL200159086-1a-6_HC7TWCCX2_L2_1_val_1.fq.gz_bismark_bt2_pe.bismark.cov.gz,COV,bismark_cov_per_sample_tar,P2_intervention_auxiliary,blood/liver parabiosis processed COV; intervention auxiliary,False,True,29681897,https://ftp.ncbi.nlm.nih.gov/geo/samples/GSM7022nnn/GSM7022436/suppl/GSM7022436_BZ16_CKDL200159086-1a-6_HC7TWCCX2_L2_1_val_1.fq.gz_bismark_bt2_pe.bismark.cov.gz,/home/zdq-as/mouse_methyl_work/raw_downloads/geo_supplements_v11_3/GSE224442/GSM7022436_BZ16_CKDL200159086-1a-6_HC7TWCCX2_L2_1_val_1.fq.gz_bismark_bt2_pe.bismark.cov.gz,already_verified_existing_path,0,,v11_3_verified_secondary_candidate
76,GSE224442,GSM7022437,GSM7022437_BZ21_CKDL200159086-1a-7_HC7TWCCX2_L2_1_val_1.fq.gz_bismark_bt2_pe.bismark.cov.gz,COV,bismark_cov_per_sample_tar,P2_intervention_auxiliary,blood/liver parabiosis processed COV; intervention auxiliary,False,True,26637464,https://ftp.ncbi.nlm.nih.gov/geo/samples/GSM7022nnn/GSM7022437/suppl/GSM7022437_BZ21_CKDL200159086-1a-7_HC7TWCCX2_L2_1_val_1.fq.gz_bismark_bt2_pe.bismark.cov.gz,/home/zdq-as/mouse_methyl_work/raw_downloads/geo_supplements_v11_3/GSE224442/GSM7022437_BZ21_CKDL200159086-1a-7_HC7TWCCX2_L2_1_val_1.fq.gz_bismark_bt2_pe.bismark.cov.gz,already_verified_existing_path,0,,v11_3_verified_secondary_candidate
77,GSE224442,GSM7022438,GSM7022438_BZ22_CKDL200159087-1a-6_HC7TWCCX2_L3_1_val_1.fq.gz_bismark_bt2_pe.bismark.cov.gz,COV,bismark_cov_per_sample_tar,P2_intervention_auxiliary,blood/liver parabiosis processed COV; intervention auxiliary,False,True,30305036,https://ftp.ncbi.nlm.nih.gov/geo/samples/GSM7022nnn/GSM7022438/suppl/GSM7022438_BZ22_CKDL200159087-1a-6_HC7TWCCX2_L3_1_val_1.fq.gz_bismark_bt2_pe.bismark.cov.gz,/home/zdq-as/mouse_methyl_work/raw_downloads/geo_supplements_v11_3/GSE224442/GSM7022438_BZ22_CKDL200159087-1a-6_HC7TWCCX2_L3_1_val_1.fq.gz_bismark_bt2_pe.bismark.cov.gz,already_verified_existing_path,0,,v11_3_verified_secondary_candidate
78,GSE224442,GSM7022439,GSM7022439_BZ23_CKDL200159088-1a-6_HC7TWCCX2_L4_1_val_1.fq.gz_bismark_bt2_pe.bismark.cov.gz,COV,bismark_cov_per_sample_tar,P2_intervention_auxiliary,blood/liver parabiosis processed COV; intervention auxiliary,False,True,30535925,https://ftp.ncbi.nlm.nih.gov/geo/samples/GSM7022nnn/GSM7022439/suppl/GSM7022439_BZ23_CKDL200159088-1a-6_HC7TWCCX2_L4_1_val_1.fq.gz_bismark_bt2_pe.bismark.cov.gz,/home/zdq-as/mouse_methyl_work/raw_downloads/geo_supplements_v11_3/GSE224442/GSM7022439_BZ23_CKDL200159088-1a-6_HC7TWCCX2_L4_1_val_1.fq.gz_bismark_bt2_pe.bismark.cov.gz,already_verified_existing_path,0,,v11_3_verified_secondary_candidate
79,GSE224442,GSM7022440,GSM7022440_BZ24_CKDL200159089-1a-6_HC7TWCCX2_L5_1_val_1.fq.gz_bismark_bt2_pe.bismark.cov.gz,COV,bismark_cov_per_sample_tar,P2_intervention_auxiliary,blood/liver parabiosis processed COV; intervention auxiliary,False,True,27492968,https://ftp.ncbi.nlm.nih.gov/geo/samples/GSM7022nnn/GSM7022440/suppl/GSM7022440_BZ24_CKDL200159089-1a-6_HC7TWCCX2_L5_1_val_1.fq.gz_bismark_bt2_pe.bismark.cov.gz,/home/zdq-as/mouse_methyl_work/raw_downloads/geo_supplements_v11_3/GSE224442/GSM7022440_BZ24_CKDL200159089-1a-6_HC7TWCCX2_L5_1_val_1.fq.gz_bismark_bt2_pe.bismark.cov.gz,already_verified_existing_path,0,,v11_3_verified_secondary_candidate
80,GSE224442,GSM7022441,GSM7022441_BZ25_CKDL200159090-1a-6_HC7TWCCX2_L6_1_val_1.fq.gz_bismark_bt2_pe.bismark.cov.gz,COV,bismark_cov_per_sample_tar,P2_intervention_auxiliary,blood/liver parabiosis processed COV; intervention auxiliary,False,True,29464279,https://ftp.ncbi.nlm.nih.gov/geo/samples/GSM7022nnn/GSM7022441/suppl/GSM7022441_BZ25_CKDL200159090-1a-6_HC7TWCCX2_L6_1_val_1.fq.gz_bismark_bt2_pe.bismark.cov.gz,/home/zdq-as/mouse_methyl_work/raw_downloads/geo_supplements_v11_3/GSE224442/GSM7022441_BZ25_CKDL200159090-1a-6_HC7TWCCX2_L6_1_val_1.fq.gz_bismark_bt2_pe.bismark.cov.gz,already_verified_existing_path,0,,v11_3_verified_secondary_candidate
81,GSE224442,GSM7022442,GSM7022442_BZ26_CKDL200159087-1a-7_HC7TWCCX2_L3_1_val_1.fq.gz_bismark_bt2_pe.bismark.cov.gz,COV,bismark_cov_per_sample_tar,P2_intervention_auxiliary,blood/liver parabiosis processed COV; intervention auxiliary,False,True,25289177,https://ftp.ncbi.nlm.nih.gov/geo/samples/GSM7022nnn/GSM7022442/suppl/GSM7022442_BZ26_CKDL200159087-1a-7_HC7TWCCX2_L3_1_val_1.fq.gz_bismark_bt2_pe.bismark.cov.gz,/home/zdq-as/mouse_methyl_work/raw_downloads/geo_supplements_v11_3/GSE224442/GSM7022442_BZ26_CKDL200159087-1a-7_HC7TWCCX2_L3_1_val_1.fq.gz_bismark_bt2_pe.bismark.cov.gz,already_verified_existing_path,0,,v11_3_verified_secondary_candidate
82,GSE224442,GSM7022443,GSM7022443_BZ71_CKDL200159086-1a-22_HC7TWCCX2_L2_1_val_1.fq.gz_bismark_bt2_pe.bismark.cov.gz,COV,bismark_cov_per_sample_tar,P2_intervention_auxiliary,blood/liver parabiosis processed COV; intervention auxiliary,False,True,29273850,https://ftp.ncbi.nlm.nih.gov/geo/samples/GSM7022nnn/GSM7022443/suppl/GSM7022443_BZ71_CKDL200159086-1a-22_HC7TWCCX2_L2_1_val_1.fq.gz_bismark_bt2_pe.bismark.cov.gz,/home/zdq-as/mouse_methyl_work/raw_downloads/geo_supplements_v11_3/GSE224442/GSM7022443_BZ71_CKDL200159086-1a-22_HC7TWCCX2_L2_1_val_1.fq.gz_bismark_bt2_pe.bismark.cov.gz,already_verified_existing_path,0,,v11_3_verified_secondary_candidate
83,GSE224442,GSM7022444,GSM7022444_BZ72_CKDL200159087-1a-22_HC7TWCCX2_L3_1_val_1.fq.gz_bismark_bt2_pe.bismark.cov.gz,COV,bismark_cov_per_sample_tar,P2_intervention_auxiliary,blood/liver parabiosis processed COV; intervention auxiliary,False,True,31471196,https://ftp.ncbi.nlm.nih.gov/geo/samples/GSM7022nnn/GSM7022444/suppl/GSM7022444_BZ72_CKDL200159087-1a-22_HC7TWCCX2_L3_1_val_1.fq.gz_bismark_bt2_pe.bismark.cov.gz,/home/zdq-as/mouse_methyl_work/raw_downloads/geo_supplements_v11_3/GSE224442/GSM7022444_BZ72_CKDL200159087-1a-22_HC7TWCCX2_L3_1_val_1.fq.gz_bismark_bt2_pe.bismark.cov.gz,already_verified_existing_path,0,,v11_3_verified_secondary_candidate
84,GSE224442,GSM7022445,GSM7022445_BZ73_CKDL200159088-1a-22_HC7TWCCX2_L4_1_val_1.fq.gz_bismark_bt2_pe.bismark.cov.gz,COV,bismark_cov_per_sample_tar,P2_intervention_auxiliary,blood/liver parabiosis processed COV; intervention auxiliary,False,True,31824180,https://ftp.ncbi.nlm.nih.gov/geo/samples/GSM7022nnn/GSM7022445/suppl/GSM7022445_BZ73_CKDL200159088-1a-22_HC7TWCCX2_L4_1_val_1.fq.gz_bismark_bt2_pe.bismark.cov.gz,/home/zdq-as/mouse_methyl_work/raw_downloads/geo_supplements_v11_3/GSE224442/GSM7022445_BZ73_CKDL200159088-1a-22_HC7TWCCX2_L4_1_val_1.fq.gz_bismark_bt2_pe.bismark.cov.gz,already_verified_existing_path,0,,v11_3_verified_secondary_candidate
85,GSE224442,GSM7022446,GSM7022446_BZ74_CKDL200159089-1a-15_HC7TWCCX2_L5_1_val_1.fq.gz_bismark_bt2_pe.bismark.cov.gz,COV,bismark_cov_per_sample_tar,P2_intervention_auxiliary,blood/liver parabiosis processed COV; intervention auxiliary,False,True,27781505,https://ftp.ncbi.nlm.nih.gov/geo/samples/GSM7022nnn/GSM7022446/suppl/GSM7022446_BZ74_CKDL200159089-1a-15_HC7TWCCX2_L5_1_val_1.fq.gz_bismark_bt2_pe.bismark.cov.gz,/home/zdq-as/mouse_methyl_work/raw_downloads/geo_supplements_v11_3/GSE224442/GSM7022446_BZ74_CKDL200159089-1a-15_HC7TWCCX2_L5_1_val_1.fq.gz_bismark_bt2_pe.bismark.cov.gz,already_verified_existing_path,0,,v11_3_verified_secondary_candidate
86,GSE224442,GSM7022447,GSM7022447_BZ75_CKDL200159090-1a-15_HC7TWCCX2_L6_1_val_1.fq.gz_bismark_bt2_pe.bismark.cov.gz,COV,bismark_cov_per_sample_tar,P2_intervention_auxiliary,blood/liver parabiosis processed COV; intervention auxiliary,False,True,29241890,https://ftp.ncbi.nlm.nih.gov/geo/samples/GSM7022nnn/GSM7022447/suppl/GSM7022447_BZ75_CKDL200159090-1a-15_HC7TWCCX2_L6_1_val_1.fq.gz_bismark_bt2_pe.bismark.cov.gz,/home/zdq-as/mouse_methyl_work/raw_downloads/geo_supplements_v11_3/GSE224442/GSM7022447_BZ75_CKDL200159090-1a-15_HC7TWCCX2_L6_1_val_1.fq.gz_bismark_bt2_pe.bismark.cov.gz,already_verified_existing_path,0,,v11_3_verified_secondary_candidate
87,GSE224442,GSM7022448,GSM7022448_BZ81_CKDL200159086-1a-23_HC7TWCCX2_L2_1_val_1.fq.gz_bismark_bt2_pe.bismark.cov.gz,COV,bismark_cov_per_sample_tar,P2_intervention_auxiliary,blood/liver parabiosis processed COV; intervention auxiliary,False,True,26227678,https://ftp.ncbi.nlm.nih.gov/geo/samples/GSM7022nnn/GSM7022448/suppl/GSM7022448_BZ81_CKDL200159086-1a-23_HC7TWCCX2_L2_1_val_1.fq.gz_bismark_bt2_pe.bismark.cov.gz,/home/zdq-as/mouse_methyl_work/raw_downloads/geo_supplements_v11_3/GSE224442/GSM7022448_BZ81_CKDL200159086-1a-23_HC7TWCCX2_L2_1_val_1.fq.gz_bismark_bt2_pe.bismark.cov.gz,already_verified_existing_path,0,,v11_3_verified_secondary_candidate
88,GSE224442,GSM7022449,GSM7022449_BZ82_CKDL200159087-1a-23_HC7TWCCX2_L3_1_val_1.fq.gz_bismark_bt2_pe.bismark.cov.gz,COV,bismark_cov_per_sample_tar,P2_intervention_auxiliary,blood/liver parabiosis processed COV; intervention auxiliary,False,True,27201820,https://ftp.ncbi.nlm.nih.gov/geo/samples/GSM7022nnn/GSM7022449/suppl/GSM7022449_BZ82_CKDL200159087-1a-23_HC7TWCCX2_L3_1_val_1.fq.gz_bismark_bt2_pe.bismark.cov.gz,/home/zdq-as/mouse_methyl_work/raw_downloads/geo_supplements_v11_3/GSE224442/GSM7022449_BZ82_CKDL200159087-1a-23_HC7TWCCX2_L3_1_val_1.fq.gz_bismark_bt2_pe.bismark.cov.gz,already_verified_existing_path,0,,v11_3_verified_secondary_candidate
89,GSE224442,GSM7022450,GSM7022450_BZ83_CKDL200159088-1a-23_HC7TWCCX2_L4_1_val_1.fq.gz_bismark_bt2_pe.bismark.cov.gz,COV,bismark_cov_per_sample_tar,P2_intervention_auxiliary,blood/liver parabiosis processed COV; intervention auxiliary,False,True,28421450,https://ftp.ncbi.nlm.nih.gov/geo/samples/GSM7022nnn/GSM7022450/suppl/GSM7022450_BZ83_CKDL200159088-1a-23_HC7TWCCX2_L4_1_val_1.fq.gz_bismark_bt2_pe.bismark.cov.gz,/home/zdq-as/mouse_methyl_work/raw_downloads/geo_supplements_v11_3/GSE224442/GSM7022450_BZ83_CKDL200159088-1a-23_HC7TWCCX2_L4_1_val_1.fq.gz_bismark_bt2_pe.bismark.cov.gz,already_verified_existing_path,0,,v11_3_verified_secondary_candidate
90,GSE224442,GSM7022451,GSM7022451_BZ84_CKDL200159089-1a-18_HC7TWCCX2_L5_1_val_1.fq.gz_bismark_bt2_pe.bismark.cov.gz,COV,bismark_cov_per_sample_tar,P2_intervention_auxiliary,blood/liver parabiosis processed COV; intervention auxiliary,False,True,29621471,https://ftp.ncbi.nlm.nih.gov/geo/samples/GSM7022nnn/GSM7022451/suppl/GSM7022451_BZ84_CKDL200159089-1a-18_HC7TWCCX2_L5_1_val_1.fq.gz_bismark_bt2_pe.bismark.cov.gz,/home/zdq-as/mouse_methyl_work/raw_downloads/geo_supplements_v11_3/GSE224442/GSM7022451_BZ84_CKDL200159089-1a-18_HC7TWCCX2_L5_1_val_1.fq.gz_bismark_bt2_pe.bismark.cov.gz,already_verified_existing_path,0,,v11_3_verified_secondary_candidate
91,GSE224442,GSM7022452,GSM7022452_BZ85_CKDL200159090-1a-18_HC7TWCCX2_L6_1_val_1.fq.gz_bismark_bt2_pe.bismark.cov.gz,COV,bismark_cov_per_sample_tar,P2_intervention_auxiliary,blood/liver parabiosis processed COV; intervention auxiliary,False,True,30720257,https://ftp.ncbi.nlm.nih.gov/geo/samples/GSM7022nnn/GSM7022452/suppl/GSM7022452_BZ85_CKDL200159090-1a-18_HC7TWCCX2_L6_1_val_1.fq.gz_bismark_bt2_pe.bismark.cov.gz,/home/zdq-as/mouse_methyl_work/raw_downloads/geo_supplements_v11_3/GSE224442/GSM7022452_BZ85_CKDL200159090-1a-18_HC7TWCCX2_L6_1_val_1.fq.gz_bismark_bt2_pe.bismark.cov.gz,already_verified_existing_path,0,,v11_3_verified_secondary_candidate
92,GSE224442,GSM7501770,GSM7501770_BZ31_CKDL200159086-1a-8_HC7TWCCX2_L2_1_val_1.fq.gz_bismark_bt2_pe.bismark.cov.gz,COV,bismark_cov_per_sample_tar,P2_intervention_auxiliary,blood/liver parabiosis processed COV; intervention auxiliary,False,True,26254024,https://ftp.ncbi.nlm.nih.gov/geo/samples/GSM7501nnn/GSM7501770/suppl/GSM7501770_BZ31_CKDL200159086-1a-8_HC7TWCCX2_L2_1_val_1.fq.gz_bismark_bt2_pe.bismark.cov.gz,/home/zdq-as/mouse_methyl_work/raw_downloads/geo_supplements_v11_3/GSE224442/GSM7501770_BZ31_CKDL200159086-1a-8_HC7TWCCX2_L2_1_val_1.fq.gz_bismark_bt2_pe.bismark.cov.gz,already_verified_existing_path,0,,v11_3_verified_secondary_candidate
93,GSE224442,GSM7501771,GSM7501771_BZ32_CKDL200159087-1a-8_HC7TWCCX2_L3_1_val_1.fq.gz_bismark_bt2_pe.bismark.cov.gz,COV,bismark_cov_per_sample_tar,P2_intervention_auxiliary,blood/liver parabiosis processed COV; intervention auxiliary,False,True,24528454,https://ftp.ncbi.nlm.nih.gov/geo/samples/GSM7501nnn/GSM7501771/suppl/GSM7501771_BZ32_CKDL200159087-1a-8_HC7TWCCX2_L3_1_val_1.fq.gz_bismark_bt2_pe.bismark.cov.gz,/home/zdq-as/mouse_methyl_work/raw_downloads/geo_supplements_v11_3/GSE224442/GSM7501771_BZ32_CKDL200159087-1a-8_HC7TWCCX2_L3_1_val_1.fq.gz_bismark_bt2_pe.bismark.cov.gz,already_verified_existing_path,0,,v11_3_verified_secondary_candidate
94,GSE224442,GSM7501772,GSM7501772_BZ33_CKDL200159088-1a-7_HC7TWCCX2_L4_1_val_1.fq.gz_bismark_bt2_pe.bismark.cov.gz,COV,bismark_cov_per_sample_tar,P2_intervention_auxiliary,blood/liver parabiosis processed COV; intervention auxiliary,False,True,27422402,https://ftp.ncbi.nlm.nih.gov/geo/samples/GSM7501nnn/GSM7501772/suppl/GSM7501772_BZ33_CKDL200159088-1a-7_HC7TWCCX2_L4_1_val_1.fq.gz_bismark_bt2_pe.bismark.cov.gz,/home/zdq-as/mouse_methyl_work/raw_downloads/geo_supplements_v11_3/GSE224442/GSM7501772_BZ33_CKDL200159088-1a-7_HC7TWCCX2_L4_1_val_1.fq.gz_bismark_bt2_pe.bismark.cov.gz,already_verified_existing_path,0,,v11_3_verified_secondary_candidate
95,GSE224442,GSM7501773,GSM7501773_BZ34_CKDL200159089-1a-7_HC7TWCCX2_L5_1_val_1.fq.gz_bismark_bt2_pe.bismark.cov.gz,COV,bismark_cov_per_sample_tar,P2_intervention_auxiliary,blood/liver parabiosis processed COV; intervention auxiliary,False,True,26662191,https://ftp.ncbi.nlm.nih.gov/geo/samples/GSM7501nnn/GSM7501773/suppl/GSM7501773_BZ34_CKDL200159089-1a-7_HC7TWCCX2_L5_1_val_1.fq.gz_bismark_bt2_pe.bismark.cov.gz,/home/zdq-as/mouse_methyl_work/raw_downloads/geo_supplements_v11_3/GSE224442/GSM7501773_BZ34_CKDL200159089-1a-7_HC7TWCCX2_L5_1_val_1.fq.gz_bismark_bt2_pe.bismark.cov.gz,already_verified_existing_path,0,,v11_3_verified_secondary_candidate
96,GSE224442,GSM7501774,GSM7501774_BZ35_CKDL200159090-1a-7_HC7TWCCX2_L6_1_val_1.fq.gz_bismark_bt2_pe.bismark.cov.gz,COV,bismark_cov_per_sample_tar,P2_intervention_auxiliary,blood/liver parabiosis processed COV; intervention auxiliary,False,True,30820567,https://ftp.ncbi.nlm.nih.gov/geo/samples/GSM7501nnn/GSM7501774/suppl/GSM7501774_BZ35_CKDL200159090-1a-7_HC7TWCCX2_L6_1_val_1.fq.gz_bismark_bt2_pe.bismark.cov.gz,/home/zdq-as/mouse_methyl_work/raw_downloads/geo_supplements_v11_3/GSE224442/GSM7501774_BZ35_CKDL200159090-1a-7_HC7TWCCX2_L6_1_val_1.fq.gz_bismark_bt2_pe.bismark.cov.gz,already_verified_existing_path,0,,v11_3_verified_secondary_candidate
97,GSE224442,GSM7501775,GSM7501775_BZ36_CKDL200159088-1a-8_HC7TWCCX2_L4_1_val_1.fq.gz_bismark_bt2_pe.bismark.cov.gz,COV,bismark_cov_per_sample_tar,P2_intervention_auxiliary,blood/liver parabiosis processed COV; intervention auxiliary,False,True,27659945,https://ftp.ncbi.nlm.nih.gov/geo/samples/GSM7501nnn/GSM7501775/suppl/GSM7501775_BZ36_CKDL200159088-1a-8_HC7TWCCX2_L4_1_val_1.fq.gz_bismark_bt2_pe.bismark.cov.gz,/home/zdq-as/mouse_methyl_work/raw_downloads/geo_supplements_v11_3/GSE224442/GSM7501775_BZ36_CKDL200159088-1a-8_HC7TWCCX2_L4_1_val_1.fq.gz_bismark_bt2_pe.bismark.cov.gz,already_verified_existing_path,0,,v11_3_verified_secondary_candidate
98,GSE224442,GSM7501776,GSM7501776_BZ41_CKDL200159086-1a-10_HC7TWCCX2_L2_1_val_1.fq.gz_bismark_bt2_pe.bismark.cov.gz,COV,bismark_cov_per_sample_tar,P2_intervention_auxiliary,blood/liver parabiosis processed COV; intervention auxiliary,False,True,29672871,https://ftp.ncbi.nlm.nih.gov/geo/samples/GSM7501nnn/GSM7501776/suppl/GSM7501776_BZ41_CKDL200159086-1a-10_HC7TWCCX2_L2_1_val_1.fq.gz_bismark_bt2_pe.bismark.cov.gz,/home/zdq-as/mouse_methyl_work/raw_downloads/geo_supplements_v11_3/GSE224442/GSM7501776_BZ41_CKDL200159086-1a-10_HC7TWCCX2_L2_1_val_1.fq.gz_bismark_bt2_pe.bismark.cov.gz,already_verified_existing_path,0,,v11_3_verified_secondary_candidate
99,GSE224442,GSM7501777,GSM7501777_BZ42_CKDL200159087-1a-10_HC7TWCCX2_L3_1_val_1.fq.gz_bismark_bt2_pe.bismark.cov.gz,COV,bismark_cov_per_sample_tar,P2_intervention_auxiliary,blood/liver parabiosis processed COV; intervention auxiliary,False,True,29556248,https://ftp.ncbi.nlm.nih.gov/geo/samples/GSM7501nnn/GSM7501777/suppl/GSM7501777_BZ42_CKDL200159087-1a-10_HC7TWCCX2_L3_1_val_1.fq.gz_bismark_bt2_pe.bismark.cov.gz,/home/zdq-as/mouse_methyl_work/raw_downloads/geo_supplements_v11_3/GSE224442/GSM7501777_BZ42_CKDL200159087-1a-10_HC7TWCCX2_L3_1_val_1.fq.gz_bismark_bt2_pe.bismark.cov.gz,already_verified_existing_path,0,,v11_3_verified_secondary_candidate
100,GSE224442,GSM7501778,GSM7501778_BZ43_CKDL200159088-1a-10_HC7TWCCX2_L4_1_val_1.fq.gz_bismark_bt2_pe.bismark.cov.gz,COV,bismark_cov_per_sample_tar,P2_intervention_auxiliary,blood/liver parabiosis processed COV; intervention auxiliary,False,True,31433383,https://ftp.ncbi.nlm.nih.gov/geo/samples/GSM7501nnn/GSM7501778/suppl/GSM7501778_BZ43_CKDL200159088-1a-10_HC7TWCCX2_L4_1_val_1.fq.gz_bismark_bt2_pe.bismark.cov.gz,/home/zdq-as/mouse_methyl_work/raw_downloads/geo_supplements_v11_3/GSE224442/GSM7501778_BZ43_CKDL200159088-1a-10_HC7TWCCX2_L4_1_val_1.fq.gz_bismark_bt2_pe.bismark.cov.gz,already_verified_existing_path,0,,v11_3_verified_secondary_candidate
101,GSE224442,GSM7501779,GSM7501779_BZ44_CKDL200159089-1a-8_HC7TWCCX2_L5_1_val_1.fq.gz_bismark_bt2_pe.bismark.cov.gz,COV,bismark_cov_per_sample_tar,P2_intervention_auxiliary,blood/liver parabiosis processed COV; intervention auxiliary,False,True,31703711,https://ftp.ncbi.nlm.nih.gov/geo/samples/GSM7501nnn/GSM7501779/suppl/GSM7501779_BZ44_CKDL200159089-1a-8_HC7TWCCX2_L5_1_val_1.fq.gz_bismark_bt2_pe.bismark.cov.gz,/home/zdq-as/mouse_methyl_work/raw_downloads/geo_supplements_v11_3/GSE224442/GSM7501779_BZ44_CKDL200159089-1a-8_HC7TWCCX2_L5_1_val_1.fq.gz_bismark_bt2_pe.bismark.cov.gz,already_verified_existing_path,0,,v11_3_verified_secondary_candidate
102,GSE224442,GSM7501780,GSM7501780_BZ45_CKDL200159090-1a-8_HC7TWCCX2_L6_1_val_1.fq.gz_bismark_bt2_pe.bismark.cov.gz,COV,bismark_cov_per_sample_tar,P2_intervention_auxiliary,blood/liver parabiosis processed COV; intervention auxiliary,False,True,31082439,https://ftp.ncbi.nlm.nih.gov/geo/samples/GSM7501nnn/GSM7501780/suppl/GSM7501780_BZ45_CKDL200159090-1a-8_HC7TWCCX2_L6_1_val_1.fq.gz_bismark_bt2_pe.bismark.cov.gz,/home/zdq-as/mouse_methyl_work/raw_downloads/geo_supplements_v11_3/GSE224442/GSM7501780_BZ45_CKDL200159090-1a-8_HC7TWCCX2_L6_1_val_1.fq.gz_bismark_bt2_pe.bismark.cov.gz,already_verified_existing_path,0,,v11_3_verified_secondary_candidate
103,GSE224442,GSM7501781,GSM7501781_BZ46_CKDL200159087-1a-11_HC7TWCCX2_L3_1_val_1.fq.gz_bismark_bt2_pe.bismark.cov.gz,COV,bismark_cov_per_sample_tar,P2_intervention_auxiliary,blood/liver parabiosis processed COV; intervention auxiliary,False,True,25684151,https://ftp.ncbi.nlm.nih.gov/geo/samples/GSM7501nnn/GSM7501781/suppl/GSM7501781_BZ46_CKDL200159087-1a-11_HC7TWCCX2_L3_1_val_1.fq.gz_bismark_bt2_pe.bismark.cov.gz,/home/zdq-as/mouse_methyl_work/raw_downloads/geo_supplements_v11_3/GSE224442/GSM7501781_BZ46_CKDL200159087-1a-11_HC7TWCCX2_L3_1_val_1.fq.gz_bismark_bt2_pe.bismark.cov.gz,already_verified_existing_path,0,,v11_3_verified_secondary_candidate
104,GSE224442,GSM7501782,GSM7501782_BZ47_CKDL200159088-1a-11_HC7TWCCX2_L4_1_val_1.fq.gz_bismark_bt2_pe.bismark.cov.gz,COV,bismark_cov_per_sample_tar,P2_intervention_auxiliary,blood/liver parabiosis processed COV; intervention auxiliary,False,True,27209985,https://ftp.ncbi.nlm.nih.gov/geo/samples/GSM7501nnn/GSM7501782/suppl/GSM7501782_BZ47_CKDL200159088-1a-11_HC7TWCCX2_L4_1_val_1.fq.gz_bismark_bt2_pe.bismark.cov.gz,/home/zdq-as/mouse_methyl_work/raw_downloads/geo_supplements_v11_3/GSE224442/GSM7501782_BZ47_CKDL200159088-1a-11_HC7TWCCX2_L4_1_val_1.fq.gz_bismark_bt2_pe.bismark.cov.gz,already_verified_existing_path,0,,v11_3_verified_secondary_candidate
105,GSE224442,GSM7501783,GSM7501783_BZ51_CKDL200159086-1a-11_HC7TWCCX2_L2_1_val_1.fq.gz_bismark_bt2_pe.bismark.cov.gz,COV,bismark_cov_per_sample_tar,P2_intervention_auxiliary,blood/liver parabiosis processed COV; intervention auxiliary,False,True,25688717,https://ftp.ncbi.nlm.nih.gov/geo/samples/GSM7501nnn/GSM7501783/suppl/GSM7501783_BZ51_CKDL200159086-1a-11_HC7TWCCX2_L2_1_val_1.fq.gz_bismark_bt2_pe.bismark.cov.gz,/home/zdq-as/mouse_methyl_work/raw_downloads/geo_supplements_v11_3/GSE224442/GSM7501783_BZ51_CKDL200159086-1a-11_HC7TWCCX2_L2_1_val_1.fq.gz_bismark_bt2_pe.bismark.cov.gz,already_verified_existing_path,0,,v11_3_verified_secondary_candidate
106,GSE224442,GSM7501784,GSM7501784_BZ52_CKDL200159087-1a-15_HC7TWCCX2_L3_1_val_1.fq.gz_bismark_bt2_pe.bismark.cov.gz,COV,bismark_cov_per_sample_tar,P2_intervention_auxiliary,blood/liver parabiosis processed COV; intervention auxiliary,False,True,23718849,https://ftp.ncbi.nlm.nih.gov/geo/samples/GSM7501nnn/GSM7501784/suppl/GSM7501784_BZ52_CKDL200159087-1a-15_HC7TWCCX2_L3_1_val_1.fq.gz_bismark_bt2_pe.bismark.cov.gz,/home/zdq-as/mouse_methyl_work/raw_downloads/geo_supplements_v11_3/GSE224442/GSM7501784_BZ52_CKDL200159087-1a-15_HC7TWCCX2_L3_1_val_1.fq.gz_bismark_bt2_pe.bismark.cov.gz,already_verified_existing_path,0,,v11_3_verified_secondary_candidate
107,GSE224442,GSM7501785,GSM7501785_BZ53_CKDL200159088-1a-15_HC7TWCCX2_L4_1_val_1.fq.gz_bismark_bt2_pe.bismark.cov.gz,COV,bismark_cov_per_sample_tar,P2_intervention_auxiliary,blood/liver parabiosis processed COV; intervention auxiliary,False,True,27064195,https://ftp.ncbi.nlm.nih.gov/geo/samples/GSM7501nnn/GSM7501785/suppl/GSM7501785_BZ53_CKDL200159088-1a-15_HC7TWCCX2_L4_1_val_1.fq.gz_bismark_bt2_pe.bismark.cov.gz,/home/zdq-as/mouse_methyl_work/raw_downloads/geo_supplements_v11_3/GSE224442/GSM7501785_BZ53_CKDL200159088-1a-15_HC7TWCCX2_L4_1_val_1.fq.gz_bismark_bt2_pe.bismark.cov.gz,already_verified_existing_path,0,,v11_3_verified_secondary_candidate
108,GSE224442,GSM7501786,GSM7501786_BZ54_CKDL200159089-1a-10_HC7TWCCX2_L5_1_val_1.fq.gz_bismark_bt2_pe.bismark.cov.gz,COV,bismark_cov_per_sample_tar,P2_intervention_auxiliary,blood/liver parabiosis processed COV; intervention auxiliary,False,True,25346086,https://ftp.ncbi.nlm.nih.gov/geo/samples/GSM7501nnn/GSM7501786/suppl/GSM7501786_BZ54_CKDL200159089-1a-10_HC7TWCCX2_L5_1_val_1.fq.gz_bismark_bt2_pe.bismark.cov.gz,/home/zdq-as/mouse_methyl_work/raw_downloads/geo_supplements_v11_3/GSE224442/GSM7501786_BZ54_CKDL200159089-1a-10_HC7TWCCX2_L5_1_val_1.fq.gz_bismark_bt2_pe.bismark.cov.gz,already_verified_existing_path,0,,v11_3_verified_secondary_candidate
109,GSE224442,GSM7501787,GSM7501787_BZ55_CKDL200159090-1a-10_HC7TWCCX2_L6_1_val_1.fq.gz_bismark_bt2_pe.bismark.cov.gz,COV,bismark_cov_per_sample_tar,P2_intervention_auxiliary,blood/liver parabiosis processed COV; intervention auxiliary,False,True,29425126,https://ftp.ncbi.nlm.nih.gov/geo/samples/GSM7501nnn/GSM7501787/suppl/GSM7501787_BZ55_CKDL200159090-1a-10_HC7TWCCX2_L6_1_val_1.fq.gz_bismark_bt2_pe.bismark.cov.gz,/home/zdq-as/mouse_methyl_work/raw_downloads/geo_supplements_v11_3/GSE224442/GSM7501787_BZ55_CKDL200159090-1a-10_HC7TWCCX2_L6_1_val_1.fq.gz_bismark_bt2_pe.bismark.cov.gz,already_verified_existing_path,0,,v11_3_verified_secondary_candidate
110,GSE224442,GSM7501788,GSM7501788_BZ61_CKDL200159086-1a-15_HC7TWCCX2_L2_1_val_1.fq.gz_bismark_bt2_pe.bismark.cov.gz,COV,bismark_cov_per_sample_tar,P2_intervention_auxiliary,blood/liver parabiosis processed COV; intervention auxiliary,False,True,27133631,https://ftp.ncbi.nlm.nih.gov/geo/samples/GSM7501nnn/GSM7501788/suppl/GSM7501788_BZ61_CKDL200159086-1a-15_HC7TWCCX2_L2_1_val_1.fq.gz_bismark_bt2_pe.bismark.cov.gz,/home/zdq-as/mouse_methyl_work/raw_downloads/geo_supplements_v11_3/GSE224442/GSM7501788_BZ61_CKDL200159086-1a-15_HC7TWCCX2_L2_1_val_1.fq.gz_bismark_bt2_pe.bismark.cov.gz,already_verified_existing_path,0,,v11_3_verified_secondary_candidate
111,GSE224442,GSM7501789,GSM7501789_BZ62_CKDL200159087-1a-18_HC7TWCCX2_L3_1_val_1.fq.gz_bismark_bt2_pe.bismark.cov.gz,COV,bismark_cov_per_sample_tar,P2_intervention_auxiliary,blood/liver parabiosis processed COV; intervention auxiliary,False,True,30286559,https://ftp.ncbi.nlm.nih.gov/geo/samples/GSM7501nnn/GSM7501789/suppl/GSM7501789_BZ62_CKDL200159087-1a-18_HC7TWCCX2_L3_1_val_1.fq.gz_bismark_bt2_pe.bismark.cov.gz,/home/zdq-as/mouse_methyl_work/raw_downloads/geo_supplements_v11_3/GSE224442/GSM7501789_BZ62_CKDL200159087-1a-18_HC7TWCCX2_L3_1_val_1.fq.gz_bismark_bt2_pe.bismark.cov.gz,already_verified_existing_path,0,,v11_3_verified_secondary_candidate
112,GSE224442,GSM7501790,GSM7501790_BZ63_CKDL200159088-1a-18_HC7TWCCX2_L4_1_val_1.fq.gz_bismark_bt2_pe.bismark.cov.gz,COV,bismark_cov_per_sample_tar,P2_intervention_auxiliary,blood/liver parabiosis processed COV; intervention auxiliary,False,True,32296080,https://ftp.ncbi.nlm.nih.gov/geo/samples/GSM7501nnn/GSM7501790/suppl/GSM7501790_BZ63_CKDL200159088-1a-18_HC7TWCCX2_L4_1_val_1.fq.gz_bismark_bt2_pe.bismark.cov.gz,/home/zdq-as/mouse_methyl_work/raw_downloads/geo_supplements_v11_3/GSE224442/GSM7501790_BZ63_CKDL200159088-1a-18_HC7TWCCX2_L4_1_val_1.fq.gz_bismark_bt2_pe.bismark.cov.gz,already_verified_existing_path,0,,v11_3_verified_secondary_candidate
113,GSE224442,GSM7501791,GSM7501791_BZ64_CKDL200159089-1a-11_HC7TWCCX2_L5_1_val_1.fq.gz_bismark_bt2_pe.bismark.cov.gz,COV,bismark_cov_per_sample_tar,P2_intervention_auxiliary,blood/liver parabiosis processed COV; intervention auxiliary,False,True,29860692,https://ftp.ncbi.nlm.nih.gov/geo/samples/GSM7501nnn/GSM7501791/suppl/GSM7501791_BZ64_CKDL200159089-1a-11_HC7TWCCX2_L5_1_val_1.fq.gz_bismark_bt2_pe.bismark.cov.gz,/home/zdq-as/mouse_methyl_work/raw_downloads/geo_supplements_v11_3/GSE224442/GSM7501791_BZ64_CKDL200159089-1a-11_HC7TWCCX2_L5_1_val_1.fq.gz_bismark_bt2_pe.bismark.cov.gz,already_verified_existing_path,0,,v11_3_verified_secondary_candidate
114,GSE224442,GSM7501792,GSM7501792_BZ65_CKDL200159090-1a-11_HC7TWCCX2_L6_1_val_1.fq.gz_bismark_bt2_pe.bismark.cov.gz,COV,bismark_cov_per_sample_tar,P2_intervention_auxiliary,blood/liver parabiosis processed COV; intervention auxiliary,False,True,31296146,https://ftp.ncbi.nlm.nih.gov/geo/samples/GSM7501nnn/GSM7501792/suppl/GSM7501792_BZ65_CKDL200159090-1a-11_HC7TWCCX2_L6_1_val_1.fq.gz_bismark_bt2_pe.bismark.cov.gz,/home/zdq-as/mouse_methyl_work/raw_downloads/geo_supplements_v11_3/GSE224442/GSM7501792_BZ65_CKDL200159090-1a-11_HC7TWCCX2_L6_1_val_1.fq.gz_bismark_bt2_pe.bismark.cov.gz,already_verified_existing_path,0,,v11_3_verified_secondary_candidate
115,GSE224442,GSM7501793,GSM7501793_BZ66_CKDL200159086-1a-18_HC7TWCCX2_L2_1_val_1.fq.gz_bismark_bt2_pe.bismark.cov.gz,COV,bismark_cov_per_sample_tar,P2_intervention_auxiliary,blood/liver parabiosis processed COV; intervention auxiliary,False,True,28981489,https://ftp.ncbi.nlm.nih.gov/geo/samples/GSM7501nnn/GSM7501793/suppl/GSM7501793_BZ66_CKDL200159086-1a-18_HC7TWCCX2_L2_1_val_1.fq.gz_bismark_bt2_pe.bismark.cov.gz,/home/zdq-as/mouse_methyl_work/raw_downloads/geo_supplements_v11_3/GSE224442/GSM7501793_BZ66_CKDL200159086-1a-18_HC7TWCCX2_L2_1_val_1.fq.gz_bismark_bt2_pe.bismark.cov.gz,already_verified_existing_path,0,,v11_3_verified_secondary_candidate
116,GSE224442,GSM7501794,GSM7501794_BldBZ11_CKDL200160015-1a-3_HC2WYCCX2_L7_1_val_1.fq.gz_bismark_bt2_pe.bismark.cov.gz,COV,bismark_cov_per_sample_tar,P2_intervention_auxiliary,blood/liver parabiosis processed COV; intervention auxiliary,False,True,35207805,https://ftp.ncbi.nlm.nih.gov/geo/samples/GSM7501nnn/GSM7501794/suppl/GSM7501794_BldBZ11_CKDL200160015-1a-3_HC2WYCCX2_L7_1_val_1.fq.gz_bismark_bt2_pe.bismark.cov.gz,/home/zdq-as/mouse_methyl_work/raw_downloads/geo_supplements_v11_3/GSE224442/GSM7501794_BldBZ11_CKDL200160015-1a-3_HC2WYCCX2_L7_1_val_1.fq.gz_bismark_bt2_pe.bismark.cov.gz,already_verified_existing_path,0,,v11_3_verified_secondary_candidate
117,GSE224442,GSM7501795,GSM7501795_BldBZ12_CKDL200160012-1a-6_HC2WYCCX2_L4_1_val_1.fq.gz_bismark_bt2_pe.bismark.cov.gz,COV,bismark_cov_per_sample_tar,P2_intervention_auxiliary,blood/liver parabiosis processed COV; intervention auxiliary,False,True,37575867,https://ftp.ncbi.nlm.nih.gov/geo/samples/GSM7501nnn/GSM7501795/suppl/GSM7501795_BldBZ12_CKDL200160012-1a-6_HC2WYCCX2_L4_1_val_1.fq.gz_bismark_bt2_pe.bismark.cov.gz,/home/zdq-as/mouse_methyl_work/raw_downloads/geo_supplements_v11_3/GSE224442/GSM7501795_BldBZ12_CKDL200160012-1a-6_HC2WYCCX2_L4_1_val_1.fq.gz_bismark_bt2_pe.bismark.cov.gz,already_verified_existing_path,0,,v11_3_verified_secondary_candidate
118,GSE224442,GSM7501796,GSM7501796_BldBZ13_CKDL200160013-1a-3_HC2WYCCX2_L5_1_val_1.fq.gz_bismark_bt2_pe.bismark.cov.gz,COV,bismark_cov_per_sample_tar,P2_intervention_auxiliary,blood/liver parabiosis processed COV; intervention auxiliary,False,True,30625840,https://ftp.ncbi.nlm.nih.gov/geo/samples/GSM7501nnn/GSM7501796/suppl/GSM7501796_BldBZ13_CKDL200160013-1a-3_HC2WYCCX2_L5_1_val_1.fq.gz_bismark_bt2_pe.bismark.cov.gz,/home/zdq-as/mouse_methyl_work/raw_downloads/geo_supplements_v11_3/GSE224442/GSM7501796_BldBZ13_CKDL200160013-1a-3_HC2WYCCX2_L5_1_val_1.fq.gz_bismark_bt2_pe.bismark.cov.gz,already_verified_existing_path,0,,v11_3_verified_secondary_candidate
119,GSE224442,GSM7501797,GSM7501797_BldBZ14_CKDL200160015-1a-6_HC2WYCCX2_L7_1_val_1.fq.gz_bismark_bt2_pe.bismark.cov.gz,COV,bismark_cov_per_sample_tar,P2_intervention_auxiliary,blood/liver parabiosis processed COV; intervention auxiliary,False,True,32886802,https://ftp.ncbi.nlm.nih.gov/geo/samples/GSM7501nnn/GSM7501797/suppl/GSM7501797_BldBZ14_CKDL200160015-1a-6_HC2WYCCX2_L7_1_val_1.fq.gz_bismark_bt2_pe.bismark.cov.gz,/home/zdq-as/mouse_methyl_work/raw_downloads/geo_supplements_v11_3/GSE224442/GSM7501797_BldBZ14_CKDL200160015-1a-6_HC2WYCCX2_L7_1_val_1.fq.gz_bismark_bt2_pe.bismark.cov.gz,already_verified_existing_path,0,,v11_3_verified_secondary_candidate
120,GSE224442,GSM7501798,GSM7501798_BldBZ15_CKDL200160014-1a-3_HC2WYCCX2_L6_1_val_1.fq.gz_bismark_bt2_pe.bismark.cov.gz,COV,bismark_cov_per_sample_tar,P2_intervention_auxiliary,blood/liver parabiosis processed COV; intervention auxiliary,False,True,36133136,https://ftp.ncbi.nlm.nih.gov/geo/samples/GSM7501nnn/GSM7501798/suppl/GSM7501798_BldBZ15_CKDL200160014-1a-3_HC2WYCCX2_L6_1_val_1.fq.gz_bismark_bt2_pe.bismark.cov.gz,/home/zdq-as/mouse_methyl_work/raw_downloads/geo_supplements_v11_3/GSE224442/GSM7501798_BldBZ15_CKDL200160014-1a-3_HC2WYCCX2_L6_1_val_1.fq.gz_bismark_bt2_pe.bismark.cov.gz,already_verified_existing_path,0,,v11_3_verified_secondary_candidate
121,GSE224442,GSM7501799,GSM7501799_BldBZ16_CKDL200160013-1a-25_HC2WYCCX2_L5_1_val_1.fq.gz_bismark_bt2_pe.bismark.cov.gz,COV,bismark_cov_per_sample_tar,P2_intervention_auxiliary,blood/liver parabiosis processed COV; intervention auxiliary,False,True,31047038,https://ftp.ncbi.nlm.nih.gov/geo/samples/GSM7501nnn/GSM7501799/suppl/GSM7501799_BldBZ16_CKDL200160013-1a-25_HC2WYCCX2_L5_1_val_1.fq.gz_bismark_bt2_pe.bismark.cov.gz,/home/zdq-as/mouse_methyl_work/raw_downloads/geo_supplements_v11_3/GSE224442/GSM7501799_BldBZ16_CKDL200160013-1a-25_HC2WYCCX2_L5_1_val_1.fq.gz_bismark_bt2_pe.bismark.cov.gz,already_verified_existing_path,0,,v11_3_verified_secondary_candidate
122,GSE224442,GSM7501800,GSM7501800_BldBZ21_CKDL200160012-1a-7_HC2WYCCX2_L4_1_val_1.fq.gz_bismark_bt2_pe.bismark.cov.gz,COV,bismark_cov_per_sample_tar,P2_intervention_auxiliary,blood/liver parabiosis processed COV; intervention auxiliary,False,True,36098970,https://ftp.ncbi.nlm.nih.gov/geo/samples/GSM7501nnn/GSM7501800/suppl/GSM7501800_BldBZ21_CKDL200160012-1a-7_HC2WYCCX2_L4_1_val_1.fq.gz_bismark_bt2_pe.bismark.cov.gz,/home/zdq-as/mouse_methyl_work/raw_downloads/geo_supplements_v11_3/GSE224442/GSM7501800_BldBZ21_CKDL200160012-1a-7_HC2WYCCX2_L4_1_val_1.fq.gz_bismark_bt2_pe.bismark.cov.gz,already_verified_existing_path,0,,v11_3_verified_secondary_candidate
123,GSE224442,GSM7501801,GSM7501801_BldBZ22_CKDL200160012-1a-8_HC2WYCCX2_L4_1_val_1.fq.gz_bismark_bt2_pe.bismark.cov.gz,COV,bismark_cov_per_sample_tar,P2_intervention_auxiliary,blood/liver parabiosis processed COV; intervention auxiliary,False,True,35367964,https://ftp.ncbi.nlm.nih.gov/geo/samples/GSM7501nnn/GSM7501801/suppl/GSM7501801_BldBZ22_CKDL200160012-1a-8_HC2WYCCX2_L4_1_val_1.fq.gz_bismark_bt2_pe.bismark.cov.gz,/home/zdq-as/mouse_methyl_work/raw_downloads/geo_supplements_v11_3/GSE224442/GSM7501801_BldBZ22_CKDL200160012-1a-8_HC2WYCCX2_L4_1_val_1.fq.gz_bismark_bt2_pe.bismark.cov.gz,already_verified_existing_path,0,,v11_3_verified_secondary_candidate
124,GSE224442,GSM7501802,GSM7501802_BldBZ23_CKDL200160013-1a-7_HC2WYCCX2_L5_1_val_1.fq.gz_bismark_bt2_pe.bismark.cov.gz,COV,bismark_cov_per_sample_tar,P2_intervention_auxiliary,blood/liver parabiosis processed COV; intervention auxiliary,False,True,30194660,https://ftp.ncbi.nlm.nih.gov/geo/samples/GSM7501nnn/GSM7501802/suppl/GSM7501802_BldBZ23_CKDL200160013-1a-7_HC2WYCCX2_L5_1_val_1.fq.gz_bismark_bt2_pe.bismark.cov.gz,/home/zdq-as/mouse_methyl_work/raw_downloads/geo_supplements_v11_3/GSE224442/GSM7501802_BldBZ23_CKDL200160013-1a-7_HC2WYCCX2_L5_1_val_1.fq.gz_bismark_bt2_pe.bismark.cov.gz,already_verified_existing_path,0,,v11_3_verified_secondary_candidate
125,GSE224442,GSM7501803,GSM7501803_BldBZ24_CKDL200160013-1a-8_HC2WYCCX2_L5_1_val_1.fq.gz_bismark_bt2_pe.bismark.cov.gz,COV,bismark_cov_per_sample_tar,P2_intervention_auxiliary,blood/liver parabiosis processed COV; intervention auxiliary,False,True,30110919,https://ftp.ncbi.nlm.nih.gov/geo/samples/GSM7501nnn/GSM7501803/suppl/GSM7501803_BldBZ24_CKDL200160013-1a-8_HC2WYCCX2_L5_1_val_1.fq.gz_bismark_bt2_pe.bismark.cov.gz,/home/zdq-as/mouse_methyl_work/raw_downloads/geo_supplements_v11_3/GSE224442/GSM7501803_BldBZ24_CKDL200160013-1a-8_HC2WYCCX2_L5_1_val_1.fq.gz_bismark_bt2_pe.bismark.cov.gz,already_verified_existing_path,0,,v11_3_verified_secondary_candidate
126,GSE224442,GSM7501804,GSM7501804_BldBZ25_CKDL200160014-1a-6_HC2WYCCX2_L6_1_val_1.fq.gz_bismark_bt2_pe.bismark.cov.gz,COV,bismark_cov_per_sample_tar,P2_intervention_auxiliary,blood/liver parabiosis processed COV; intervention auxiliary,False,True,36859022,https://ftp.ncbi.nlm.nih.gov/geo/samples/GSM7501nnn/GSM7501804/suppl/GSM7501804_BldBZ25_CKDL200160014-1a-6_HC2WYCCX2_L6_1_val_1.fq.gz_bismark_bt2_pe.bismark.cov.gz,/home/zdq-as/mouse_methyl_work/raw_downloads/geo_supplements_v11_3/GSE224442/GSM7501804_BldBZ25_CKDL200160014-1a-6_HC2WYCCX2_L6_1_val_1.fq.gz_bismark_bt2_pe.bismark.cov.gz,already_verified_existing_path,0,,v11_3_verified_secondary_candidate
127,GSE224442,GSM7501805,GSM7501805_BldBZ26_CKDL200160015-1a-25_HC2WYCCX2_L7_1_val_1.fq.gz_bismark_bt2_pe.bismark.cov.gz,COV,bismark_cov_per_sample_tar,P2_intervention_auxiliary,blood/liver parabiosis processed COV; intervention auxiliary,False,True,38478865,https://ftp.ncbi.nlm.nih.gov/geo/samples/GSM7501nnn/GSM7501805/suppl/GSM7501805_BldBZ26_CKDL200160015-1a-25_HC2WYCCX2_L7_1_val_1.fq.gz_bismark_bt2_pe.bismark.cov.gz,/home/zdq-as/mouse_methyl_work/raw_downloads/geo_supplements_v11_3/GSE224442/GSM7501805_BldBZ26_CKDL200160015-1a-25_HC2WYCCX2_L7_1_val_1.fq.gz_bismark_bt2_pe.bismark.cov.gz,already_verified_existing_path,0,,v11_3_verified_secondary_candidate
128,GSE224442,GSM7501806,GSM7501806_BldBZ31_CKDL200160015-1a-10_HC2WYCCX2_L7_1_val_1.fq.gz_bismark_bt2_pe.bismark.cov.gz,COV,bismark_cov_per_sample_tar,P2_intervention_auxiliary,blood/liver parabiosis processed COV; intervention auxiliary,False,True,34626443,https://ftp.ncbi.nlm.nih.gov/geo/samples/GSM7501nnn/GSM7501806/suppl/GSM7501806_BldBZ31_CKDL200160015-1a-10_HC2WYCCX2_L7_1_val_1.fq.gz_bismark_bt2_pe.bismark.cov.gz,/home/zdq-as/mouse_methyl_work/raw_downloads/geo_supplements_v11_3/GSE224442/GSM7501806_BldBZ31_CKDL200160015-1a-10_HC2WYCCX2_L7_1_val_1.fq.gz_bismark_bt2_pe.bismark.cov.gz,already_verified_existing_path,0,,v11_3_verified_secondary_candidate
129,GSE224442,GSM7501807,GSM7501807_BldBZ32_CKDL200160012-1a-11_HC2WYCCX2_L4_1_val_1.fq.gz_bismark_bt2_pe.bismark.cov.gz,COV,bismark_cov_per_sample_tar,P2_intervention_auxiliary,blood/liver parabiosis processed COV; intervention auxiliary,False,True,35578741,https://ftp.ncbi.nlm.nih.gov/geo/samples/GSM7501nnn/GSM7501807/suppl/GSM7501807_BldBZ32_CKDL200160012-1a-11_HC2WYCCX2_L4_1_val_1.fq.gz_bismark_bt2_pe.bismark.cov.gz,/home/zdq-as/mouse_methyl_work/raw_downloads/geo_supplements_v11_3/GSE224442/GSM7501807_BldBZ32_CKDL200160012-1a-11_HC2WYCCX2_L4_1_val_1.fq.gz_bismark_bt2_pe.bismark.cov.gz,already_verified_existing_path,0,,v11_3_verified_secondary_candidate
130,GSE224442,GSM7501808,GSM7501808_BldBZ33_CKDL200160013-1a-10_HC2WYCCX2_L5_1_val_1.fq.gz_bismark_bt2_pe.bismark.cov.gz,COV,bismark_cov_per_sample_tar,P2_intervention_auxiliary,blood/liver parabiosis processed COV; intervention auxiliary,False,True,30343341,https://ftp.ncbi.nlm.nih.gov/geo/samples/GSM7501nnn/GSM7501808/suppl/GSM7501808_BldBZ33_CKDL200160013-1a-10_HC2WYCCX2_L5_1_val_1.fq.gz_bismark_bt2_pe.bismark.cov.gz,/home/zdq-as/mouse_methyl_work/raw_downloads/geo_supplements_v11_3/GSE224442/GSM7501808_BldBZ33_CKDL200160013-1a-10_HC2WYCCX2_L5_1_val_1.fq.gz_bismark_bt2_pe.bismark.cov.gz,already_verified_existing_path,0,,v11_3_verified_secondary_candidate
131,GSE224442,GSM7501809,GSM7501809_BldBZ34_CKDL200160015-1a-7_HC2WYCCX2_L7_1_val_1.fq.gz_bismark_bt2_pe.bismark.cov.gz,COV,bismark_cov_per_sample_tar,P2_intervention_auxiliary,blood/liver parabiosis processed COV; intervention auxiliary,False,True,33915502,https://ftp.ncbi.nlm.nih.gov/geo/samples/GSM7501nnn/GSM7501809/suppl/GSM7501809_BldBZ34_CKDL200160015-1a-7_HC2WYCCX2_L7_1_val_1.fq.gz_bismark_bt2_pe.bismark.cov.gz,/home/zdq-as/mouse_methyl_work/raw_downloads/geo_supplements_v11_3/GSE224442/GSM7501809_BldBZ34_CKDL200160015-1a-7_HC2WYCCX2_L7_1_val_1.fq.gz_bismark_bt2_pe.bismark.cov.gz,already_verified_existing_path,0,,v11_3_verified_secondary_candidate
132,GSE224442,GSM7501810,GSM7501810_BldBZ35_CKDL200160014-1a-8_HC2WYCCX2_L6_1_val_1.fq.gz_bismark_bt2_pe.bismark.cov.gz,COV,bismark_cov_per_sample_tar,P2_intervention_auxiliary,blood/liver parabiosis processed COV; intervention auxiliary,False,True,35792223,https://ftp.ncbi.nlm.nih.gov/geo/samples/GSM7501nnn/GSM7501810/suppl/GSM7501810_BldBZ35_CKDL200160014-1a-8_HC2WYCCX2_L6_1_val_1.fq.gz_bismark_bt2_pe.bismark.cov.gz,/home/zdq-as/mouse_methyl_work/raw_downloads/geo_supplements_v11_3/GSE224442/GSM7501810_BldBZ35_CKDL200160014-1a-8_HC2WYCCX2_L6_1_val_1.fq.gz_bismark_bt2_pe.bismark.cov.gz,already_verified_existing_path,0,,v11_3_verified_secondary_candidate
133,GSE224442,GSM7501811,GSM7501811_BldBZ41_CKDL200160012-1a-15_HC2WYCCX2_L4_1_val_1.fq.gz_bismark_bt2_pe.bismark.cov.gz,COV,bismark_cov_per_sample_tar,P2_intervention_auxiliary,blood/liver parabiosis processed COV; intervention auxiliary,False,True,35230747,https://ftp.ncbi.nlm.nih.gov/geo/samples/GSM7501nnn/GSM7501811/suppl/GSM7501811_BldBZ41_CKDL200160012-1a-15_HC2WYCCX2_L4_1_val_1.fq.gz_bismark_bt2_pe.bismark.cov.gz,/home/zdq-as/mouse_methyl_work/raw_downloads/geo_supplements_v11_3/GSE224442/GSM7501811_BldBZ41_CKDL200160012-1a-15_HC2WYCCX2_L4_1_val_1.fq.gz_bismark_bt2_pe.bismark.cov.gz,already_verified_existing_path,0,,v11_3_verified_secondary_candidate
134,GSE224442,GSM7501812,GSM7501812_BldBZ42_CKDL200160012-1a-18_HC2WYCCX2_L4_1_val_1.fq.gz_bismark_bt2_pe.bismark.cov.gz,COV,bismark_cov_per_sample_tar,P2_intervention_auxiliary,blood/liver parabiosis processed COV; intervention auxiliary,False,True,34357260,https://ftp.ncbi.nlm.nih.gov/geo/samples/GSM7501nnn/GSM7501812/suppl/GSM7501812_BldBZ42_CKDL200160012-1a-18_HC2WYCCX2_L4_1_val_1.fq.gz_bismark_bt2_pe.bismark.cov.gz,/home/zdq-as/mouse_methyl_work/raw_downloads/geo_supplements_v11_3/GSE224442/GSM7501812_BldBZ42_CKDL200160012-1a-18_HC2WYCCX2_L4_1_val_1.fq.gz_bismark_bt2_pe.bismark.cov.gz,already_verified_existing_path,0,,v11_3_verified_secondary_candidate
135,GSE224442,GSM7501813,GSM7501813_BldBZ43_CKDL200160013-1a-11_HC2WYCCX2_L5_1_val_1.fq.gz_bismark_bt2_pe.bismark.cov.gz,COV,bismark_cov_per_sample_tar,P2_intervention_auxiliary,blood/liver parabiosis processed COV; intervention auxiliary,False,True,32494471,https://ftp.ncbi.nlm.nih.gov/geo/samples/GSM7501nnn/GSM7501813/suppl/GSM7501813_BldBZ43_CKDL200160013-1a-11_HC2WYCCX2_L5_1_val_1.fq.gz_bismark_bt2_pe.bismark.cov.gz,/home/zdq-as/mouse_methyl_work/raw_downloads/geo_supplements_v11_3/GSE224442/GSM7501813_BldBZ43_CKDL200160013-1a-11_HC2WYCCX2_L5_1_val_1.fq.gz_bismark_bt2_pe.bismark.cov.gz,already_verified_existing_path,0,,v11_3_verified_secondary_candidate
136,GSE224442,GSM7501814,GSM7501814_BldBZ44_CKDL200160014-1a-10_HC2WYCCX2_L6_1_val_1.fq.gz_bismark_bt2_pe.bismark.cov.gz,COV,bismark_cov_per_sample_tar,P2_intervention_auxiliary,blood/liver parabiosis processed COV; intervention auxiliary,False,True,37621284,https://ftp.ncbi.nlm.nih.gov/geo/samples/GSM7501nnn/GSM7501814/suppl/GSM7501814_BldBZ44_CKDL200160014-1a-10_HC2WYCCX2_L6_1_val_1.fq.gz_bismark_bt2_pe.bismark.cov.gz,/home/zdq-as/mouse_methyl_work/raw_downloads/geo_supplements_v11_3/GSE224442/GSM7501814_BldBZ44_CKDL200160014-1a-10_HC2WYCCX2_L6_1_val_1.fq.gz_bismark_bt2_pe.bismark.cov.gz,already_verified_existing_path,0,,v11_3_verified_secondary_candidate
137,GSE224442,GSM7501815,GSM7501815_BldBZ45_CKDL200160015-1a-11_HC2WYCCX2_L7_1_val_1.fq.gz_bismark_bt2_pe.bismark.cov.gz,COV,bismark_cov_per_sample_tar,P2_intervention_auxiliary,blood/liver parabiosis processed COV; intervention auxiliary,False,True,38625238,https://ftp.ncbi.nlm.nih.gov/geo/samples/GSM7501nnn/GSM7501815/suppl/GSM7501815_BldBZ45_CKDL200160015-1a-11_HC2WYCCX2_L7_1_val_1.fq.gz_bismark_bt2_pe.bismark.cov.gz,/home/zdq-as/mouse_methyl_work/raw_downloads/geo_supplements_v11_3/GSE224442/GSM7501815_BldBZ45_CKDL200160015-1a-11_HC2WYCCX2_L7_1_val_1.fq.gz_bismark_bt2_pe.bismark.cov.gz,already_verified_existing_path,0,,v11_3_verified_secondary_candidate
138,GSE224442,GSM7501816,GSM7501816_BldBZ51_CKDL200160012-1a-22_HC2WYCCX2_L4_1_val_1.fq.gz_bismark_bt2_pe.bismark.cov.gz,COV,bismark_cov_per_sample_tar,P2_intervention_auxiliary,blood/liver parabiosis processed COV; intervention auxiliary,False,True,37856886,https://ftp.ncbi.nlm.nih.gov/geo/samples/GSM7501nnn/GSM7501816/suppl/GSM7501816_BldBZ51_CKDL200160012-1a-22_HC2WYCCX2_L4_1_val_1.fq.gz_bismark_bt2_pe.bismark.cov.gz,/home/zdq-as/mouse_methyl_work/raw_downloads/geo_supplements_v11_3/GSE224442/GSM7501816_BldBZ51_CKDL200160012-1a-22_HC2WYCCX2_L4_1_val_1.fq.gz_bismark_bt2_pe.bismark.cov.gz,already_verified_existing_path,0,,v11_3_verified_secondary_candidate
139,GSE224442,GSM7501817,GSM7501817_BldBZ52_CKDL200160015-1a-15_HC2WYCCX2_L7_1_val_1.fq.gz_bismark_bt2_pe.bismark.cov.gz,COV,bismark_cov_per_sample_tar,P2_intervention_auxiliary,blood/liver parabiosis processed COV; intervention auxiliary,False,True,35357481,https://ftp.ncbi.nlm.nih.gov/geo/samples/GSM7501nnn/GSM7501817/suppl/GSM7501817_BldBZ52_CKDL200160015-1a-15_HC2WYCCX2_L7_1_val_1.fq.gz_bismark_bt2_pe.bismark.cov.gz,/home/zdq-as/mouse_methyl_work/raw_downloads/geo_supplements_v11_3/GSE224442/GSM7501817_BldBZ52_CKDL200160015-1a-15_HC2WYCCX2_L7_1_val_1.fq.gz_bismark_bt2_pe.bismark.cov.gz,already_verified_existing_path,0,,v11_3_verified_secondary_candidate
140,GSE224442,GSM7501818,GSM7501818_BldBZ53_CKDL200160013-1a-18_HC2WYCCX2_L5_1_val_1.fq.gz_bismark_bt2_pe.bismark.cov.gz,COV,bismark_cov_per_sample_tar,P2_intervention_auxiliary,blood/liver parabiosis processed COV; intervention auxiliary,False,True,31332847,https://ftp.ncbi.nlm.nih.gov/geo/samples/GSM7501nnn/GSM7501818/suppl/GSM7501818_BldBZ53_CKDL200160013-1a-18_HC2WYCCX2_L5_1_val_1.fq.gz_bismark_bt2_pe.bismark.cov.gz,/home/zdq-as/mouse_methyl_work/raw_downloads/geo_supplements_v11_3/GSE224442/GSM7501818_BldBZ53_CKDL200160013-1a-18_HC2WYCCX2_L5_1_val_1.fq.gz_bismark_bt2_pe.bismark.cov.gz,already_verified_existing_path,0,,v11_3_verified_secondary_candidate
141,GSE224442,GSM7501819,GSM7501819_BldBZ54_CKDL200160014-1a-15_HC2WYCCX2_L6_1_val_1.fq.gz_bismark_bt2_pe.bismark.cov.gz,COV,bismark_cov_per_sample_tar,P2_intervention_auxiliary,blood/liver parabiosis processed COV; intervention auxiliary,False,True,34821901,https://ftp.ncbi.nlm.nih.gov/geo/samples/GSM7501nnn/GSM7501819/suppl/GSM7501819_BldBZ54_CKDL200160014-1a-15_HC2WYCCX2_L6_1_val_1.fq.gz_bismark_bt2_pe.bismark.cov.gz,/home/zdq-as/mouse_methyl_work/raw_downloads/geo_supplements_v11_3/GSE224442/GSM7501819_BldBZ54_CKDL200160014-1a-15_HC2WYCCX2_L6_1_val_1.fq.gz_bismark_bt2_pe.bismark.cov.gz,already_verified_existing_path,0,,v11_3_verified_secondary_candidate
142,GSE224442,GSM7501820,GSM7501820_BldBZ55_CKDL200160014-1a-18_HC2WYCCX2_L6_1_val_1.fq.gz_bismark_bt2_pe.bismark.cov.gz,COV,bismark_cov_per_sample_tar,P2_intervention_auxiliary,blood/liver parabiosis processed COV; intervention auxiliary,False,True,36878335,https://ftp.ncbi.nlm.nih.gov/geo/samples/GSM7501nnn/GSM7501820/suppl/GSM7501820_BldBZ55_CKDL200160014-1a-18_HC2WYCCX2_L6_1_val_1.fq.gz_bismark_bt2_pe.bismark.cov.gz,/home/zdq-as/mouse_methyl_work/raw_downloads/geo_supplements_v11_3/GSE224442/GSM7501820_BldBZ55_CKDL200160014-1a-18_HC2WYCCX2_L6_1_val_1.fq.gz_bismark_bt2_pe.bismark.cov.gz,already_verified_existing_path,0,,v11_3_verified_secondary_candidate
143,GSE224442,GSM7501821,GSM7501821_BldBZ61_CKDL200160012-1a-23_HC2WYCCX2_L4_1_val_1.fq.gz_bismark_bt2_pe.bismark.cov.gz,COV,bismark_cov_per_sample_tar,P2_intervention_auxiliary,blood/liver parabiosis processed COV; intervention auxiliary,False,True,34781927,https://ftp.ncbi.nlm.nih.gov/geo/samples/GSM7501nnn/GSM7501821/suppl/GSM7501821_BldBZ61_CKDL200160012-1a-23_HC2WYCCX2_L4_1_val_1.fq.gz_bismark_bt2_pe.bismark.cov.gz,/home/zdq-as/mouse_methyl_work/raw_downloads/geo_supplements_v11_3/GSE224442/GSM7501821_BldBZ61_CKDL200160012-1a-23_HC2WYCCX2_L4_1_val_1.fq.gz_bismark_bt2_pe.bismark.cov.gz,already_verified_existing_path,0,,v11_3_verified_secondary_candidate
144,GSE224442,GSM7501822,GSM7501822_BldBZ62_CKDL200160015-1a-22_HC2WYCCX2_L7_1_val_1.fq.gz_bismark_bt2_pe.bismark.cov.gz,COV,bismark_cov_per_sample_tar,P2_intervention_auxiliary,blood/liver parabiosis processed COV; intervention auxiliary,False,True,33172903,https://ftp.ncbi.nlm.nih.gov/geo/samples/GSM7501nnn/GSM7501822/suppl/GSM7501822_BldBZ62_CKDL200160015-1a-22_HC2WYCCX2_L7_1_val_1.fq.gz_bismark_bt2_pe.bismark.cov.gz,/home/zdq-as/mouse_methyl_work/raw_downloads/geo_supplements_v11_3/GSE224442/GSM7501822_BldBZ62_CKDL200160015-1a-22_HC2WYCCX2_L7_1_val_1.fq.gz_bismark_bt2_pe.bismark.cov.gz,already_verified_existing_path,0,,v11_3_verified_secondary_candidate
145,GSE224442,GSM7501823,GSM7501823_BldBZ64_CKDL200160013-1a-23_HC2WYCCX2_L5_1_val_1.fq.gz_bismark_bt2_pe.bismark.cov.gz,COV,bismark_cov_per_sample_tar,P2_intervention_auxiliary,blood/liver parabiosis processed COV; intervention auxiliary,False,True,32363705,https://ftp.ncbi.nlm.nih.gov/geo/samples/GSM7501nnn/GSM7501823/suppl/GSM7501823_BldBZ64_CKDL200160013-1a-23_HC2WYCCX2_L5_1_val_1.fq.gz_bismark_bt2_pe.bismark.cov.gz,/home/zdq-as/mouse_methyl_work/raw_downloads/geo_supplements_v11_3/GSE224442/GSM7501823_BldBZ64_CKDL200160013-1a-23_HC2WYCCX2_L5_1_val_1.fq.gz_bismark_bt2_pe.bismark.cov.gz,already_verified_existing_path,0,,v11_3_verified_secondary_candidate
146,GSE224442,GSM7501824,GSM7501824_BldBZ65_CKDL200160014-1a-22_HC2WYCCX2_L6_1_val_1.fq.gz_bismark_bt2_pe.bismark.cov.gz,COV,bismark_cov_per_sample_tar,P2_intervention_auxiliary,blood/liver parabiosis processed COV; intervention auxiliary,False,True,32550108,https://ftp.ncbi.nlm.nih.gov/geo/samples/GSM7501nnn/GSM7501824/suppl/GSM7501824_BldBZ65_CKDL200160014-1a-22_HC2WYCCX2_L6_1_val_1.fq.gz_bismark_bt2_pe.bismark.cov.gz,/home/zdq-as/mouse_methyl_work/raw_downloads/geo_supplements_v11_3/GSE224442/GSM7501824_BldBZ65_CKDL200160014-1a-22_HC2WYCCX2_L6_1_val_1.fq.gz_bismark_bt2_pe.bismark.cov.gz,already_verified_existing_path,0,,v11_3_verified_secondary_candidate
147,GSE224442,GSM7501825,GSM7501825_BldBZ66_CKDL200160014-1a-23_HC2WYCCX2_L6_1_val_1.fq.gz_bismark_bt2_pe.bismark.cov.gz,COV,bismark_cov_per_sample_tar,P2_intervention_auxiliary,blood/liver parabiosis processed COV; intervention auxiliary,False,True,34123670,https://ftp.ncbi.nlm.nih.gov/geo/samples/GSM7501nnn/GSM7501825/suppl/GSM7501825_BldBZ66_CKDL200160014-1a-23_HC2WYCCX2_L6_1_val_1.fq.gz_bismark_bt2_pe.bismark.cov.gz,/home/zdq-as/mouse_methyl_work/raw_downloads/geo_supplements_v11_3/GSE224442/GSM7501825_BldBZ66_CKDL200160014-1a-23_HC2WYCCX2_L6_1_val_1.fq.gz_bismark_bt2_pe.bismark.cov.gz,already_verified_existing_path,0,,v11_3_verified_secondary_candidate
