age_values_weeks,blockers,dataset,entry_type,exact_age_sample_count,experiment_type,geo_url,intervention_terms,max_age_months,max_age_weeks,min_age_weeks,n_samples_soft,old_label_sample_count,overall_design,preferred_processed_file,preferred_size_bytes,preferred_url,preflight_timestamp_utc,priority_tier,processed_schema_guess,public_date,recommended_action,schema_blocker,soft_fetch_error,soft_url,source_queries,summary,supp_file_eutils,supplement_count,supplement_dir_url,supplement_types,taxon,tissue_count,tissues,title
21.729;112.989,single_tissue_or_celltype,GSE92486,GSE,30,Expression profiling by high throughput sequencing; Methylation profiling by high throughput sequencing,https://www.ncbi.nlm.nih.gov/geo/query/acc.cgi?acc=GSE92486,none_detected:30,26.0,112.989,21.729,30,12,Total RNA and whole genome DNA-methylation profiles of liver tissue extracted from 5 months (young) and 26 months (old) dietary-restricted (DR) and control-fed (AL) F1 hybrid mouse strain (C3B6F1) were generated by deep sequencing using Illumina sequencing,GSE92486_RAW.tar,3063808000,https://ftp.ncbi.nlm.nih.gov/geo/series/GSE92nnn/GSE92486/suppl/GSE92486_RAW.tar,2026-05-18T00:58:35.714332+00:00,P2_adapter_audit,bismark_cov_per_sample_tar,2017/02/24,parser_smoke_then_decide_download,,,https://ftp.ncbi.nlm.nih.gov/geo/series/GSE92nnn/GSE92486/soft/GSE92486_family.soft.gz,manual_seed_v7_9,"Dietary restriction (DR), a reduction in food intake without malnutrition, increases most aspects of health during ageing and extends lifespan in diverse species including rodents and rhesus monkeys. However the mechanisms by which DR interacts with the ageing process to improve health at old age are poorly understood. DNA methylation could play an important role in mediating the effects of DR, because it is sensitive to the effects of nutrition and can affect gene expression memory over time. Here we have profiled genome-wide changes in DNA methylation, gene expression and lipidomics in response to DR and ageing in mouse liver. DR strongly retarded age-related changes in DNA methylation. With ageing, DNA methylation became confined to genic elements and was associated with reduced gene expression, particularly of genes involved in lipid metabolism.",TXT,19,https://ftp.ncbi.nlm.nih.gov/geo/series/GSE92nnn/GSE92486/suppl/,TXT:18;TAR:1,Mus musculus,1,liver:30,Dietary restriction protects from age-associated DNA methylation and induces epigenetic reprogramming of lipid metabolism
17.383;104.297,single_tissue_or_celltype,GSE175410,GSE,15,Methylation profiling by high throughput sequencing,https://www.ncbi.nlm.nih.gov/geo/query/acc.cgi?acc=GSE175410,exercise:15,24.0,104.297,17.383,15,10,"TA muscle from 5 young sedentary mice, 5 24 month old sedentary mice, and 5 aged mice exercise trained from 22-24 months were analyzed for DNA methylation via RRBS and DNAge.",GSE175410_RAW.tar,360263680,https://ftp.ncbi.nlm.nih.gov/geo/series/GSE175nnn/GSE175410/suppl/GSE175410_RAW.tar,2026-05-18T00:58:37.274165+00:00,P2_adapter_audit,bismark_cov_per_sample_tar,2021/12/31,parser_smoke_then_decide_download,,,https://ftp.ncbi.nlm.nih.gov/geo/series/GSE175nnn/GSE175410/soft/GSE175410_family.soft.gz,"manual_seed_v7_9 || Mus musculus[ORGN] AND ""DNA methylation"" AND ""24 month"" AND gse[ETYP]","Exercise late in life mitigates skeletal muscle epigenetic aging, providing evidence that physical activity is a ""fountain of youth"".",COV,16,https://ftp.ncbi.nlm.nih.gov/geo/series/GSE175nnn/GSE175410/suppl/,COV:15;TAR:1,Mus musculus,1,skeletal_muscle:15,Exercise Mitigates Skeletal Muscle Epigenetic Aging
17.383;52.149;78.223;104.297;108.643;112.989;117.334;121.68,,GSE213628,GSE,117,Methylation profiling by high throughput sequencing,https://www.ncbi.nlm.nih.gov/geo/query/acc.cgi?acc=GSE213628,none_detected:120,28.0,121.68,17.383,120,0,DNA was isolated from each tissue and time point and reduced representation bisulfite sequencing (RRBS) was performed.,GSE213628_RAW.tar,3260723200,https://ftp.ncbi.nlm.nih.gov/geo/series/GSE213nnn/GSE213628/suppl/GSE213628_RAW.tar,2026-05-18T00:58:38.840777+00:00,P1_download_next,bismark_cov_per_sample_tar,2022/09/30,add_to_v8_download_and_conversion_plan,,,https://ftp.ncbi.nlm.nih.gov/geo/series/GSE213nnn/GSE213628/soft/GSE213628_family.soft.gz,"manual_seed_v7_9 || Mus musculus[ORGN] AND ""DNA methylation"" AND ""24 month"" AND gse[ETYP] || Mus musculus[ORGN] AND ""DNA methylation"" AND ""26 month"" AND gse[ETYP]","We report age related DNA methylation changes in mice in Small intestine, Colon, Heart, Lungs, Liver, Spleen, Kidney and Whole hlood  across 3  different aging timepoints (4 month, 12 month, 24 month). For small intestine and colon there are 4 aging time points ( 4 month, 12 month, 18 month and 24 month)",COV,121,https://ftp.ncbi.nlm.nih.gov/geo/series/GSE213nnn/GSE213628/suppl/,COV:120;TAR:1,Mus musculus,8,intestine:44;heart:22;spleen:16;blood:10;kidney:10;liver:6;lung:6;skeletal_muscle:6,DNA methylation entropy as a measure of stem cell replication and aging [BiSulfite-seq]
26.071;34.762;104.286;112.976,,GSE224442,GSE,78,Methylation profiling by high throughput sequencing,https://www.ncbi.nlm.nih.gov/geo/query/acc.cgi?acc=GSE224442,parabiosis:78;recovery:78,25.997,112.976,26.071,78,44,"We studied a mouse model of heterochronic parabiosis. Mouse pairs (either age-mismatched, heterochronic; or age-matched, isochronic) were surgically joined and maintained for 3 months. After this period, a subset of mice were euthanized and tissues were collected for analysis, and another subset of pairs was surgically detached and allowed to recover for 2 months, after which tissues were collected. We subjected DNA isolated from these samples to reduced representation bisulfite sequencing (RRBS).",GSE224442_RAW.tar,2426613760,https://ftp.ncbi.nlm.nih.gov/geo/series/GSE224nnn/GSE224442/suppl/GSE224442_RAW.tar,2026-05-18T00:58:40.406653+00:00,P2_adapter_audit,bismark_cov_per_sample_tar,2023/04/21,parser_smoke_then_decide_download,,,https://ftp.ncbi.nlm.nih.gov/geo/series/GSE224nnn/GSE224442/soft/GSE224442_family.soft.gz,manual_seed_v7_9,"Aging is classically conceptualized as an ever-increasing trajectory of damage accumulation and loss of function, leading to increases in morbidity and mortality. However, recent in vitro studies have raised the possibility of age reversal. We characterized several models in which biological age is perturbed. Heterochronic parabiosis and recovery from this procedure is one such example.",COV,79,https://ftp.ncbi.nlm.nih.gov/geo/series/GSE224nnn/GSE224442/suppl/,COV:78;TAR:1,Mus musculus,2,liver:46;blood:32,DNA methylation changes in mice induced by parabiosis and recovery [RRBS]
0.571;2.0;26.074;43.457,no_24_month_plus_exact_age;celltype_specific_hsc_context,GSE233879,GSE,28,Expression profiling by high throughput sequencing; Methylation profiling by high throughput sequencing,https://www.ncbi.nlm.nih.gov/geo/query/acc.cgi?acc=GSE233879,none_detected:72;recovery:8,10.0,43.457,0.571,80,57,We have conducted RNA sequencing and single-cell RNA sequencing to invesitgate the transcriptomic heterogenetity in HSCs aging. RRBS profiling is conducted and applied to calculate the epigenetic age.,GSE233879_RAW.tar,2120140800,https://ftp.ncbi.nlm.nih.gov/geo/series/GSE233nnn/GSE233879/suppl/GSE233879_RAW.tar,2026-05-18T00:58:41.971820+00:00,P2_adapter_audit,bismark_cov_per_sample_tar,2025/01/02,parser_smoke_then_decide_download,,,https://ftp.ncbi.nlm.nih.gov/geo/series/GSE233nnn/GSE233879/soft/GSE233879_family.soft.gz,manual_seed_v7_9,"Aging is a process accompanied by functional decline in tissues and organs with great social and medical consequences. Previous studies have demonstrated that aged hematopoietic stem cells (HSCs) are functionally compromised, which at least partly contributes to aging-related decline of the body health. However, the underlying mechanism is largely unknown. Here we reveal a clear heterogeneity of old HSCs, which can be marked by the CD150 levels. Comparative molecular and functional analyses revealed that CD150low HSCs from old mice have a younger aging clock, transcriptome, and better repopulation capacity compared to that of the CD150high HSCs. Mechanistically, CD150high HSCs from old mice have greatly compromised differentiation capacity compared to that of the CD150low HSCs. Importantly, decreasing the CD150high HSC ratio in old mice can alleviate aging-related functional decline. Thus, our study not only reveals how HSC heterogeneity contributes to aging, but also points to a poten","BW, COV, MTX, TSV, TXT, WIG",89,https://ftp.ncbi.nlm.nih.gov/geo/series/GSE233nnn/GSE233879/suppl/,TXT:24;BW:24;WIG:16;COV:12;TSV:8;MTX:4;TAR:1,Mus musculus,2,hsc_bone_marrow:76;blood:20,Increased molecular and functional heterogeneity of hematopoietic stem cells contributes to age-related decline of tissue and body function
,limited_exact_age_parse;no_24_month_plus_exact_age;single_tissue_or_celltype;celltype_specific_hsc_context,GSE276335,GSE,0,Expression profiling by high throughput sequencing; Methylation profiling by high throughput sequencing,https://www.ncbi.nlm.nih.gov/geo/query/acc.cgi?acc=GSE276335,genetic:17;none_detected:12,,,,29,16,Transcriptome and epigenetic analysis from young and old HSCs (WT vs Gadd45b KO),GSE276335_RAW.tar,2744565760,https://ftp.ncbi.nlm.nih.gov/geo/series/GSE276nnn/GSE276335/suppl/GSE276335_RAW.tar,2026-05-18T00:58:43.532670+00:00,P4_low_priority,wgbs_cov_per_sample_tar,2026/05/15,do_not_download_until_main_gap_is_fixed,,,https://ftp.ncbi.nlm.nih.gov/geo/series/GSE276nnn/GSE276335/soft/GSE276335_family.soft.gz,"manual_seed_v7_9 || Mus musculus[ORGN] AND ""Methylation profiling by high throughput sequencing"" AND aging AND gse[ETYP]","Age-related functional decline of hematopoietic stem cells (HSC) contributes to the decline of the hematopoietic system. Growth Arrest and DNA Damage-inducible proteins (Gadd45a, Gadd45b, and Gadd45g) are robustly expressed early in HSC activation and are known to be important for DNA damage response. Gadd45b has also been shown to promote removal of 5-methylcytosine at specific loci. Given that both DNA methylation (DNAm) alterations and DNA damage have been associated with HSC aging, we sought to examine the role of Gadd45b in HSCs. To examine if Gadd45b is critical for regulating DNAm in HSCs, we performed whole genome bisulfite sequence and RNA sequencing on wild-type (WT) and Gadd45b knock-out (KO) HSCs isolated from young and old mice. Global DNAm of young KO showed increased DNAm compared to young WT, and the DNAm profiles were more similar to old HSCs, from either WT and KO, than to young WT. We examined the DNAm changes common between the Gadd45b KO (YKOvsYWT) or WT aging (OWT","COV, TXT",30,https://ftp.ncbi.nlm.nih.gov/geo/series/GSE276nnn/GSE276335/suppl/,TXT:19;COV:10;TAR:1,Mus musculus,1,unknown:19;hsc_bone_marrow:10,Age-like Methylation Changes of HSCs in Gadd45b knock-out mice
,limited_exact_age_parse;no_24_month_plus_exact_age,GSE286302,GSE,0,Methylation profiling by high throughput sequencing,https://www.ncbi.nlm.nih.gov/geo/query/acc.cgi?acc=GSE286302,circadian:49;recovery:49,,,,49,37,"Reduced representation bisulfite sequencing (RRBS) profiling of liver, lung and muscle tissues in aging mice treated with 3dA and chemogenetic manipulation in PVN.",GSE286302_RAW.tar,6347182080,https://ftp.ncbi.nlm.nih.gov/geo/series/GSE286nnn/GSE286302/suppl/GSE286302_RAW.tar,2026-05-18T00:58:45.094539+00:00,P3_auxiliary_or_intervention,bismark_cov_per_sample_tar,2026/03/08,keep_for_targeted_validation_not_primary_clock_training,,,https://ftp.ncbi.nlm.nih.gov/geo/series/GSE286nnn/GSE286302/soft/GSE286302_family.soft.gz,"manual_seed_v7_9 || Mus musculus[ORGN] AND (RRBS OR ""reduced representation bisulfite"") AND (aging OR age OR old OR month) AND gse[ETYP] || Mus musculus[ORGN] AND ""Methylation profiling by high throughput sequencing"" AND aging AND gse[ETYP]","The decline of behavioral and metabolic rhythms with aging underscores the critical role of circadian regulation in health and longevity. Restoring circadian rhythms has recently emerged as a promising strategy to combat aging-associated disorders. Epigenome remodeling and gene expression changes during cellular senescence. These epigenomic changes have been widely recognized as hallmarks of aging. Therefore, we examined the DNA methylation levels in aging mice with 3dA treatment and chemogenetic manipulation in PVN. Our results suggest that enhancing circadian rhythm amplitude in paraventricular nucleus (PVN) neurons by 3’-deoxyadenosine (3dA) and chemogenetics significantly reverses the epigenetic clock of multi tissues in aging mice.",COV,50,https://ftp.ncbi.nlm.nih.gov/geo/series/GSE286nnn/GSE286302/suppl/,COV:49;TAR:1,Mus musculus,3,liver:19;skeletal_muscle:18;lung:12,Restoring Circadian Rhythms in the Paraventricular Nucleus Reverses the Epigenetic Clock of Multi Tissues in Aging Mice. [RRBS]
17.383;104.297,single_tissue_or_celltype;in_vitro_or_organoid_context,GSE295059,GSE,68,Methylation profiling by high throughput sequencing,https://www.ncbi.nlm.nih.gov/geo/query/acc.cgi?acc=GSE295059,drug:70,24.0,104.297,17.383,70,0,"Intestinal crypts from 4-month-old and 24-month-old mice were isolated to generate organoids, which were then used for DNA and RNA extraction. These organoids underwent RRBS (Reduced Representation Bisulfite Sequencing) and RNA-seq analysis to investigate age- and passage-related changes in DNA methylation and gene expression. This approach allowed us to assess how aging and extended culturing influence the molecular landscape of the organoids",GSE295059_RAW.tar,5126604800,https://ftp.ncbi.nlm.nih.gov/geo/series/GSE295nnn/GSE295059/suppl/GSE295059_RAW.tar,2026-05-18T00:58:46.659326+00:00,P2_adapter_audit,bismark_cov_per_sample_tar,2025/06/01,parser_smoke_then_decide_download,,,https://ftp.ncbi.nlm.nih.gov/geo/series/GSE295nnn/GSE295059/soft/GSE295059_family.soft.gz,"manual_seed_v7_9 || Mus musculus[ORGN] AND (RRBS OR ""reduced representation bisulfite"") AND (aging OR age OR old OR month) AND gse[ETYP] || Mus musculus[ORGN] AND ""DNA methylation"" AND ""24 month"" AND gse[ETYP]","Intestinal organoids, three-dimensional cultures from intestinal stem cells, are a powerful model for studying aging, and DNA methylation is an accurate biological clock. Consequently, we hypothesized that organoid DNA methylation could serve as an aging metric and a valuable tool for in vitro aging research. Our initial study revealed significant DNA methylation changes, during organoid culture, with 27% of total CpG sites undergoing hypomethylation, and 11% gaining hypermethylation. Hypomethylation occurred predominantly in aging-associated genomic regions, including non-promoter, non-CpG island regions (e.g., transposable elements), while hypermethylation, in CpG islands, significantly (p < 0.001) correlated with aging. Comparison of aging-methylated sites with differentiation-specific CpG sites showed minimal overlap, indicating negligible association. Early-passage (P0 and P2) organoids, derived from 4- and 24-month-old mice, preserved aging-specific methylation patterns, with a c",COV,71,https://ftp.ncbi.nlm.nih.gov/geo/series/GSE295nnn/GSE295059/suppl/,COV:70;TAR:1,Mus musculus,1,intestine:70,In Vitro Modeling of Age-Related Methylation Changes with Intestinal Organoids [RRBS]
,limited_exact_age_parse;no_24_month_plus_exact_age;single_tissue_or_celltype,GSE281602,GSE,0,Methylation profiling by high throughput sequencing,https://www.ncbi.nlm.nih.gov/geo/query/acc.cgi?acc=GSE281602,none_detected:8,,,,8,0,We isolated cardiomyocyte nuclei using FACS and performed RRBS sequencing. Outputs were analyzed using bismark package.,GSE281602_RAW.tar,454676480,https://ftp.ncbi.nlm.nih.gov/geo/series/GSE281nnn/GSE281602/suppl/GSE281602_RAW.tar,2026-05-18T00:58:48.308723+00:00,P3_auxiliary_or_intervention,bismark_cov_per_sample_tar,2025/11/11,keep_for_targeted_validation_not_primary_clock_training,,,https://ftp.ncbi.nlm.nih.gov/geo/series/GSE281nnn/GSE281602/soft/GSE281602_family.soft.gz,"Mus musculus[ORGN] AND (RRBS OR ""reduced representation bisulfite"") AND (aging OR age OR old OR month) AND gse[ETYP]","Cardiac aging is a major risk factor for cardiovascular diseases, yet the underlying molecular mechanisms remain poorly understood. Methylation at the CpG islands have been heavily associated with the process of aging. In this study, we performed RRBS sequencing to identify changes in CpG methylation in the aging cardiomyocyte.","BEDGRAPH, COV",17,https://ftp.ncbi.nlm.nih.gov/geo/series/GSE281nnn/GSE281602/suppl/,BEDGRAPH:8;COV:8;TAR:1,Mus musculus,1,heart:8,Transcriptional profiling of aged and young mouse hearts [RRBS]
17.383;104.297,single_tissue_or_celltype;processed_cov_not_detected;celltype_specific_hsc_context;requires_parser_smoke_before_download,GSE47815,GSE,13,Methylation profiling by high throughput sequencing,https://www.ncbi.nlm.nih.gov/geo/query/acc.cgi?acc=GSE47815,none_detected:13,24.0,104.297,17.383,13,6,"Mouse hematopoietic stem cell DNA methylation profiles of 4 month and 24 month old WT mice were generated generated by deep sequencing, in duplicate, using Illumina Hiseq 2000.",GSE47815_RAW.tar,2676193280,https://ftp.ncbi.nlm.nih.gov/geo/series/GSE47nnn/GSE47815/suppl/GSE47815_RAW.tar,2026-05-18T00:58:49.871505+00:00,P3_auxiliary_or_intervention,unknown_methylation_raw_tar,2014/04/30,keep_for_targeted_validation_not_primary_clock_training,requires_parser_smoke_before_download,,https://ftp.ncbi.nlm.nih.gov/geo/series/GSE47nnn/GSE47815/soft/GSE47815_family.soft.gz,"Mus musculus[ORGN] AND ""DNA methylation"" AND ""24 month"" AND gse[ETYP]","To investigate the global DNA methylation changes in mouse hematopoietic stem cell aging, we performed whole-genome bisulfite sequencing (WGBS). We generated 1,494 million (4mo HSCs), and 1,493 million (24mo HSCs) raw reads; about 82.6% and 84.3%, respectively, were successfully aligned to either strand of the reference genome (mm9). Of all the cytosines present in the reference genome sequence, about 93% of Cs and 99% of CGs were covered in both datasets, with an average coverage of 46-fold (4mo) and 50-fold (24mo). In contrast to the age-associated hypomethylation observed in studies of somatic cells, mentioned above, HSCs showed an increase of methylation with age. The average methylation level over all 16 million covered CpGs increased from 83.5% in young (4mo) HSC to 84.6% in old (24mo) HSC. We observed a total of 448,166 differentially methylated CpGs (DMCs), defined as those having a 20% or more difference in methylation ratio, of which 38.5% (172,609) were hypomethylated (hypo-",BED,14,https://ftp.ncbi.nlm.nih.gov/geo/series/GSE47nnn/GSE47815/suppl/,BED:13;TAR:1,Mus musculus,1,hsc_bone_marrow:13,Epigenetic and genetic changes during mouse hematopoietic stem cell aging [Bisulfite-Seq]
13.037;39.111;65.186;104.297;121.68,single_tissue_or_celltype;processed_cov_not_detected;no_parseable_processed_methylation_schema_detected,GSE304754,GSE,83,Methylation profiling by high throughput sequencing,https://www.ncbi.nlm.nih.gov/geo/query/acc.cgi?acc=GSE304754,none_detected:83,28.0,121.68,13.037,83,0,"Reduced representation bisulfite sequencing (RRBS) of 83 genomic DNA samples from male mouse (C57BL/6J/Ukj) hippocampus at different ages: 3 (n = 16), 9 (n = 16), 15 (n = 16), 24 (n = 16), and 28 (n = 18) months.",,,,2026-05-18T00:58:50.707238+00:00,P2_adapter_audit,unknown_or_non_methylation,2025/08/31,parser_smoke_then_decide_download,no_parseable_processed_methylation_schema_detected,,https://ftp.ncbi.nlm.nih.gov/geo/series/GSE304nnn/GSE304754/soft/GSE304754_family.soft.gz,"Mus musculus[ORGN] AND (RRBS OR ""reduced representation bisulfite"") AND (aging OR age OR old OR month) AND gse[ETYP]","Aging-related cognitive decline is associated with changes across different tissues and the gut microbiome, including dysfunction of the gut-brain axis. However, only few studies have linked multi-organ alterations to cognitive decline during aging. Here we report a multi-omics analysis integrating metabolomics, transcriptomics, DNA methylation, and metagenomics data from hippocampus, liver, colon, and fecal samples of mice, correlated with cognitive performance in the Barnes Maze spatial learning task across different age groups. We identified 734 molecular features associated with cognitive rank within individual data layers, of which 227 features remain when integrating all data layers with each other. Among the single-layer predictors, several host and microbial features were highlighted, with host-associated markers being predominant. Host features associated with cognitive function mainly belong to innate and adaptive inflammatory activity (inflammaging) and developmental process",COV,1,https://ftp.ncbi.nlm.nih.gov/geo/series/GSE304nnn/GSE304754/suppl/,,Mus musculus,1,brain:83,Multi-omics analysis highlights the link of aging-related cognitive decline with systemic inflammation and alterations of tissue-maintenance [RRBS]
1.857;8.0,no_24_month_plus_exact_age;single_tissue_or_celltype,GSE319289,GSE,49,Methylation profiling by high throughput sequencing; Expression profiling by high throughput sequencing,https://www.ncbi.nlm.nih.gov/geo/query/acc.cgi?acc=GSE319289,none_detected:46;genetic:3,1.841,8.0,1.857,49,28,"Bulk RNA-Seq (n=6-7/group), Myonuclear RRBS (n=3-4/group), and single myonucleus RNA-Seq (n=1 replicate/group) profiling of adult and aged HSA-GFP mouse plantaris muscle that underwent 72 hours of synergist ablation mechanical overload (MOV) or sham (control) surgery.",GSE319289_RAW.tar,509634560,https://ftp.ncbi.nlm.nih.gov/geo/series/GSE319nnn/GSE319289/suppl/GSE319289_RAW.tar,2026-05-18T00:58:52.272378+00:00,P3_auxiliary_or_intervention,bismark_cov_per_sample_tar,2026/02/12,keep_for_targeted_validation_not_primary_clock_training,,,https://ftp.ncbi.nlm.nih.gov/geo/series/GSE319nnn/GSE319289/soft/GSE319289_family.soft.gz,"Mus musculus[ORGN] AND (RRBS OR ""reduced representation bisulfite"") AND (aging OR age OR old OR month) AND gse[ETYP] || Mus musculus[ORGN] AND ""DNA methylation"" AND ""24 month"" AND gse[ETYP]","A detailed analysis of how muscle fiber nuclei (myonuclei) respond to a hypertrophic stimulus would provide a critical step toward understanding compromised skeletal muscle plasticity with age. We used recombination-independent doxycycline-inducible myonucleus-specific fluorescent labelling, tissue RNA-sequencing, myonuclear DNA methylation analysis, multi-omic integration, and single myonucleus RNA-sequencing to define the molecular characteristics of adult (6-8 month) and aged (24 month) murine skeletal muscle after acute mechanical overload (MOV). In adult and aged MOV muscles, we found that: 1) similarities in the transcriptional response to loading – specifically in metabolism genes – were partly explained by a post-transcriptional microRNA-mediated mechanism, which we corroborated using an inducible muscle fiber-specific miR-1 knockout model, 2) differences in age-dependent transcriptional responses were linked to the magnitude and location of differential DNA methylation in resi","COV, CSV, H5, TXT",18,https://ftp.ncbi.nlm.nih.gov/geo/series/GSE319nnn/GSE319289/suppl/,COV:13;H5:4;TAR:1,Mus musculus,1,skeletal_muscle:49,The Age-Dependent Resident Myonuclear Multi-Omic Response to an Acute Skeletal Muscle Hypertrophic Stimulus in Mice
8.691;78.223;112.989,single_tissue_or_celltype;processed_cov_not_detected;no_parseable_processed_methylation_schema_detected,GSE129712,GSE,24,Methylation profiling by high throughput sequencing,https://www.ncbi.nlm.nih.gov/geo/query/acc.cgi?acc=GSE129712,none_detected:24,26.0,112.989,8.691,24,0,Transcriptional and epigenetic landscape of the mouse intestine during aging.,GSE129712_RAW.tar,349480960,https://ftp.ncbi.nlm.nih.gov/geo/series/GSE129nnn/GSE129712/suppl/GSE129712_RAW.tar,2026-05-18T00:58:53.833462+00:00,P2_adapter_audit,unknown_or_non_methylation,2025/09/25,parser_smoke_then_decide_download,no_parseable_processed_methylation_schema_detected,,https://ftp.ncbi.nlm.nih.gov/geo/series/GSE129nnn/GSE129712/soft/GSE129712_family.soft.gz,"Mus musculus[ORGN] AND (RRBS OR ""reduced representation bisulfite"") AND (aging OR age OR old OR month) AND gse[ETYP]","Aging is a complex multifactorial process leading to the loss of tissue/organ functionality and to an increase in disease risk. Aging-related intestinal dysfunctions include loss of barrier integrity, altered stress responses, nutrient malabsorption, and cancer formation. Many molecular mechanisms related to dysfunction and diseases are well-known (e.g. in cancer), however how aging impact on them before the occurrence of dysfunctions and diseases is poorly understood.  In this study, we applied a multi-layered omics-approach to characterize the transcriptional and the epigenetic landscape of mouse intestinal epithelium during aging. We found gender and cell-type specific transcriptional and epigenetic alterations on key pathways and genes linked to intestinal dysfunctions, stem cell aging, organismal lifespan and cancer. Moreover, we identified a switch in the composition of the old intestinal stem cell subpopulations, represented by a drift towards a more secretory lineage committed ",TXT,25,https://ftp.ncbi.nlm.nih.gov/geo/series/GSE129nnn/GSE129712/suppl/,TXT:24;TAR:1,Mus musculus,1,intestine:24,Transcriptional and epigenetic landscape of the mouse intestine during aging identifies key molecular drivers of aging -associated dysfunctions and diseases [RRBS]
13.037;95.606,no_24_month_plus_exact_age;single_tissue_or_celltype;processed_cov_not_detected;requires_parser_smoke_before_download,GSE231658,GSE,22,Methylation profiling by high throughput sequencing,https://www.ncbi.nlm.nih.gov/geo/query/acc.cgi?acc=GSE231658,reprogramming:12;none_detected:10,22.0,95.606,13.037,22,14,"WGBS on dorsal skin and isolated tail epidermis samples from five mice treated with long-term partial reprogramming from 15 months of age until 22 months, untreated mice (22 months), and young (3 months) mice.",GSE231658_RAW.tar,5751050240,https://ftp.ncbi.nlm.nih.gov/geo/series/GSE231nnn/GSE231658/suppl/GSE231658_RAW.tar,2026-05-18T00:58:55.398663+00:00,P3_auxiliary_or_intervention,unknown_methylation_raw_tar,2026/02/02,keep_for_targeted_validation_not_primary_clock_training,requires_parser_smoke_before_download,,https://ftp.ncbi.nlm.nih.gov/geo/series/GSE231nnn/GSE231658/soft/GSE231658_family.soft.gz,"Mus musculus[ORGN] AND ""Methylation profiling by high throughput sequencing"" AND aging AND gse[ETYP]","Rejuvenation of tissues in physiologically aging mice can be accomplished by long-term partial reprogramming via expression of reprogramming factors (Oct4, Sox2, Klf4 and c-Myc). To investigate the epigenetic determinants of partial reprogramming-mediated rejuvenation, we used whole genome bisulfite sequencing to carry out unbiased comprehensive profiling of DNA methylation changes in skin from mice subjected to partial reprogramming, as well as young and untreated old controls. We found a striking convergence of age- and rejuvenation-related epigenetic alterations on targets of the Polycomb repressive complex 2 (PRC2). These results are also supported by a likewise prominent enrichment of PRC2 targets in gene expression data, suggesting that PRC2 activity can modulate aging and mediate tissue rejuvenation.",BW,59,https://ftp.ncbi.nlm.nih.gov/geo/series/GSE231nnn/GSE231658/suppl/,BW:58;TAR:1,Mus musculus,0,unknown:22,Convergence of aging- and rejuvenation-related epigenetic alterations on PRC2 targets [WGBS]
20.0,no_24_month_plus_exact_age;single_tissue_or_celltype,GSE266961,GSE,60,Methylation profiling by high throughput sequencing,https://www.ncbi.nlm.nih.gov/geo/query/acc.cgi?acc=GSE266961,none_detected:74,4.602,20.0,20.0,74,60,DNA libraries for methylation sequencing were generated using flow cytometry-sorted splenic CD4+ conventional T cells (Tconv cells) and CD4+CD25+FOXP3+ regulatory T cells (Treg cells) from healthy mice and paired alveolar CD4+ Tconv and Treg cells from mechanically ventilated patients with severe SARS-CoV-2 pneumonia. |  | *************************************************************** | Submitter states that missing raw data are being made available for controlled access in dbGaP. | ***************************************************************,GSE266961_RAW.tar,27028019200,https://ftp.ncbi.nlm.nih.gov/geo/series/GSE266nnn/GSE266961/suppl/GSE266961_RAW.tar,2026-05-18T00:58:57.205530+00:00,P3_auxiliary_or_intervention,bismark_cov_per_sample_tar,2025/06/02,keep_for_targeted_validation_not_primary_clock_training,,,https://ftp.ncbi.nlm.nih.gov/geo/series/GSE266nnn/GSE266961/soft/GSE266961_family.soft.gz,"Mus musculus[ORGN] AND (RRBS OR ""reduced representation bisulfite"") AND (aging OR age OR old OR month) AND gse[ETYP]","DNA methylation at cytosine-phospho-guanine (CpG) residues is a vital biological process that regulates cell identity and function. Although widely used, bisulfite-based cytosine conversion procedures for DNA methylation sequencing require high temperature and extreme pH, which leads to DNA degradation, especially among unmethylated cytosines. This disproportionate damage to unmethylated cytosines contributes to inaccuracies in GC content representation. EM-seq, an enzyme-based cytosine conversion method, has been proposed as a less biased alternative to methylation profiling. Compared to bisulfite-based methods, EM-seq boasts greater genome coverage with less GC bias and has the potential to cover more CpGs with the same number of reads (i.e., higher signal-to-noise ratio). Reduced representation approaches enrich samples for CpG-rich genomic regions, thereby enhancing throughput and cost effectiveness. We hypothesized that enzyme-based technology could be adapted for reduced represen","BEDGRAPH, BW, COV, TXT",223,https://ftp.ncbi.nlm.nih.gov/geo/series/GSE266nnn/GSE266961/suppl/,COV:74;BW:74;BEDGRAPH:74;TAR:1,Homo sapiens; Mus musculus,0,unknown:74,Novel enzyme-based reduced representation method for DNA methylation profiling with low inputs
,limited_exact_age_parse;no_24_month_plus_exact_age;single_tissue_or_celltype;processed_cov_not_detected;no_parseable_processed_methylation_schema_detected,GSE313655,GSE,0,Methylation profiling by high throughput sequencing,https://www.ncbi.nlm.nih.gov/geo/query/acc.cgi?acc=GSE313655,none_detected:10,,,,10,5,WGBS profiling of hepatocytes isolated from young and old mice.,,,,2026-05-18T00:58:58.039244+00:00,P4_low_priority,unknown_or_non_methylation,2026/05/01,do_not_download_until_main_gap_is_fixed,no_parseable_processed_methylation_schema_detected,,https://ftp.ncbi.nlm.nih.gov/geo/series/GSE313nnn/GSE313655/soft/GSE313655_family.soft.gz,"Mus musculus[ORGN] AND ""Methylation profiling by high throughput sequencing"" AND aging AND gse[ETYP]","Age is a major risk factor for liver cancer, as is the case for most adult human cancers. However, the underlying mechanisms are not well defined. A better understanding of the role of aging in liver and other cancers can facilitate approaches for risk assessment, early detection and prevention. We hypothesize that age-driven changes render aged liver more sensitive to oncogenic stress and hence tumorigenesis. To investigate how the liver changes with age, we documented the immune profile, transcriptome and epigenome of healthy livers from both young and aged mice, revealing pronounced alterations with aging. Notably, in aged hepatocytes, we identified heightened interferon (IFN) signaling, as well as simultaneous tumor suppressor and oncogene signaling at both bulk and single cell level, suggestive of an aged liver that is poised for neoplasia. To challenge this seemingly poised state, we employed adeno-associated virus (AAV)-mediated expression of a c-Myc oncogene in young and aged m",TSV,1,https://ftp.ncbi.nlm.nih.gov/geo/series/GSE313nnn/GSE313655/suppl/,,Mus musculus,0,unknown:10,Activated Interferon Signaling Suppresses Age-Dependent Liver Cancer [WGBS]
17.383;52.149;78.223;104.297;108.643;112.989;117.334;121.68,superseries_use_subseries_when_available,GSE213723,GSE,141,Expression profiling by high throughput sequencing; Methylation profiling by high throughput sequencing,https://www.ncbi.nlm.nih.gov/geo/query/acc.cgi?acc=GSE213723,none_detected:144,28.0,121.68,17.383,144,0,Refer to individual Series,GSE213723_RAW.tar,3334041600,https://ftp.ncbi.nlm.nih.gov/geo/series/GSE213nnn/GSE213723/suppl/GSE213723_RAW.tar,2026-05-18T00:58:59.605599+00:00,P3_auxiliary_or_intervention,bismark_cov_per_sample_tar,2022/09/30,use_subseries_not_superseries_for_download,,,https://ftp.ncbi.nlm.nih.gov/geo/series/GSE213nnn/GSE213723/soft/GSE213723_family.soft.gz,"Mus musculus[ORGN] AND ""DNA methylation"" AND ""24 month"" AND gse[ETYP] || Mus musculus[ORGN] AND ""DNA methylation"" AND ""26 month"" AND gse[ETYP]",This SuperSeries is composed of the SubSeries listed below.,"COV, TXT",145,https://ftp.ncbi.nlm.nih.gov/geo/series/GSE213nnn/GSE213723/suppl/,COV:120;TXT:24;TAR:1,Mus musculus,8,intestine:68;heart:22;spleen:16;blood:10;kidney:10;liver:6;lung:6;skeletal_muscle:6,DNA methylation entropy as a measure of stem cell replication and aging
,limited_exact_age_parse;no_24_month_plus_exact_age;single_tissue_or_celltype;processed_cov_not_detected;no_parseable_processed_methylation_schema_detected,GSE312263,GSE,0,Methylation profiling by high throughput sequencing,https://www.ncbi.nlm.nih.gov/geo/query/acc.cgi?acc=GSE312263,genetic:6;none_detected:6,,,,12,0,"Twelve hippocampal samples (6 Mtr-cKO and 6 wild-type controls) collected from 21-day-old mice were processed for RRBS. Genomic DNA was extracted and prepared following the Diagenode Premium RRBS kit protocol, bisulfite-converted, and amplified. Sequencing was carried out in single-end mode (75 bp) on an Illumina NextSeq 550. FASTQ files were trimmed, aligned, and used for CpG methylation quantification. Differentially methylated CpG sites and DMRs were detected using methylKit with FDR correction.",,,,2026-05-18T00:59:00.439318+00:00,P4_low_priority,unknown_or_non_methylation,2026/03/01,do_not_download_until_main_gap_is_fixed,no_parseable_processed_methylation_schema_detected,,https://ftp.ncbi.nlm.nih.gov/geo/series/GSE312nnn/GSE312263/soft/GSE312263_family.soft.gz,"Mus musculus[ORGN] AND (RRBS OR ""reduced representation bisulfite"") AND (aging OR age OR old OR month) AND gse[ETYP]","This dataset reports Reduced Representation Bisulfite Sequencing (RRBS) of hippocampal tissue from 21-day-old Mtr-cKO and wild-type mice. Genomic DNA was extracted from hippocampus, quantified, and quality-checked prior to RRBS library preparation using the Diagenode Premium RRBS kit. Bisulfite conversion efficiency was evaluated using methylated and unmethylated spike-in controls. Single-end 75 bp sequencing was performed on an Illumina NextSeq 550 system. Raw FASTQ files and processed CpG methylation tables are provided. Differential methylation analysis was performed using methylKit (R), including filtering, normalization, CpG calling, DMR identification, and genome annotation.",TXT,1,https://ftp.ncbi.nlm.nih.gov/geo/series/GSE312nnn/GSE312263/suppl/,,Mus musculus,1,brain:12,Reduced Representation Bisulfite Sequencing (RRBS) of hippocampus from Mtr-cKO and wild-type mice
