sample_id,title,age_days,age_weeks,raw_age_value,raw_age_unit,normalized_age_unit,age_unit_source,age_parse_warning,tissue,strain,sex,intervention,dataset_batch,assay,fastq_on_disk,parse_status,raw_source_name,raw_characteristics,sample_id_source,metadata_source,matrix_sample_id,source_column,condition_detail,condition_family
GSE60012_tile_001,GSE60012 synthetic Liver_M_3w_NORMAL,21.0,3.0,3.0,weeks,weeks,matrix_header_synthetic,,liver,C57/bl,M,control,GSE60012,RRBS_tile_matrix,False,ok_header_synthetic_non_gsm,Liver,matrix_sample_id: GSE60012_tile_001_Liver_M_3w_NORMAL | source_column: Liver_M_3w_NORMAL | condition_detail: NORMAL,matrix_header_synthetic,matrix_header_synthetic_non_gsm,GSE60012_tile_001_Liver_M_3w_NORMAL,Liver_M_3w_NORMAL,NORMAL,normal
GSE60012_tile_002,GSE60012 synthetic Liver_F_8w_NORMAL,56.0,8.0,8.0,weeks,weeks,matrix_header_synthetic,,liver,C57/bl,F,control,GSE60012,RRBS_tile_matrix,False,ok_header_synthetic_non_gsm,Liver,matrix_sample_id: GSE60012_tile_002_Liver_F_8w_NORMAL | source_column: Liver_F_8w_NORMAL | condition_detail: NORMAL,matrix_header_synthetic,matrix_header_synthetic_non_gsm,GSE60012_tile_002_Liver_F_8w_NORMAL,Liver_F_8w_NORMAL,NORMAL,normal
GSE60012_tile_003,GSE60012 synthetic Liver_F_8w_NORMAL,56.0,8.0,8.0,weeks,weeks,matrix_header_synthetic,,liver,C57/bl,F,control,GSE60012,RRBS_tile_matrix,False,ok_header_synthetic_non_gsm,Liver,matrix_sample_id: GSE60012_tile_003_Liver_F_8w_NORMAL | source_column: Liver_F_8w_NORMAL | condition_detail: NORMAL,matrix_header_synthetic,matrix_header_synthetic_non_gsm,GSE60012_tile_003_Liver_F_8w_NORMAL,Liver_F_8w_NORMAL,NORMAL,normal
GSE60012_tile_004,GSE60012 synthetic Liver_F_8w_NORMAL,56.0,8.0,8.0,weeks,weeks,matrix_header_synthetic,,liver,C57/bl,F,control,GSE60012,RRBS_tile_matrix,False,ok_header_synthetic_non_gsm,Liver,matrix_sample_id: GSE60012_tile_004_Liver_F_8w_NORMAL | source_column: Liver_F_8w_NORMAL | condition_detail: NORMAL,matrix_header_synthetic,matrix_header_synthetic_non_gsm,GSE60012_tile_004_Liver_F_8w_NORMAL,Liver_F_8w_NORMAL,NORMAL,normal
GSE60012_tile_005,GSE60012 synthetic Liver_F_8w_NORMAL,56.0,8.0,8.0,weeks,weeks,matrix_header_synthetic,,liver,C57/bl,F,control,GSE60012,RRBS_tile_matrix,False,ok_header_synthetic_non_gsm,Liver,matrix_sample_id: GSE60012_tile_005_Liver_F_8w_NORMAL | source_column: Liver_F_8w_NORMAL | condition_detail: NORMAL,matrix_header_synthetic,matrix_header_synthetic_non_gsm,GSE60012_tile_005_Liver_F_8w_NORMAL,Liver_F_8w_NORMAL,NORMAL,normal
GSE60012_tile_006,GSE60012 synthetic Liver_F_8w_NORMAL,56.0,8.0,8.0,weeks,weeks,matrix_header_synthetic,,liver,C57/bl,F,control,GSE60012,RRBS_tile_matrix,False,ok_header_synthetic_non_gsm,Liver,matrix_sample_id: GSE60012_tile_006_Liver_F_8w_NORMAL | source_column: Liver_F_8w_NORMAL | condition_detail: NORMAL,matrix_header_synthetic,matrix_header_synthetic_non_gsm,GSE60012_tile_006_Liver_F_8w_NORMAL,Liver_F_8w_NORMAL,NORMAL,normal
GSE60012_tile_007,GSE60012 synthetic Liver_M_8w_NORMAL,56.0,8.0,8.0,weeks,weeks,matrix_header_synthetic,,liver,C57/bl,M,control,GSE60012,RRBS_tile_matrix,False,ok_header_synthetic_non_gsm,Liver,matrix_sample_id: GSE60012_tile_007_Liver_M_8w_NORMAL | source_column: Liver_M_8w_NORMAL | condition_detail: NORMAL,matrix_header_synthetic,matrix_header_synthetic_non_gsm,GSE60012_tile_007_Liver_M_8w_NORMAL,Liver_M_8w_NORMAL,NORMAL,normal
GSE60012_tile_008,GSE60012 synthetic Liver_M_8w_NORMAL,56.0,8.0,8.0,weeks,weeks,matrix_header_synthetic,,liver,C57/bl,M,control,GSE60012,RRBS_tile_matrix,False,ok_header_synthetic_non_gsm,Liver,matrix_sample_id: GSE60012_tile_008_Liver_M_8w_NORMAL | source_column: Liver_M_8w_NORMAL | condition_detail: NORMAL,matrix_header_synthetic,matrix_header_synthetic_non_gsm,GSE60012_tile_008_Liver_M_8w_NORMAL,Liver_M_8w_NORMAL,NORMAL,normal
GSE60012_tile_009,GSE60012 synthetic Liver_M_8w_NORMAL,56.0,8.0,8.0,weeks,weeks,matrix_header_synthetic,,liver,C57/bl,M,control,GSE60012,RRBS_tile_matrix,False,ok_header_synthetic_non_gsm,Liver,matrix_sample_id: GSE60012_tile_009_Liver_M_8w_NORMAL | source_column: Liver_M_8w_NORMAL | condition_detail: NORMAL,matrix_header_synthetic,matrix_header_synthetic_non_gsm,GSE60012_tile_009_Liver_M_8w_NORMAL,Liver_M_8w_NORMAL,NORMAL,normal
GSE60012_tile_010,GSE60012 synthetic Liver_M_8w_NORMAL,56.0,8.0,8.0,weeks,weeks,matrix_header_synthetic,,liver,C57/bl,M,control,GSE60012,RRBS_tile_matrix,False,ok_header_synthetic_non_gsm,Liver,matrix_sample_id: GSE60012_tile_010_Liver_M_8w_NORMAL | source_column: Liver_M_8w_NORMAL | condition_detail: NORMAL,matrix_header_synthetic,matrix_header_synthetic_non_gsm,GSE60012_tile_010_Liver_M_8w_NORMAL,Liver_M_8w_NORMAL,NORMAL,normal
GSE60012_tile_011,GSE60012 synthetic Liver_M_8w_NORMAL,56.0,8.0,8.0,weeks,weeks,matrix_header_synthetic,,liver,C57/bl,M,control,GSE60012,RRBS_tile_matrix,False,ok_header_synthetic_non_gsm,Liver,matrix_sample_id: GSE60012_tile_011_Liver_M_8w_NORMAL | source_column: Liver_M_8w_NORMAL | condition_detail: NORMAL,matrix_header_synthetic,matrix_header_synthetic_non_gsm,GSE60012_tile_011_Liver_M_8w_NORMAL,Liver_M_8w_NORMAL,NORMAL,normal
GSE60012_tile_012,GSE60012 synthetic Liver_M_28w_old_castration_control,196.0,28.0,28.0,weeks,weeks,matrix_header_synthetic,,liver,C57/bl,M,other_intervention,GSE60012,RRBS_tile_matrix,False,ok_header_synthetic_non_gsm,Liver,matrix_sample_id: GSE60012_tile_012_Liver_M_28w_old_castration_control | source_column: Liver_M_28w_old_castration_control | condition_detail: old_castration_control,matrix_header_synthetic,matrix_header_synthetic_non_gsm,GSE60012_tile_012_Liver_M_28w_old_castration_control,Liver_M_28w_old_castration_control,old_castration_control,old_castration_control
GSE60012_tile_013,GSE60012 synthetic Liver_M_28w_old_castration_control,196.0,28.0,28.0,weeks,weeks,matrix_header_synthetic,,liver,C57/bl,M,other_intervention,GSE60012,RRBS_tile_matrix,False,ok_header_synthetic_non_gsm,Liver,matrix_sample_id: GSE60012_tile_013_Liver_M_28w_old_castration_control | source_column: Liver_M_28w_old_castration_control | condition_detail: old_castration_control,matrix_header_synthetic,matrix_header_synthetic_non_gsm,GSE60012_tile_013_Liver_M_28w_old_castration_control,Liver_M_28w_old_castration_control,old_castration_control,old_castration_control
GSE60012_tile_014,GSE60012 synthetic Liver_M_28w_old_castration_control,196.0,28.0,28.0,weeks,weeks,matrix_header_synthetic,,liver,C57/bl,M,other_intervention,GSE60012,RRBS_tile_matrix,False,ok_header_synthetic_non_gsm,Liver,matrix_sample_id: GSE60012_tile_014_Liver_M_28w_old_castration_control | source_column: Liver_M_28w_old_castration_control | condition_detail: old_castration_control,matrix_header_synthetic,matrix_header_synthetic_non_gsm,GSE60012_tile_014_Liver_M_28w_old_castration_control,Liver_M_28w_old_castration_control,old_castration_control,old_castration_control
GSE60012_tile_015,GSE60012 synthetic Liver_M_28w_old_castration_control,196.0,28.0,28.0,weeks,weeks,matrix_header_synthetic,,liver,C57/bl,M,other_intervention,GSE60012,RRBS_tile_matrix,False,ok_header_synthetic_non_gsm,Liver,matrix_sample_id: GSE60012_tile_015_Liver_M_28w_old_castration_control | source_column: Liver_M_28w_old_castration_control | condition_detail: old_castration_control,matrix_header_synthetic,matrix_header_synthetic_non_gsm,GSE60012_tile_015_Liver_M_28w_old_castration_control,Liver_M_28w_old_castration_control,old_castration_control,old_castration_control
GSE60012_tile_016,GSE60012 synthetic Liver_M_28w_old_castration_control,196.0,28.0,28.0,weeks,weeks,matrix_header_synthetic,,liver,C57/bl,M,other_intervention,GSE60012,RRBS_tile_matrix,False,ok_header_synthetic_non_gsm,Liver,matrix_sample_id: GSE60012_tile_016_Liver_M_28w_old_castration_control | source_column: Liver_M_28w_old_castration_control | condition_detail: old_castration_control,matrix_header_synthetic,matrix_header_synthetic_non_gsm,GSE60012_tile_016_Liver_M_28w_old_castration_control,Liver_M_28w_old_castration_control,old_castration_control,old_castration_control
GSE60012_tile_017,GSE60012 synthetic Liver_M_28w_old_castration,196.0,28.0,28.0,weeks,weeks,matrix_header_synthetic,,liver,C57/bl,M,other_intervention,GSE60012,RRBS_tile_matrix,False,ok_header_synthetic_non_gsm,Liver,matrix_sample_id: GSE60012_tile_017_Liver_M_28w_old_castration | source_column: Liver_M_28w_old_castration | condition_detail: old_castration,matrix_header_synthetic,matrix_header_synthetic_non_gsm,GSE60012_tile_017_Liver_M_28w_old_castration,Liver_M_28w_old_castration,old_castration,old_castration
GSE60012_tile_018,GSE60012 synthetic Liver_M_28w_old_castration,196.0,28.0,28.0,weeks,weeks,matrix_header_synthetic,,liver,C57/bl,M,other_intervention,GSE60012,RRBS_tile_matrix,False,ok_header_synthetic_non_gsm,Liver,matrix_sample_id: GSE60012_tile_018_Liver_M_28w_old_castration | source_column: Liver_M_28w_old_castration | condition_detail: old_castration,matrix_header_synthetic,matrix_header_synthetic_non_gsm,GSE60012_tile_018_Liver_M_28w_old_castration,Liver_M_28w_old_castration,old_castration,old_castration
GSE60012_tile_019,GSE60012 synthetic Liver_M_28w_old_castration,196.0,28.0,28.0,weeks,weeks,matrix_header_synthetic,,liver,C57/bl,M,other_intervention,GSE60012,RRBS_tile_matrix,False,ok_header_synthetic_non_gsm,Liver,matrix_sample_id: GSE60012_tile_019_Liver_M_28w_old_castration | source_column: Liver_M_28w_old_castration | condition_detail: old_castration,matrix_header_synthetic,matrix_header_synthetic_non_gsm,GSE60012_tile_019_Liver_M_28w_old_castration,Liver_M_28w_old_castration,old_castration,old_castration
GSE60012_tile_020,GSE60012 synthetic Liver_M_28w_old_castration,196.0,28.0,28.0,weeks,weeks,matrix_header_synthetic,,liver,C57/bl,M,other_intervention,GSE60012,RRBS_tile_matrix,False,ok_header_synthetic_non_gsm,Liver,matrix_sample_id: GSE60012_tile_020_Liver_M_28w_old_castration | source_column: Liver_M_28w_old_castration | condition_detail: old_castration,matrix_header_synthetic,matrix_header_synthetic_non_gsm,GSE60012_tile_020_Liver_M_28w_old_castration,Liver_M_28w_old_castration,old_castration,old_castration
GSE60012_tile_021,GSE60012 synthetic Liver_M_28w_old_castration,196.0,28.0,28.0,weeks,weeks,matrix_header_synthetic,,liver,C57/bl,M,other_intervention,GSE60012,RRBS_tile_matrix,False,ok_header_synthetic_non_gsm,Liver,matrix_sample_id: GSE60012_tile_021_Liver_M_28w_old_castration | source_column: Liver_M_28w_old_castration | condition_detail: old_castration,matrix_header_synthetic,matrix_header_synthetic_non_gsm,GSE60012_tile_021_Liver_M_28w_old_castration,Liver_M_28w_old_castration,old_castration,old_castration
GSE60012_tile_022,GSE60012 synthetic Liver_M_28w_old_castration,196.0,28.0,28.0,weeks,weeks,matrix_header_synthetic,,liver,C57/bl,M,other_intervention,GSE60012,RRBS_tile_matrix,False,ok_header_synthetic_non_gsm,Liver,matrix_sample_id: GSE60012_tile_022_Liver_M_28w_old_castration | source_column: Liver_M_28w_old_castration | condition_detail: old_castration,matrix_header_synthetic,matrix_header_synthetic_non_gsm,GSE60012_tile_022_Liver_M_28w_old_castration,Liver_M_28w_old_castration,old_castration,old_castration
GSE60012_tile_023,GSE60012 synthetic Liver_M_20w_young_castrated,140.0,20.0,20.0,weeks,weeks,matrix_header_synthetic,,liver,C57/bl,M,other_intervention,GSE60012,RRBS_tile_matrix,False,ok_header_synthetic_non_gsm,Liver,matrix_sample_id: GSE60012_tile_023_Liver_M_20w_young_castrated | source_column: Liver_M_20w_young_castrated | condition_detail: young_castrated,matrix_header_synthetic,matrix_header_synthetic_non_gsm,GSE60012_tile_023_Liver_M_20w_young_castrated,Liver_M_20w_young_castrated,young_castrated,young_castrated
GSE60012_tile_024,GSE60012 synthetic Muscle_M_20w_young_castrated,140.0,20.0,20.0,weeks,weeks,matrix_header_synthetic,,muscle,C57/bl,M,other_intervention,GSE60012,RRBS_tile_matrix,False,ok_header_synthetic_non_gsm,Muscle,matrix_sample_id: GSE60012_tile_024_Muscle_M_20w_young_castrated | source_column: Muscle_M_20w_young_castrated | condition_detail: young_castrated,matrix_header_synthetic,matrix_header_synthetic_non_gsm,GSE60012_tile_024_Muscle_M_20w_young_castrated,Muscle_M_20w_young_castrated,young_castrated,young_castrated
GSE60012_tile_025,GSE60012 synthetic Liver_M_20w_young_castrated,140.0,20.0,20.0,weeks,weeks,matrix_header_synthetic,,liver,C57/bl,M,other_intervention,GSE60012,RRBS_tile_matrix,False,ok_header_synthetic_non_gsm,Liver,matrix_sample_id: GSE60012_tile_025_Liver_M_20w_young_castrated | source_column: Liver_M_20w_young_castrated | condition_detail: young_castrated,matrix_header_synthetic,matrix_header_synthetic_non_gsm,GSE60012_tile_025_Liver_M_20w_young_castrated,Liver_M_20w_young_castrated,young_castrated,young_castrated
GSE60012_tile_026,GSE60012 synthetic Muscle_M_20w_young_castrated,140.0,20.0,20.0,weeks,weeks,matrix_header_synthetic,,muscle,C57/bl,M,other_intervention,GSE60012,RRBS_tile_matrix,False,ok_header_synthetic_non_gsm,Muscle,matrix_sample_id: GSE60012_tile_026_Muscle_M_20w_young_castrated | source_column: Muscle_M_20w_young_castrated | condition_detail: young_castrated,matrix_header_synthetic,matrix_header_synthetic_non_gsm,GSE60012_tile_026_Muscle_M_20w_young_castrated,Muscle_M_20w_young_castrated,young_castrated,young_castrated
GSE60012_tile_027,GSE60012 synthetic Liver_M_20w_young_castrated,140.0,20.0,20.0,weeks,weeks,matrix_header_synthetic,,liver,C57/bl,M,other_intervention,GSE60012,RRBS_tile_matrix,False,ok_header_synthetic_non_gsm,Liver,matrix_sample_id: GSE60012_tile_027_Liver_M_20w_young_castrated | source_column: Liver_M_20w_young_castrated | condition_detail: young_castrated,matrix_header_synthetic,matrix_header_synthetic_non_gsm,GSE60012_tile_027_Liver_M_20w_young_castrated,Liver_M_20w_young_castrated,young_castrated,young_castrated
GSE60012_tile_028,GSE60012 synthetic Muscle_M_20w_young_castrated,140.0,20.0,20.0,weeks,weeks,matrix_header_synthetic,,muscle,C57/bl,M,other_intervention,GSE60012,RRBS_tile_matrix,False,ok_header_synthetic_non_gsm,Muscle,matrix_sample_id: GSE60012_tile_028_Muscle_M_20w_young_castrated | source_column: Muscle_M_20w_young_castrated | condition_detail: young_castrated,matrix_header_synthetic,matrix_header_synthetic_non_gsm,GSE60012_tile_028_Muscle_M_20w_young_castrated,Muscle_M_20w_young_castrated,young_castrated,young_castrated
GSE60012_tile_029,GSE60012 synthetic Liver_M_20w_young_control_castrated,140.0,20.0,20.0,weeks,weeks,matrix_header_synthetic,,liver,C57/bl,M,other_intervention,GSE60012,RRBS_tile_matrix,False,ok_header_synthetic_non_gsm,Liver,matrix_sample_id: GSE60012_tile_029_Liver_M_20w_young_control_castrated | source_column: Liver_M_20w_young_control_castrated | condition_detail: young_control_castrated,matrix_header_synthetic,matrix_header_synthetic_non_gsm,GSE60012_tile_029_Liver_M_20w_young_control_castrated,Liver_M_20w_young_control_castrated,young_control_castrated,young_control_castrated
GSE60012_tile_030,GSE60012 synthetic Muscle_M_20w_young_control_castrated,140.0,20.0,20.0,weeks,weeks,matrix_header_synthetic,,muscle,C57/bl,M,other_intervention,GSE60012,RRBS_tile_matrix,False,ok_header_synthetic_non_gsm,Muscle,matrix_sample_id: GSE60012_tile_030_Muscle_M_20w_young_control_castrated | source_column: Muscle_M_20w_young_control_castrated | condition_detail: young_control_castrated,matrix_header_synthetic,matrix_header_synthetic_non_gsm,GSE60012_tile_030_Muscle_M_20w_young_control_castrated,Muscle_M_20w_young_control_castrated,young_control_castrated,young_control_castrated
GSE60012_tile_031,GSE60012 synthetic Liver_M_20w_young_control_castrated,140.0,20.0,20.0,weeks,weeks,matrix_header_synthetic,,liver,C57/bl,M,other_intervention,GSE60012,RRBS_tile_matrix,False,ok_header_synthetic_non_gsm,Liver,matrix_sample_id: GSE60012_tile_031_Liver_M_20w_young_control_castrated | source_column: Liver_M_20w_young_control_castrated | condition_detail: young_control_castrated,matrix_header_synthetic,matrix_header_synthetic_non_gsm,GSE60012_tile_031_Liver_M_20w_young_control_castrated,Liver_M_20w_young_control_castrated,young_control_castrated,young_control_castrated
GSE60012_tile_032,GSE60012 synthetic Muscle_M_20w_young_control_castrated,140.0,20.0,20.0,weeks,weeks,matrix_header_synthetic,,muscle,C57/bl,M,other_intervention,GSE60012,RRBS_tile_matrix,False,ok_header_synthetic_non_gsm,Muscle,matrix_sample_id: GSE60012_tile_032_Muscle_M_20w_young_control_castrated | source_column: Muscle_M_20w_young_control_castrated | condition_detail: young_control_castrated,matrix_header_synthetic,matrix_header_synthetic_non_gsm,GSE60012_tile_032_Muscle_M_20w_young_control_castrated,Muscle_M_20w_young_control_castrated,young_control_castrated,young_control_castrated
GSE60012_tile_033,GSE60012 synthetic Liver_M_20w_young_control_castrated,140.0,20.0,20.0,weeks,weeks,matrix_header_synthetic,,liver,C57/bl,M,other_intervention,GSE60012,RRBS_tile_matrix,False,ok_header_synthetic_non_gsm,Liver,matrix_sample_id: GSE60012_tile_033_Liver_M_20w_young_control_castrated | source_column: Liver_M_20w_young_control_castrated | condition_detail: young_control_castrated,matrix_header_synthetic,matrix_header_synthetic_non_gsm,GSE60012_tile_033_Liver_M_20w_young_control_castrated,Liver_M_20w_young_control_castrated,young_control_castrated,young_control_castrated
GSE60012_tile_034,GSE60012 synthetic Muscle_M_20w_young_control_castrated,140.0,20.0,20.0,weeks,weeks,matrix_header_synthetic,,muscle,C57/bl,M,other_intervention,GSE60012,RRBS_tile_matrix,False,ok_header_synthetic_non_gsm,Muscle,matrix_sample_id: GSE60012_tile_034_Muscle_M_20w_young_control_castrated | source_column: Muscle_M_20w_young_control_castrated | condition_detail: young_control_castrated,matrix_header_synthetic,matrix_header_synthetic_non_gsm,GSE60012_tile_034_Muscle_M_20w_young_control_castrated,Muscle_M_20w_young_control_castrated,young_control_castrated,young_control_castrated
GSE60012_tile_035,GSE60012 synthetic Liver_M_20w_young_control_castrated,140.0,20.0,20.0,weeks,weeks,matrix_header_synthetic,,liver,C57/bl,M,other_intervention,GSE60012,RRBS_tile_matrix,False,ok_header_synthetic_non_gsm,Liver,matrix_sample_id: GSE60012_tile_035_Liver_M_20w_young_control_castrated | source_column: Liver_M_20w_young_control_castrated | condition_detail: young_control_castrated,matrix_header_synthetic,matrix_header_synthetic_non_gsm,GSE60012_tile_035_Liver_M_20w_young_control_castrated,Liver_M_20w_young_control_castrated,young_control_castrated,young_control_castrated
GSE60012_tile_036,GSE60012 synthetic Muscle_M_20w_young_control_castrated,140.0,20.0,20.0,weeks,weeks,matrix_header_synthetic,,muscle,C57/bl,M,other_intervention,GSE60012,RRBS_tile_matrix,False,ok_header_synthetic_non_gsm,Muscle,matrix_sample_id: GSE60012_tile_036_Muscle_M_20w_young_control_castrated | source_column: Muscle_M_20w_young_control_castrated | condition_detail: young_control_castrated,matrix_header_synthetic,matrix_header_synthetic_non_gsm,GSE60012_tile_036_Muscle_M_20w_young_control_castrated,Muscle_M_20w_young_control_castrated,young_control_castrated,young_control_castrated
GSE60012_tile_037,GSE60012 synthetic Liver_M_20w_young_castrated,140.0,20.0,20.0,weeks,weeks,matrix_header_synthetic,,liver,C57/bl,M,other_intervention,GSE60012,RRBS_tile_matrix,False,ok_header_synthetic_non_gsm,Liver,matrix_sample_id: GSE60012_tile_037_Liver_M_20w_young_castrated | source_column: Liver_M_20w_young_castrated | condition_detail: young_castrated,matrix_header_synthetic,matrix_header_synthetic_non_gsm,GSE60012_tile_037_Liver_M_20w_young_castrated,Liver_M_20w_young_castrated,young_castrated,young_castrated
GSE60012_tile_038,GSE60012 synthetic Muscle_M_20w_young_castrated,140.0,20.0,20.0,weeks,weeks,matrix_header_synthetic,,muscle,C57/bl,M,other_intervention,GSE60012,RRBS_tile_matrix,False,ok_header_synthetic_non_gsm,Muscle,matrix_sample_id: GSE60012_tile_038_Muscle_M_20w_young_castrated | source_column: Muscle_M_20w_young_castrated | condition_detail: young_castrated,matrix_header_synthetic,matrix_header_synthetic_non_gsm,GSE60012_tile_038_Muscle_M_20w_young_castrated,Muscle_M_20w_young_castrated,young_castrated,young_castrated
GSE60012_tile_039,GSE60012 synthetic Liver_M_20w_young_castrated,140.0,20.0,20.0,weeks,weeks,matrix_header_synthetic,,liver,C57/bl,M,other_intervention,GSE60012,RRBS_tile_matrix,False,ok_header_synthetic_non_gsm,Liver,matrix_sample_id: GSE60012_tile_039_Liver_M_20w_young_castrated | source_column: Liver_M_20w_young_castrated | condition_detail: young_castrated,matrix_header_synthetic,matrix_header_synthetic_non_gsm,GSE60012_tile_039_Liver_M_20w_young_castrated,Liver_M_20w_young_castrated,young_castrated,young_castrated
GSE60012_tile_040,GSE60012 synthetic Muscle_M_20w_young_castrated,140.0,20.0,20.0,weeks,weeks,matrix_header_synthetic,,muscle,C57/bl,M,other_intervention,GSE60012,RRBS_tile_matrix,False,ok_header_synthetic_non_gsm,Muscle,matrix_sample_id: GSE60012_tile_040_Muscle_M_20w_young_castrated | source_column: Muscle_M_20w_young_castrated | condition_detail: young_castrated,matrix_header_synthetic,matrix_header_synthetic_non_gsm,GSE60012_tile_040_Muscle_M_20w_young_castrated,Muscle_M_20w_young_castrated,young_castrated,young_castrated
GSE60012_tile_041,GSE60012 synthetic Liver_M_20w_testosterone_control,140.0,20.0,20.0,weeks,weeks,matrix_header_synthetic,,liver,C57/bl,M,other_intervention,GSE60012,RRBS_tile_matrix,False,ok_header_synthetic_non_gsm,Liver,matrix_sample_id: GSE60012_tile_041_Liver_M_20w_testosterone_control | source_column: Liver_M_20w_testosterone_control | condition_detail: testosterone_control,matrix_header_synthetic,matrix_header_synthetic_non_gsm,GSE60012_tile_041_Liver_M_20w_testosterone_control,Liver_M_20w_testosterone_control,testosterone_control,testosterone_control
GSE60012_tile_042,GSE60012 synthetic Liver_M_20w_testosterone_control,140.0,20.0,20.0,weeks,weeks,matrix_header_synthetic,,liver,C57/bl,M,other_intervention,GSE60012,RRBS_tile_matrix,False,ok_header_synthetic_non_gsm,Liver,matrix_sample_id: GSE60012_tile_042_Liver_M_20w_testosterone_control | source_column: Liver_M_20w_testosterone_control | condition_detail: testosterone_control,matrix_header_synthetic,matrix_header_synthetic_non_gsm,GSE60012_tile_042_Liver_M_20w_testosterone_control,Liver_M_20w_testosterone_control,testosterone_control,testosterone_control
GSE60012_tile_043,GSE60012 synthetic Liver_M_20w_testosterone_control,140.0,20.0,20.0,weeks,weeks,matrix_header_synthetic,,liver,C57/bl,M,other_intervention,GSE60012,RRBS_tile_matrix,False,ok_header_synthetic_non_gsm,Liver,matrix_sample_id: GSE60012_tile_043_Liver_M_20w_testosterone_control | source_column: Liver_M_20w_testosterone_control | condition_detail: testosterone_control,matrix_header_synthetic,matrix_header_synthetic_non_gsm,GSE60012_tile_043_Liver_M_20w_testosterone_control,Liver_M_20w_testosterone_control,testosterone_control,testosterone_control
GSE60012_tile_044,GSE60012 synthetic Liver_M_20w_testosterone,140.0,20.0,20.0,weeks,weeks,matrix_header_synthetic,,liver,C57/bl,M,other_intervention,GSE60012,RRBS_tile_matrix,False,ok_header_synthetic_non_gsm,Liver,matrix_sample_id: GSE60012_tile_044_Liver_M_20w_testosterone | source_column: Liver_M_20w_testosterone | condition_detail: testosterone,matrix_header_synthetic,matrix_header_synthetic_non_gsm,GSE60012_tile_044_Liver_M_20w_testosterone,Liver_M_20w_testosterone,testosterone,testosterone
GSE60012_tile_045,GSE60012 synthetic Liver_M_20w_testosterone,140.0,20.0,20.0,weeks,weeks,matrix_header_synthetic,,liver,C57/bl,M,other_intervention,GSE60012,RRBS_tile_matrix,False,ok_header_synthetic_non_gsm,Liver,matrix_sample_id: GSE60012_tile_045_Liver_M_20w_testosterone | source_column: Liver_M_20w_testosterone | condition_detail: testosterone,matrix_header_synthetic,matrix_header_synthetic_non_gsm,GSE60012_tile_045_Liver_M_20w_testosterone,Liver_M_20w_testosterone,testosterone,testosterone
GSE60012_tile_046,GSE60012 synthetic Liver_M_20w_testosterone,140.0,20.0,20.0,weeks,weeks,matrix_header_synthetic,,liver,C57/bl,M,other_intervention,GSE60012,RRBS_tile_matrix,False,ok_header_synthetic_non_gsm,Liver,matrix_sample_id: GSE60012_tile_046_Liver_M_20w_testosterone | source_column: Liver_M_20w_testosterone | condition_detail: testosterone,matrix_header_synthetic,matrix_header_synthetic_non_gsm,GSE60012_tile_046_Liver_M_20w_testosterone,Liver_M_20w_testosterone,testosterone,testosterone
GSE60012_tile_047,GSE60012 synthetic Liver_M_20w_testosterone_control,140.0,20.0,20.0,weeks,weeks,matrix_header_synthetic,,liver,C57/bl,M,other_intervention,GSE60012,RRBS_tile_matrix,False,ok_header_synthetic_non_gsm,Liver,matrix_sample_id: GSE60012_tile_047_Liver_M_20w_testosterone_control | source_column: Liver_M_20w_testosterone_control | condition_detail: testosterone_control,matrix_header_synthetic,matrix_header_synthetic_non_gsm,GSE60012_tile_047_Liver_M_20w_testosterone_control,Liver_M_20w_testosterone_control,testosterone_control,testosterone_control
GSE60012_tile_048,GSE60012 synthetic Liver_M_20w_testosterone,140.0,20.0,20.0,weeks,weeks,matrix_header_synthetic,,liver,C57/bl,M,other_intervention,GSE60012,RRBS_tile_matrix,False,ok_header_synthetic_non_gsm,Liver,matrix_sample_id: GSE60012_tile_048_Liver_M_20w_testosterone | source_column: Liver_M_20w_testosterone | condition_detail: testosterone,matrix_header_synthetic,matrix_header_synthetic_non_gsm,GSE60012_tile_048_Liver_M_20w_testosterone,Liver_M_20w_testosterone,testosterone,testosterone
GSE60012_tile_049,GSE60012 synthetic Liver_F_20w_castration,140.0,20.0,20.0,weeks,weeks,matrix_header_synthetic,,liver,C57/bl,F,other_intervention,GSE60012,RRBS_tile_matrix,False,ok_header_synthetic_non_gsm,Liver,matrix_sample_id: GSE60012_tile_049_Liver_F_20w_castration | source_column: Liver_F_20w_castration | condition_detail: castration,matrix_header_synthetic,matrix_header_synthetic_non_gsm,GSE60012_tile_049_Liver_F_20w_castration,Liver_F_20w_castration,castration,castration
GSE60012_tile_050,GSE60012 synthetic Liver_F_20w_castration,140.0,20.0,20.0,weeks,weeks,matrix_header_synthetic,,liver,C57/bl,F,other_intervention,GSE60012,RRBS_tile_matrix,False,ok_header_synthetic_non_gsm,Liver,matrix_sample_id: GSE60012_tile_050_Liver_F_20w_castration | source_column: Liver_F_20w_castration | condition_detail: castration,matrix_header_synthetic,matrix_header_synthetic_non_gsm,GSE60012_tile_050_Liver_F_20w_castration,Liver_F_20w_castration,castration,castration
GSE60012_tile_051,GSE60012 synthetic Liver_F_20w_castration,140.0,20.0,20.0,weeks,weeks,matrix_header_synthetic,,liver,C57/bl,F,other_intervention,GSE60012,RRBS_tile_matrix,False,ok_header_synthetic_non_gsm,Liver,matrix_sample_id: GSE60012_tile_051_Liver_F_20w_castration | source_column: Liver_F_20w_castration | condition_detail: castration,matrix_header_synthetic,matrix_header_synthetic_non_gsm,GSE60012_tile_051_Liver_F_20w_castration,Liver_F_20w_castration,castration,castration
GSE60012_tile_052,GSE60012 synthetic Liver_F_20w_vehicle_+_castration,140.0,20.0,20.0,weeks,weeks,matrix_header_synthetic,,liver,C57/bl,F,other_intervention,GSE60012,RRBS_tile_matrix,False,ok_header_synthetic_non_gsm,Liver,matrix_sample_id: GSE60012_tile_052_Liver_F_20w_vehacle_+_castration | source_column: Liver_F_20w_vehicle_+_castration | condition_detail: vehicle_+_castration,matrix_header_synthetic,matrix_header_synthetic_non_gsm,GSE60012_tile_052_Liver_F_20w_vehacle_+_castration,Liver_F_20w_vehicle_+_castration,vehicle_+_castration,vehicle_+_castration
GSE60012_tile_053,GSE60012 synthetic Liver_F_20w_vehicle_+_castration,140.0,20.0,20.0,weeks,weeks,matrix_header_synthetic,,liver,C57/bl,F,other_intervention,GSE60012,RRBS_tile_matrix,False,ok_header_synthetic_non_gsm,Liver,matrix_sample_id: GSE60012_tile_053_Liver_F_20w_vehacle_+_castration | source_column: Liver_F_20w_vehicle_+_castration | condition_detail: vehicle_+_castration,matrix_header_synthetic,matrix_header_synthetic_non_gsm,GSE60012_tile_053_Liver_F_20w_vehacle_+_castration,Liver_F_20w_vehicle_+_castration,vehicle_+_castration,vehicle_+_castration
GSE60012_tile_054,GSE60012 synthetic Liver_F_20w_vehicle_+_castration,140.0,20.0,20.0,weeks,weeks,matrix_header_synthetic,,liver,C57/bl,F,other_intervention,GSE60012,RRBS_tile_matrix,False,ok_header_synthetic_non_gsm,Liver,matrix_sample_id: GSE60012_tile_054_Liver_F_20w_vehacle_+_castration | source_column: Liver_F_20w_vehicle_+_castration | condition_detail: vehicle_+_castration,matrix_header_synthetic,matrix_header_synthetic_non_gsm,GSE60012_tile_054_Liver_F_20w_vehacle_+_castration,Liver_F_20w_vehicle_+_castration,vehicle_+_castration,vehicle_+_castration
GSE60012_tile_055,GSE60012 synthetic Liver_F_20w_vehicle_+_castration,140.0,20.0,20.0,weeks,weeks,matrix_header_synthetic,,liver,C57/bl,F,other_intervention,GSE60012,RRBS_tile_matrix,False,ok_header_synthetic_non_gsm,Liver,matrix_sample_id: GSE60012_tile_055_Liver_F_20w_vehacle_+_castration | source_column: Liver_F_20w_vehicle_+_castration | condition_detail: vehicle_+_castration,matrix_header_synthetic,matrix_header_synthetic_non_gsm,GSE60012_tile_055_Liver_F_20w_vehacle_+_castration,Liver_F_20w_vehicle_+_castration,vehicle_+_castration,vehicle_+_castration
GSE60012_tile_056,GSE60012 synthetic Liver_F_20w_vehicle_+_castration,140.0,20.0,20.0,weeks,weeks,matrix_header_synthetic,,liver,C57/bl,F,other_intervention,GSE60012,RRBS_tile_matrix,False,ok_header_synthetic_non_gsm,Liver,matrix_sample_id: GSE60012_tile_056_Liver_F_20w_vehacle_+_castration | source_column: Liver_F_20w_vehicle_+_castration | condition_detail: vehicle_+_castration,matrix_header_synthetic,matrix_header_synthetic_non_gsm,GSE60012_tile_056_Liver_F_20w_vehacle_+_castration,Liver_F_20w_vehicle_+_castration,vehicle_+_castration,vehicle_+_castration
GSE60012_tile_057,GSE60012 synthetic Liver_F_20w_vehicle_+_castration,140.0,20.0,20.0,weeks,weeks,matrix_header_synthetic,,liver,C57/bl,F,other_intervention,GSE60012,RRBS_tile_matrix,False,ok_header_synthetic_non_gsm,Liver,matrix_sample_id: GSE60012_tile_057_Liver_F_20w_vehacle_+_castration | source_column: Liver_F_20w_vehicle_+_castration | condition_detail: vehicle_+_castration,matrix_header_synthetic,matrix_header_synthetic_non_gsm,GSE60012_tile_057_Liver_F_20w_vehacle_+_castration,Liver_F_20w_vehicle_+_castration,vehicle_+_castration,vehicle_+_castration
GSE60012_tile_058,GSE60012 synthetic Liver_F_20w_testosterone_+_castration,140.0,20.0,20.0,weeks,weeks,matrix_header_synthetic,,liver,C57/bl,F,other_intervention,GSE60012,RRBS_tile_matrix,False,ok_header_synthetic_non_gsm,Liver,matrix_sample_id: GSE60012_tile_058_Liver_F_20w_testosterone_+_castaration | source_column: Liver_F_20w_testosterone_+_castration | condition_detail: testosterone_+_castration,matrix_header_synthetic,matrix_header_synthetic_non_gsm,GSE60012_tile_058_Liver_F_20w_testosterone_+_castaration,Liver_F_20w_testosterone_+_castration,testosterone_+_castration,testosterone_+_castration
GSE60012_tile_059,GSE60012 synthetic Liver_F_20w_testosterone_+_castration,140.0,20.0,20.0,weeks,weeks,matrix_header_synthetic,,liver,C57/bl,F,other_intervention,GSE60012,RRBS_tile_matrix,False,ok_header_synthetic_non_gsm,Liver,matrix_sample_id: GSE60012_tile_059_Liver_F_20w_testosterone_+_castaration | source_column: Liver_F_20w_testosterone_+_castration | condition_detail: testosterone_+_castration,matrix_header_synthetic,matrix_header_synthetic_non_gsm,GSE60012_tile_059_Liver_F_20w_testosterone_+_castaration,Liver_F_20w_testosterone_+_castration,testosterone_+_castration,testosterone_+_castration
GSE60012_tile_060,GSE60012 synthetic Liver_F_20w_testosterone_+_castration,140.0,20.0,20.0,weeks,weeks,matrix_header_synthetic,,liver,C57/bl,F,other_intervention,GSE60012,RRBS_tile_matrix,False,ok_header_synthetic_non_gsm,Liver,matrix_sample_id: GSE60012_tile_060_Liver_F_20w_testosterone_+_castaration | source_column: Liver_F_20w_testosterone_+_castration | condition_detail: testosterone_+_castration,matrix_header_synthetic,matrix_header_synthetic_non_gsm,GSE60012_tile_060_Liver_F_20w_testosterone_+_castaration,Liver_F_20w_testosterone_+_castration,testosterone_+_castration,testosterone_+_castration
GSE60012_tile_061,GSE60012 synthetic Liver_F_20w_testosterone_+_castration,140.0,20.0,20.0,weeks,weeks,matrix_header_synthetic,,liver,C57/bl,F,other_intervention,GSE60012,RRBS_tile_matrix,False,ok_header_synthetic_non_gsm,Liver,matrix_sample_id: GSE60012_tile_061_Liver_F_20w_testosterone_+_castaration | source_column: Liver_F_20w_testosterone_+_castration | condition_detail: testosterone_+_castration,matrix_header_synthetic,matrix_header_synthetic_non_gsm,GSE60012_tile_061_Liver_F_20w_testosterone_+_castaration,Liver_F_20w_testosterone_+_castration,testosterone_+_castration,testosterone_+_castration
GSE60012_tile_062,GSE60012 synthetic Liver_F_20w_testosterone_+_castration,140.0,20.0,20.0,weeks,weeks,matrix_header_synthetic,,liver,C57/bl,F,other_intervention,GSE60012,RRBS_tile_matrix,False,ok_header_synthetic_non_gsm,Liver,matrix_sample_id: GSE60012_tile_062_Liver_F_20w_testosterone_+_castaration | source_column: Liver_F_20w_testosterone_+_castration | condition_detail: testosterone_+_castration,matrix_header_synthetic,matrix_header_synthetic_non_gsm,GSE60012_tile_062_Liver_F_20w_testosterone_+_castaration,Liver_F_20w_testosterone_+_castration,testosterone_+_castration,testosterone_+_castration
GSE60012_tile_063,GSE60012 synthetic Liver_F_20w_testosterone_+_castration,140.0,20.0,20.0,weeks,weeks,matrix_header_synthetic,,liver,C57/bl,F,other_intervention,GSE60012,RRBS_tile_matrix,False,ok_header_synthetic_non_gsm,Liver,matrix_sample_id: GSE60012_tile_063_Liver_F_20w_testosterone_+_castaration | source_column: Liver_F_20w_testosterone_+_castration | condition_detail: testosterone_+_castration,matrix_header_synthetic,matrix_header_synthetic_non_gsm,GSE60012_tile_063_Liver_F_20w_testosterone_+_castaration,Liver_F_20w_testosterone_+_castration,testosterone_+_castration,testosterone_+_castration
GSE60012_tile_064,GSE60012 synthetic Liver_M_28w_old_castration_control,196.0,28.0,28.0,weeks,weeks,matrix_header_synthetic,,liver,C57/bl,M,other_intervention,GSE60012,RRBS_tile_matrix,False,ok_header_synthetic_non_gsm,Liver,matrix_sample_id: GSE60012_tile_064_Liver_M_28w_old_castration_control | source_column: Liver_M_28w_old_castration_control | condition_detail: old_castration_control,matrix_header_synthetic,matrix_header_synthetic_non_gsm,GSE60012_tile_064_Liver_M_28w_old_castration_control,Liver_M_28w_old_castration_control,old_castration_control,old_castration_control
GSE60012_tile_065,GSE60012 synthetic Liver_M_28w_old_castration_control,196.0,28.0,28.0,weeks,weeks,matrix_header_synthetic,,liver,C57/bl,M,other_intervention,GSE60012,RRBS_tile_matrix,False,ok_header_synthetic_non_gsm,Liver,matrix_sample_id: GSE60012_tile_065_Liver_M_28w_old_castration_control | source_column: Liver_M_28w_old_castration_control | condition_detail: old_castration_control,matrix_header_synthetic,matrix_header_synthetic_non_gsm,GSE60012_tile_065_Liver_M_28w_old_castration_control,Liver_M_28w_old_castration_control,old_castration_control,old_castration_control
GSE60012_tile_066,GSE60012 synthetic Liver_M_20w_old_castration_control,140.0,20.0,20.0,weeks,weeks,matrix_header_synthetic,,liver,C57/bl,M,other_intervention,GSE60012,RRBS_tile_matrix,False,ok_header_synthetic_non_gsm,Liver,matrix_sample_id: GSE60012_tile_066_Liver_M_20w_old_castration_control | source_column: Liver_M_20w_old_castration_control | condition_detail: old_castration_control,matrix_header_synthetic,matrix_header_synthetic_non_gsm,GSE60012_tile_066_Liver_M_20w_old_castration_control,Liver_M_20w_old_castration_control,old_castration_control,old_castration_control
GSE60012_tile_067,GSE60012 synthetic Liver_M_28w_old_castration,196.0,28.0,28.0,weeks,weeks,matrix_header_synthetic,,liver,C57/bl,M,other_intervention,GSE60012,RRBS_tile_matrix,False,ok_header_synthetic_non_gsm,Liver,matrix_sample_id: GSE60012_tile_067_Liver_M_28w_old_castration | source_column: Liver_M_28w_old_castration | condition_detail: old_castration,matrix_header_synthetic,matrix_header_synthetic_non_gsm,GSE60012_tile_067_Liver_M_28w_old_castration,Liver_M_28w_old_castration,old_castration,old_castration
GSE60012_tile_068,GSE60012 synthetic Liver_M_28w_old_castration,196.0,28.0,28.0,weeks,weeks,matrix_header_synthetic,,liver,C57/bl,M,other_intervention,GSE60012,RRBS_tile_matrix,False,ok_header_synthetic_non_gsm,Liver,matrix_sample_id: GSE60012_tile_068_Liver_M_28w_old_castration | source_column: Liver_M_28w_old_castration | condition_detail: old_castration,matrix_header_synthetic,matrix_header_synthetic_non_gsm,GSE60012_tile_068_Liver_M_28w_old_castration,Liver_M_28w_old_castration,old_castration,old_castration
GSE60012_tile_069,GSE60012 synthetic Cerebellum_F_20w_NORMAL,140.0,20.0,20.0,weeks,weeks,matrix_header_synthetic,,brain_cerebellum,C57/bl,F,control,GSE60012,RRBS_tile_matrix,False,ok_header_synthetic_non_gsm,Cerebellum,matrix_sample_id: GSE60012_tile_069_Cerebellum_F_20w_NORMAL | source_column: Cerebellum_F_20w_NORMAL | condition_detail: NORMAL,matrix_header_synthetic,matrix_header_synthetic_non_gsm,GSE60012_tile_069_Cerebellum_F_20w_NORMAL,Cerebellum_F_20w_NORMAL,NORMAL,normal
GSE60012_tile_070,GSE60012 synthetic Liver_F_20w_NORMAL,140.0,20.0,20.0,weeks,weeks,matrix_header_synthetic,,liver,C57/bl,F,control,GSE60012,RRBS_tile_matrix,False,ok_header_synthetic_non_gsm,Liver,matrix_sample_id: GSE60012_tile_070_Liver_F_20w_NORMAL | source_column: Liver_F_20w_NORMAL | condition_detail: NORMAL,matrix_header_synthetic,matrix_header_synthetic_non_gsm,GSE60012_tile_070_Liver_F_20w_NORMAL,Liver_F_20w_NORMAL,NORMAL,normal
GSE60012_tile_071,GSE60012 synthetic Cerebellum_F_20w_NORMAL,140.0,20.0,20.0,weeks,weeks,matrix_header_synthetic,,brain_cerebellum,C57/bl,F,control,GSE60012,RRBS_tile_matrix,False,ok_header_synthetic_non_gsm,Cerebellum,matrix_sample_id: GSE60012_tile_071_Cerebellum_F_20w_NORMAL | source_column: Cerebellum_F_20w_NORMAL | condition_detail: NORMAL,matrix_header_synthetic,matrix_header_synthetic_non_gsm,GSE60012_tile_071_Cerebellum_F_20w_NORMAL,Cerebellum_F_20w_NORMAL,NORMAL,normal
GSE60012_tile_072,GSE60012 synthetic Liver_F_20w_NORMAL,140.0,20.0,20.0,weeks,weeks,matrix_header_synthetic,,liver,C57/bl,F,control,GSE60012,RRBS_tile_matrix,False,ok_header_synthetic_non_gsm,Liver,matrix_sample_id: GSE60012_tile_072_Liver_F_20w_NORMAL | source_column: Liver_F_20w_NORMAL | condition_detail: NORMAL,matrix_header_synthetic,matrix_header_synthetic_non_gsm,GSE60012_tile_072_Liver_F_20w_NORMAL,Liver_F_20w_NORMAL,NORMAL,normal
GSE60012_tile_073,GSE60012 synthetic Cerebellum_F_20w_NORMAL,140.0,20.0,20.0,weeks,weeks,matrix_header_synthetic,,brain_cerebellum,C57/bl,F,control,GSE60012,RRBS_tile_matrix,False,ok_header_synthetic_non_gsm,Cerebellum,matrix_sample_id: GSE60012_tile_073_Cerebellum_F_20w_NORMAL | source_column: Cerebellum_F_20w_NORMAL | condition_detail: NORMAL,matrix_header_synthetic,matrix_header_synthetic_non_gsm,GSE60012_tile_073_Cerebellum_F_20w_NORMAL,Cerebellum_F_20w_NORMAL,NORMAL,normal
GSE60012_tile_074,GSE60012 synthetic Liver_F_20w_NORMAL,140.0,20.0,20.0,weeks,weeks,matrix_header_synthetic,,liver,C57/bl,F,control,GSE60012,RRBS_tile_matrix,False,ok_header_synthetic_non_gsm,Liver,matrix_sample_id: GSE60012_tile_074_Liver_F_20w_NORMAL | source_column: Liver_F_20w_NORMAL | condition_detail: NORMAL,matrix_header_synthetic,matrix_header_synthetic_non_gsm,GSE60012_tile_074_Liver_F_20w_NORMAL,Liver_F_20w_NORMAL,NORMAL,normal
GSE60012_tile_075,GSE60012 synthetic Cerebellum_F_20w_NORMAL,140.0,20.0,20.0,weeks,weeks,matrix_header_synthetic,,brain_cerebellum,C57/bl,F,control,GSE60012,RRBS_tile_matrix,False,ok_header_synthetic_non_gsm,Cerebellum,matrix_sample_id: GSE60012_tile_075_Cerebellum_F_20w_NORMAL | source_column: Cerebellum_F_20w_NORMAL | condition_detail: NORMAL,matrix_header_synthetic,matrix_header_synthetic_non_gsm,GSE60012_tile_075_Cerebellum_F_20w_NORMAL,Cerebellum_F_20w_NORMAL,NORMAL,normal
GSE60012_tile_076,GSE60012 synthetic Liver_M_20w_NORMAL,140.0,20.0,20.0,weeks,weeks,matrix_header_synthetic,,liver,C57/bl,M,control,GSE60012,RRBS_tile_matrix,False,ok_header_synthetic_non_gsm,Liver,matrix_sample_id: GSE60012_tile_076_Liver_M_20w_NORMAL | source_column: Liver_M_20w_NORMAL | condition_detail: NORMAL,matrix_header_synthetic,matrix_header_synthetic_non_gsm,GSE60012_tile_076_Liver_M_20w_NORMAL,Liver_M_20w_NORMAL,NORMAL,normal
GSE60012_tile_077,GSE60012 synthetic Liver_M_20w_NORMAL,140.0,20.0,20.0,weeks,weeks,matrix_header_synthetic,,liver,C57/bl,M,control,GSE60012,RRBS_tile_matrix,False,ok_header_synthetic_non_gsm,Liver,matrix_sample_id: GSE60012_tile_077_Liver_M_20w_NORMAL | source_column: Liver_M_20w_NORMAL | condition_detail: NORMAL,matrix_header_synthetic,matrix_header_synthetic_non_gsm,GSE60012_tile_077_Liver_M_20w_NORMAL,Liver_M_20w_NORMAL,NORMAL,normal
GSE60012_tile_078,GSE60012 synthetic Liver_F_20w_NORMAL,140.0,20.0,20.0,weeks,weeks,matrix_header_synthetic,,liver,C57/bl,F,control,GSE60012,RRBS_tile_matrix,False,ok_header_synthetic_non_gsm,Liver,matrix_sample_id: GSE60012_tile_078_Liver_F_20w_NORMAL | source_column: Liver_F_20w_NORMAL | condition_detail: NORMAL,matrix_header_synthetic,matrix_header_synthetic_non_gsm,GSE60012_tile_078_Liver_F_20w_NORMAL,Liver_F_20w_NORMAL,NORMAL,normal
GSE60012_tile_079,GSE60012 synthetic Liver_F_20w_NORMAL,140.0,20.0,20.0,weeks,weeks,matrix_header_synthetic,,liver,C57/bl,F,control,GSE60012,RRBS_tile_matrix,False,ok_header_synthetic_non_gsm,Liver,matrix_sample_id: GSE60012_tile_079_Liver_F_20w_NORMAL | source_column: Liver_F_20w_NORMAL | condition_detail: NORMAL,matrix_header_synthetic,matrix_header_synthetic_non_gsm,GSE60012_tile_079_Liver_F_20w_NORMAL,Liver_F_20w_NORMAL,NORMAL,normal
GSE60012_tile_081,GSE60012 synthetic Liver_M_20w_NORMAL,140.0,20.0,20.0,weeks,weeks,matrix_header_synthetic,,liver,C57/bl,M,control,GSE60012,RRBS_tile_matrix,False,ok_header_synthetic_non_gsm,Liver,matrix_sample_id: GSE60012_tile_081_Liver_M_20w_NORMAL | source_column: Liver_M_20w_NORMAL | condition_detail: NORMAL,matrix_header_synthetic,matrix_header_synthetic_non_gsm,GSE60012_tile_081_Liver_M_20w_NORMAL,Liver_M_20w_NORMAL,NORMAL,normal
GSE60012_tile_082,GSE60012 synthetic Liver_F_20w_NORMAL,140.0,20.0,20.0,weeks,weeks,matrix_header_synthetic,,liver,C57/bl,F,control,GSE60012,RRBS_tile_matrix,False,ok_header_synthetic_non_gsm,Liver,matrix_sample_id: GSE60012_tile_082_Liver_F_20w_NORMAL | source_column: Liver_F_20w_NORMAL | condition_detail: NORMAL,matrix_header_synthetic,matrix_header_synthetic_non_gsm,GSE60012_tile_082_Liver_F_20w_NORMAL,Liver_F_20w_NORMAL,NORMAL,normal
GSE60012_tile_083,GSE60012 synthetic Liver_F_20w_NORMAL,140.0,20.0,20.0,weeks,weeks,matrix_header_synthetic,,liver,C57/bl,F,control,GSE60012,RRBS_tile_matrix,False,ok_header_synthetic_non_gsm,Liver,matrix_sample_id: GSE60012_tile_083_Liver_F_20w_NORMAL | source_column: Liver_F_20w_NORMAL | condition_detail: NORMAL,matrix_header_synthetic,matrix_header_synthetic_non_gsm,GSE60012_tile_083_Liver_F_20w_NORMAL,Liver_F_20w_NORMAL,NORMAL,normal
GSE60012_tile_084,GSE60012 synthetic Liver_M_20w_NORMAL,140.0,20.0,20.0,weeks,weeks,matrix_header_synthetic,,liver,C57/bl,M,control,GSE60012,RRBS_tile_matrix,False,ok_header_synthetic_non_gsm,Liver,matrix_sample_id: GSE60012_tile_084_Liver_M_20w_NORMAL | source_column: Liver_M_20w_NORMAL | condition_detail: NORMAL,matrix_header_synthetic,matrix_header_synthetic_non_gsm,GSE60012_tile_084_Liver_M_20w_NORMAL,Liver_M_20w_NORMAL,NORMAL,normal
GSE60012_tile_085,GSE60012 synthetic Liver_M_20w_NORMAL,140.0,20.0,20.0,weeks,weeks,matrix_header_synthetic,,liver,C57/bl,M,control,GSE60012,RRBS_tile_matrix,False,ok_header_synthetic_non_gsm,Liver,matrix_sample_id: GSE60012_tile_085_Liver_M_20w_NORMAL | source_column: Liver_M_20w_NORMAL | condition_detail: NORMAL,matrix_header_synthetic,matrix_header_synthetic_non_gsm,GSE60012_tile_085_Liver_M_20w_NORMAL,Liver_M_20w_NORMAL,NORMAL,normal
GSE60012_tile_086,GSE60012 synthetic Spleen_M_20w_NORMAL,140.0,20.0,20.0,weeks,weeks,matrix_header_synthetic,,spleen,C57/bl,M,control,GSE60012,RRBS_tile_matrix,False,ok_header_synthetic_non_gsm,Spleen,matrix_sample_id: GSE60012_tile_086_Spleen_M_20w_NORMAL | source_column: Spleen_M_20w_NORMAL | condition_detail: NORMAL,matrix_header_synthetic,matrix_header_synthetic_non_gsm,GSE60012_tile_086_Spleen_M_20w_NORMAL,Spleen_M_20w_NORMAL,NORMAL,normal
GSE60012_tile_087,GSE60012 synthetic Liver_M_20w_NORMAL,140.0,20.0,20.0,weeks,weeks,matrix_header_synthetic,,liver,C57/bl,M,control,GSE60012,RRBS_tile_matrix,False,ok_header_synthetic_non_gsm,Liver,matrix_sample_id: GSE60012_tile_087_Liver_M_20w_NORMAL | source_column: Liver_M_20w_NORMAL | condition_detail: NORMAL,matrix_header_synthetic,matrix_header_synthetic_non_gsm,GSE60012_tile_087_Liver_M_20w_NORMAL,Liver_M_20w_NORMAL,NORMAL,normal
GSE60012_tile_088,GSE60012 synthetic Liver_M_20w_NORMAL,140.0,20.0,20.0,weeks,weeks,matrix_header_synthetic,,liver,C57/bl,M,control,GSE60012,RRBS_tile_matrix,False,ok_header_synthetic_non_gsm,Liver,matrix_sample_id: GSE60012_tile_088_Liver_M_20w_NORMAL | source_column: Liver_M_20w_NORMAL | condition_detail: NORMAL,matrix_header_synthetic,matrix_header_synthetic_non_gsm,GSE60012_tile_088_Liver_M_20w_NORMAL,Liver_M_20w_NORMAL,NORMAL,normal
GSE60012_tile_089,GSE60012 synthetic Spleen_M_20w_NORMAL,140.0,20.0,20.0,weeks,weeks,matrix_header_synthetic,,spleen,C57/bl,M,control,GSE60012,RRBS_tile_matrix,False,ok_header_synthetic_non_gsm,Spleen,matrix_sample_id: GSE60012_tile_089_Spleen_M_20w_NORMAL | source_column: Spleen_M_20w_NORMAL | condition_detail: NORMAL,matrix_header_synthetic,matrix_header_synthetic_non_gsm,GSE60012_tile_089_Spleen_M_20w_NORMAL,Spleen_M_20w_NORMAL,NORMAL,normal
GSE60012_tile_090,GSE60012 synthetic Spleen_M_20w_NORMAL,140.0,20.0,20.0,weeks,weeks,matrix_header_synthetic,,spleen,C57/bl,M,control,GSE60012,RRBS_tile_matrix,False,ok_header_synthetic_non_gsm,Spleen,matrix_sample_id: GSE60012_tile_090_Spleen_M_20w_NORMAL | source_column: Spleen_M_20w_NORMAL | condition_detail: NORMAL,matrix_header_synthetic,matrix_header_synthetic_non_gsm,GSE60012_tile_090_Spleen_M_20w_NORMAL,Spleen_M_20w_NORMAL,NORMAL,normal
GSE60012_tile_091,GSE60012 synthetic Spleen_M_20w_NORMAL,140.0,20.0,20.0,weeks,weeks,matrix_header_synthetic,,spleen,C57/bl,M,control,GSE60012,RRBS_tile_matrix,False,ok_header_synthetic_non_gsm,Spleen,matrix_sample_id: GSE60012_tile_091_Spleen_M_20w_NORMAL | source_column: Spleen_M_20w_NORMAL | condition_detail: NORMAL,matrix_header_synthetic,matrix_header_synthetic_non_gsm,GSE60012_tile_091_Spleen_M_20w_NORMAL,Spleen_M_20w_NORMAL,NORMAL,normal
GSE60012_tile_092,GSE60012 synthetic Spleen_F_20w_NORMAL,140.0,20.0,20.0,weeks,weeks,matrix_header_synthetic,,spleen,C57/bl,F,control,GSE60012,RRBS_tile_matrix,False,ok_header_synthetic_non_gsm,Spleen,matrix_sample_id: GSE60012_tile_092_Spleen_F_20w_NORMAL | source_column: Spleen_F_20w_NORMAL | condition_detail: NORMAL,matrix_header_synthetic,matrix_header_synthetic_non_gsm,GSE60012_tile_092_Spleen_F_20w_NORMAL,Spleen_F_20w_NORMAL,NORMAL,normal
GSE60012_tile_093,GSE60012 synthetic Spleen_F_20w_NORMAL,140.0,20.0,20.0,weeks,weeks,matrix_header_synthetic,,spleen,C57/bl,F,control,GSE60012,RRBS_tile_matrix,False,ok_header_synthetic_non_gsm,Spleen,matrix_sample_id: GSE60012_tile_093_Spleen_F_20w_NORMAL | source_column: Spleen_F_20w_NORMAL | condition_detail: NORMAL,matrix_header_synthetic,matrix_header_synthetic_non_gsm,GSE60012_tile_093_Spleen_F_20w_NORMAL,Spleen_F_20w_NORMAL,NORMAL,normal
GSE60012_tile_094,GSE60012 synthetic Liver_F_20w_NORMAL,140.0,20.0,20.0,weeks,weeks,matrix_header_synthetic,,liver,C57/bl,F,control,GSE60012,RRBS_tile_matrix,False,ok_header_synthetic_non_gsm,Liver,matrix_sample_id: GSE60012_tile_094_Liver_F_20w_NORMAL | source_column: Liver_F_20w_NORMAL | condition_detail: NORMAL,matrix_header_synthetic,matrix_header_synthetic_non_gsm,GSE60012_tile_094_Liver_F_20w_NORMAL,Liver_F_20w_NORMAL,NORMAL,normal
GSE60012_tile_095,GSE60012 synthetic Spleen_F_20w_NORMAL,140.0,20.0,20.0,weeks,weeks,matrix_header_synthetic,,spleen,C57/bl,F,control,GSE60012,RRBS_tile_matrix,False,ok_header_synthetic_non_gsm,Spleen,matrix_sample_id: GSE60012_tile_095_Spleen_F_20w_NORMAL | source_column: Spleen_F_20w_NORMAL | condition_detail: NORMAL,matrix_header_synthetic,matrix_header_synthetic_non_gsm,GSE60012_tile_095_Spleen_F_20w_NORMAL,Spleen_F_20w_NORMAL,NORMAL,normal
GSE60012_tile_096,GSE60012 synthetic Spleen_F_20w_NORMAL,140.0,20.0,20.0,weeks,weeks,matrix_header_synthetic,,spleen,C57/bl,F,control,GSE60012,RRBS_tile_matrix,False,ok_header_synthetic_non_gsm,Spleen,matrix_sample_id: GSE60012_tile_096_Spleen_F_20w_NORMAL | source_column: Spleen_F_20w_NORMAL | condition_detail: NORMAL,matrix_header_synthetic,matrix_header_synthetic_non_gsm,GSE60012_tile_096_Spleen_F_20w_NORMAL,Spleen_F_20w_NORMAL,NORMAL,normal
GSE60012_tile_097,GSE60012 synthetic Liver_F_1w_NORMAL,7.0,1.0,1.0,weeks,weeks,matrix_header_synthetic,,liver,C57/bl,F,control,GSE60012,RRBS_tile_matrix,False,ok_header_synthetic_non_gsm,Liver,matrix_sample_id: GSE60012_tile_097_Liver_F_1w_NORMAL | source_column: Liver_F_1w_NORMAL | condition_detail: NORMAL,matrix_header_synthetic,matrix_header_synthetic_non_gsm,GSE60012_tile_097_Liver_F_1w_NORMAL,Liver_F_1w_NORMAL,NORMAL,normal
GSE60012_tile_098,GSE60012 synthetic Liver_F_1w_NORMAL,7.0,1.0,1.0,weeks,weeks,matrix_header_synthetic,,liver,C57/bl,F,control,GSE60012,RRBS_tile_matrix,False,ok_header_synthetic_non_gsm,Liver,matrix_sample_id: GSE60012_tile_098_Liver_F_1w_NORMAL | source_column: Liver_F_1w_NORMAL | condition_detail: NORMAL,matrix_header_synthetic,matrix_header_synthetic_non_gsm,GSE60012_tile_098_Liver_F_1w_NORMAL,Liver_F_1w_NORMAL,NORMAL,normal
GSE60012_tile_099,GSE60012 synthetic Liver_M_1w_NORMAL,7.0,1.0,1.0,weeks,weeks,matrix_header_synthetic,,liver,C57/bl,M,control,GSE60012,RRBS_tile_matrix,False,ok_header_synthetic_non_gsm,Liver,matrix_sample_id: GSE60012_tile_099_Liver_M_1w_NORMAL | source_column: Liver_M_1w_NORMAL | condition_detail: NORMAL,matrix_header_synthetic,matrix_header_synthetic_non_gsm,GSE60012_tile_099_Liver_M_1w_NORMAL,Liver_M_1w_NORMAL,NORMAL,normal
GSE60012_tile_100,GSE60012 synthetic Liver_M_1w_NORMAL,7.0,1.0,1.0,weeks,weeks,matrix_header_synthetic,,liver,C57/bl,M,control,GSE60012,RRBS_tile_matrix,False,ok_header_synthetic_non_gsm,Liver,matrix_sample_id: GSE60012_tile_100_Liver_M_1w_NORMAL | source_column: Liver_M_1w_NORMAL | condition_detail: NORMAL,matrix_header_synthetic,matrix_header_synthetic_non_gsm,GSE60012_tile_100_Liver_M_1w_NORMAL,Liver_M_1w_NORMAL,NORMAL,normal
GSE60012_tile_101,GSE60012 synthetic Liver_M_1w_NORMAL,7.0,1.0,1.0,weeks,weeks,matrix_header_synthetic,,liver,C57/bl,M,control,GSE60012,RRBS_tile_matrix,False,ok_header_synthetic_non_gsm,Liver,matrix_sample_id: GSE60012_tile_101_Liver_M_1w_NORMAL | source_column: Liver_M_1w_NORMAL | condition_detail: NORMAL,matrix_header_synthetic,matrix_header_synthetic_non_gsm,GSE60012_tile_101_Liver_M_1w_NORMAL,Liver_M_1w_NORMAL,NORMAL,normal
GSE60012_tile_102,GSE60012 synthetic Liver_F_1w_NORMAL,7.0,1.0,1.0,weeks,weeks,matrix_header_synthetic,,liver,C57/bl,F,control,GSE60012,RRBS_tile_matrix,False,ok_header_synthetic_non_gsm,Liver,matrix_sample_id: GSE60012_tile_102_Liver_F_1w_NORMAL | source_column: Liver_F_1w_NORMAL | condition_detail: NORMAL,matrix_header_synthetic,matrix_header_synthetic_non_gsm,GSE60012_tile_102_Liver_F_1w_NORMAL,Liver_F_1w_NORMAL,NORMAL,normal
GSE60012_tile_103,GSE60012 synthetic Liver_M_1w_NORMAL,7.0,1.0,1.0,weeks,weeks,matrix_header_synthetic,,liver,C57/bl,M,control,GSE60012,RRBS_tile_matrix,False,ok_header_synthetic_non_gsm,Liver,matrix_sample_id: GSE60012_tile_103_Liver_M_1w_NORMAL | source_column: Liver_M_1w_NORMAL | condition_detail: NORMAL,matrix_header_synthetic,matrix_header_synthetic_non_gsm,GSE60012_tile_103_Liver_M_1w_NORMAL,Liver_M_1w_NORMAL,NORMAL,normal
GSE60012_tile_104,GSE60012 synthetic Liver_M_1w_NORMAL,7.0,1.0,1.0,weeks,weeks,matrix_header_synthetic,,liver,C57/bl,M,control,GSE60012,RRBS_tile_matrix,False,ok_header_synthetic_non_gsm,Liver,matrix_sample_id: GSE60012_tile_104_Liver_M_1w_NORMAL | source_column: Liver_M_1w_NORMAL | condition_detail: NORMAL,matrix_header_synthetic,matrix_header_synthetic_non_gsm,GSE60012_tile_104_Liver_M_1w_NORMAL,Liver_M_1w_NORMAL,NORMAL,normal
GSE60012_tile_105,GSE60012 synthetic Liver_F_1w_NORMAL,7.0,1.0,1.0,weeks,weeks,matrix_header_synthetic,,liver,C57/bl,F,control,GSE60012,RRBS_tile_matrix,False,ok_header_synthetic_non_gsm,Liver,matrix_sample_id: GSE60012_tile_105_Liver_F_1w_NORMAL | source_column: Liver_F_1w_NORMAL | condition_detail: NORMAL,matrix_header_synthetic,matrix_header_synthetic_non_gsm,GSE60012_tile_105_Liver_F_1w_NORMAL,Liver_F_1w_NORMAL,NORMAL,normal
GSE60012_tile_106,GSE60012 synthetic Liver_F_1w_NORMAL,7.0,1.0,1.0,weeks,weeks,matrix_header_synthetic,,liver,C57/bl,F,control,GSE60012,RRBS_tile_matrix,False,ok_header_synthetic_non_gsm,Liver,matrix_sample_id: GSE60012_tile_106_Liver_F_1w_NORMAL | source_column: Liver_F_1w_NORMAL | condition_detail: NORMAL,matrix_header_synthetic,matrix_header_synthetic_non_gsm,GSE60012_tile_106_Liver_F_1w_NORMAL,Liver_F_1w_NORMAL,NORMAL,normal
GSE60012_tile_107,GSE60012 synthetic Liver_F_3w_NORMAL,21.0,3.0,3.0,weeks,weeks,matrix_header_synthetic,,liver,C57/bl,F,control,GSE60012,RRBS_tile_matrix,False,ok_header_synthetic_non_gsm,Liver,matrix_sample_id: GSE60012_tile_107_Liver_F_3w_NORMAL | source_column: Liver_F_3w_NORMAL | condition_detail: NORMAL,matrix_header_synthetic,matrix_header_synthetic_non_gsm,GSE60012_tile_107_Liver_F_3w_NORMAL,Liver_F_3w_NORMAL,NORMAL,normal
GSE60012_tile_108,GSE60012 synthetic Liver_F_3w_NORMAL,21.0,3.0,3.0,weeks,weeks,matrix_header_synthetic,,liver,C57/bl,F,control,GSE60012,RRBS_tile_matrix,False,ok_header_synthetic_non_gsm,Liver,matrix_sample_id: GSE60012_tile_108_Liver_F_3w_NORMAL | source_column: Liver_F_3w_NORMAL | condition_detail: NORMAL,matrix_header_synthetic,matrix_header_synthetic_non_gsm,GSE60012_tile_108_Liver_F_3w_NORMAL,Liver_F_3w_NORMAL,NORMAL,normal
GSE60012_tile_109,GSE60012 synthetic Liver_F_3w_NORMAL,21.0,3.0,3.0,weeks,weeks,matrix_header_synthetic,,liver,C57/bl,F,control,GSE60012,RRBS_tile_matrix,False,ok_header_synthetic_non_gsm,Liver,matrix_sample_id: GSE60012_tile_109_Liver_F_3w_NORMAL | source_column: Liver_F_3w_NORMAL | condition_detail: NORMAL,matrix_header_synthetic,matrix_header_synthetic_non_gsm,GSE60012_tile_109_Liver_F_3w_NORMAL,Liver_F_3w_NORMAL,NORMAL,normal
GSE60012_tile_110,GSE60012 synthetic Liver_F_3w_NORMAL,21.0,3.0,3.0,weeks,weeks,matrix_header_synthetic,,liver,C57/bl,F,control,GSE60012,RRBS_tile_matrix,False,ok_header_synthetic_non_gsm,Liver,matrix_sample_id: GSE60012_tile_110_Liver_F_3w_NORMAL | source_column: Liver_F_3w_NORMAL | condition_detail: NORMAL,matrix_header_synthetic,matrix_header_synthetic_non_gsm,GSE60012_tile_110_Liver_F_3w_NORMAL,Liver_F_3w_NORMAL,NORMAL,normal
GSE60012_tile_111,GSE60012 synthetic Liver_M_3w_NORMAL,21.0,3.0,3.0,weeks,weeks,matrix_header_synthetic,,liver,C57/bl,M,control,GSE60012,RRBS_tile_matrix,False,ok_header_synthetic_non_gsm,Liver,matrix_sample_id: GSE60012_tile_111_Liver_M_3w_NORMAL | source_column: Liver_M_3w_NORMAL | condition_detail: NORMAL,matrix_header_synthetic,matrix_header_synthetic_non_gsm,GSE60012_tile_111_Liver_M_3w_NORMAL,Liver_M_3w_NORMAL,NORMAL,normal
GSE60012_tile_112,GSE60012 synthetic Liver_M_3w_NORMAL,21.0,3.0,3.0,weeks,weeks,matrix_header_synthetic,,liver,C57/bl,M,control,GSE60012,RRBS_tile_matrix,False,ok_header_synthetic_non_gsm,Liver,matrix_sample_id: GSE60012_tile_112_Liver_M_3w_NORMAL | source_column: Liver_M_3w_NORMAL | condition_detail: NORMAL,matrix_header_synthetic,matrix_header_synthetic_non_gsm,GSE60012_tile_112_Liver_M_3w_NORMAL,Liver_M_3w_NORMAL,NORMAL,normal
GSE60012_tile_113,GSE60012 synthetic Liver_M_3w_NORMAL,21.0,3.0,3.0,weeks,weeks,matrix_header_synthetic,,liver,C57/bl,M,control,GSE60012,RRBS_tile_matrix,False,ok_header_synthetic_non_gsm,Liver,matrix_sample_id: GSE60012_tile_113_Liver_M_3w_NORMAL | source_column: Liver_M_3w_NORMAL | condition_detail: NORMAL,matrix_header_synthetic,matrix_header_synthetic_non_gsm,GSE60012_tile_113_Liver_M_3w_NORMAL,Liver_M_3w_NORMAL,NORMAL,normal
GSE60012_tile_114,GSE60012 synthetic Liver_M_3w_NORMAL,21.0,3.0,3.0,weeks,weeks,matrix_header_synthetic,,liver,C57/bl,M,control,GSE60012,RRBS_tile_matrix,False,ok_header_synthetic_non_gsm,Liver,matrix_sample_id: GSE60012_tile_114_Liver_M_3w_NORMAL | source_column: Liver_M_3w_NORMAL | condition_detail: NORMAL,matrix_header_synthetic,matrix_header_synthetic_non_gsm,GSE60012_tile_114_Liver_M_3w_NORMAL,Liver_M_3w_NORMAL,NORMAL,normal
GSE60012_tile_115,GSE60012 synthetic Spleen_F_1w_NORMAL,7.0,1.0,1.0,weeks,weeks,matrix_header_synthetic,,spleen,C57/bl,F,control,GSE60012,RRBS_tile_matrix,False,ok_header_synthetic_non_gsm,Spleen,matrix_sample_id: GSE60012_tile_115_Spleen_F_1w_NORMAL | source_column: Spleen_F_1w_NORMAL | condition_detail: NORMAL,matrix_header_synthetic,matrix_header_synthetic_non_gsm,GSE60012_tile_115_Spleen_F_1w_NORMAL,Spleen_F_1w_NORMAL,NORMAL,normal
GSE60012_tile_116,GSE60012 synthetic Liver_M_31w_old_castration_control,217.0,31.0,31.0,weeks,weeks,matrix_header_synthetic,,liver,C57/bl,M,other_intervention,GSE60012,RRBS_tile_matrix,False,ok_header_synthetic_non_gsm,Liver,matrix_sample_id: GSE60012_tile_116_Liver_M_31w_old_castration_control | source_column: Liver_M_31w_old_castration_control | condition_detail: old_castration_control,matrix_header_synthetic,matrix_header_synthetic_non_gsm,GSE60012_tile_116_Liver_M_31w_old_castration_control,Liver_M_31w_old_castration_control,old_castration_control,old_castration_control
GSE60012_tile_117,GSE60012 synthetic Liver_M_31w_old_castration_control,217.0,31.0,31.0,weeks,weeks,matrix_header_synthetic,,liver,C57/bl,M,other_intervention,GSE60012,RRBS_tile_matrix,False,ok_header_synthetic_non_gsm,Liver,matrix_sample_id: GSE60012_tile_117_Liver_M_31w_old_castration_control | source_column: Liver_M_31w_old_castration_control | condition_detail: old_castration_control,matrix_header_synthetic,matrix_header_synthetic_non_gsm,GSE60012_tile_117_Liver_M_31w_old_castration_control,Liver_M_31w_old_castration_control,old_castration_control,old_castration_control
GSE60012_tile_118,GSE60012 synthetic Liver_M_31w_old_castration,217.0,31.0,31.0,weeks,weeks,matrix_header_synthetic,,liver,C57/bl,M,other_intervention,GSE60012,RRBS_tile_matrix,False,ok_header_synthetic_non_gsm,Liver,matrix_sample_id: GSE60012_tile_118_Liver_M_31w_old_castration | source_column: Liver_M_31w_old_castration | condition_detail: old_castration,matrix_header_synthetic,matrix_header_synthetic_non_gsm,GSE60012_tile_118_Liver_M_31w_old_castration,Liver_M_31w_old_castration,old_castration,old_castration
GSE60012_tile_119,GSE60012 synthetic Liver_M_31w_old_castration,217.0,31.0,31.0,weeks,weeks,matrix_header_synthetic,,liver,C57/bl,M,other_intervention,GSE60012,RRBS_tile_matrix,False,ok_header_synthetic_non_gsm,Liver,matrix_sample_id: GSE60012_tile_119_Liver_M_31w_old_castration | source_column: Liver_M_31w_old_castration | condition_detail: old_castration,matrix_header_synthetic,matrix_header_synthetic_non_gsm,GSE60012_tile_119_Liver_M_31w_old_castration,Liver_M_31w_old_castration,old_castration,old_castration
GSE60012_tile_120,GSE60012 synthetic Liver_M_20w_NORMAL,140.0,20.0,20.0,weeks,weeks,matrix_header_synthetic,,liver,C57/bl,M,control,GSE60012,RRBS_tile_matrix,False,ok_header_synthetic_non_gsm,Liver,matrix_sample_id: GSE60012_tile_120_Liver_M_20w_NORMAL | source_column: Liver_M_20w_NORMAL | condition_detail: NORMAL,matrix_header_synthetic,matrix_header_synthetic_non_gsm,GSE60012_tile_120_Liver_M_20w_NORMAL,Liver_M_20w_NORMAL,NORMAL,normal
GSE60012_tile_121,GSE60012 synthetic Liver_M_20w_NORMAL,140.0,20.0,20.0,weeks,weeks,matrix_header_synthetic,,liver,C57/bl,M,control,GSE60012,RRBS_tile_matrix,False,ok_header_synthetic_non_gsm,Liver,matrix_sample_id: GSE60012_tile_121_Liver_M_20w_NORMAL | source_column: Liver_M_20w_NORMAL | condition_detail: NORMAL,matrix_header_synthetic,matrix_header_synthetic_non_gsm,GSE60012_tile_121_Liver_M_20w_NORMAL,Liver_M_20w_NORMAL,NORMAL,normal
GSE60012_tile_122,GSE60012 synthetic Liver_F_20w_NORMAL,140.0,20.0,20.0,weeks,weeks,matrix_header_synthetic,,liver,C57/bl,F,control,GSE60012,RRBS_tile_matrix,False,ok_header_synthetic_non_gsm,Liver,matrix_sample_id: GSE60012_tile_122_Liver_F_20w_NORMAL | source_column: Liver_F_20w_NORMAL | condition_detail: NORMAL,matrix_header_synthetic,matrix_header_synthetic_non_gsm,GSE60012_tile_122_Liver_F_20w_NORMAL,Liver_F_20w_NORMAL,NORMAL,normal
GSE60012_tile_123,GSE60012 synthetic Liver_F_20w_NORMAL,140.0,20.0,20.0,weeks,weeks,matrix_header_synthetic,,liver,C57/bl,F,control,GSE60012,RRBS_tile_matrix,False,ok_header_synthetic_non_gsm,Liver,matrix_sample_id: GSE60012_tile_123_Liver_F_20w_NORMAL | source_column: Liver_F_20w_NORMAL | condition_detail: NORMAL,matrix_header_synthetic,matrix_header_synthetic_non_gsm,GSE60012_tile_123_Liver_F_20w_NORMAL,Liver_F_20w_NORMAL,NORMAL,normal
GSE60012_tile_124,GSE60012 synthetic Muscle_M_3w_NORMAL,21.0,3.0,3.0,weeks,weeks,matrix_header_synthetic,,muscle,C57/bl,M,control,GSE60012,RRBS_tile_matrix,False,ok_header_synthetic_non_gsm,Muscle,matrix_sample_id: GSE60012_tile_124_Muscle_M_3w_NORMAL | source_column: Muscle_M_3w_NORMAL | condition_detail: NORMAL,matrix_header_synthetic,matrix_header_synthetic_non_gsm,GSE60012_tile_124_Muscle_M_3w_NORMAL,Muscle_M_3w_NORMAL,NORMAL,normal
GSE60012_tile_125,GSE60012 synthetic Muscle_M_3w_NORMAL,21.0,3.0,3.0,weeks,weeks,matrix_header_synthetic,,muscle,C57/bl,M,control,GSE60012,RRBS_tile_matrix,False,ok_header_synthetic_non_gsm,Muscle,matrix_sample_id: GSE60012_tile_125_Muscle_M_3w_NORMAL | source_column: Muscle_M_3w_NORMAL | condition_detail: NORMAL,matrix_header_synthetic,matrix_header_synthetic_non_gsm,GSE60012_tile_125_Muscle_M_3w_NORMAL,Muscle_M_3w_NORMAL,NORMAL,normal
GSE60012_tile_126,GSE60012 synthetic Muscle_F_20w_NORMAL,140.0,20.0,20.0,weeks,weeks,matrix_header_synthetic,,muscle,C57/bl,F,control,GSE60012,RRBS_tile_matrix,False,ok_header_synthetic_non_gsm,Muscle,matrix_sample_id: GSE60012_tile_126_Muscle_F_20w_NORMAL | source_column: Muscle_F_20w_NORMAL | condition_detail: NORMAL,matrix_header_synthetic,matrix_header_synthetic_non_gsm,GSE60012_tile_126_Muscle_F_20w_NORMAL,Muscle_F_20w_NORMAL,NORMAL,normal
GSE60012_tile_127,GSE60012 synthetic Muscle_F_20w_NORMAL,140.0,20.0,20.0,weeks,weeks,matrix_header_synthetic,,muscle,C57/bl,F,control,GSE60012,RRBS_tile_matrix,False,ok_header_synthetic_non_gsm,Muscle,matrix_sample_id: GSE60012_tile_127_Muscle_F_20w_NORMAL | source_column: Muscle_F_20w_NORMAL | condition_detail: NORMAL,matrix_header_synthetic,matrix_header_synthetic_non_gsm,GSE60012_tile_127_Muscle_F_20w_NORMAL,Muscle_F_20w_NORMAL,NORMAL,normal
GSE60012_tile_128,GSE60012 synthetic Muscle_F_20w_NORMAL,140.0,20.0,20.0,weeks,weeks,matrix_header_synthetic,,muscle,C57/bl,F,control,GSE60012,RRBS_tile_matrix,False,ok_header_synthetic_non_gsm,Muscle,matrix_sample_id: GSE60012_tile_128_Muscle_F_20w_NORMAL | source_column: Muscle_F_20w_NORMAL | condition_detail: NORMAL,matrix_header_synthetic,matrix_header_synthetic_non_gsm,GSE60012_tile_128_Muscle_F_20w_NORMAL,Muscle_F_20w_NORMAL,NORMAL,normal
GSE60012_tile_129,GSE60012 synthetic Muscle_M_20w_NORMAL,140.0,20.0,20.0,weeks,weeks,matrix_header_synthetic,,muscle,C57/bl,M,control,GSE60012,RRBS_tile_matrix,False,ok_header_synthetic_non_gsm,Muscle,matrix_sample_id: GSE60012_tile_129_Muscle_M_20w_NORMAL | source_column: Muscle_M_20w_NORMAL | condition_detail: NORMAL,matrix_header_synthetic,matrix_header_synthetic_non_gsm,GSE60012_tile_129_Muscle_M_20w_NORMAL,Muscle_M_20w_NORMAL,NORMAL,normal
GSE60012_tile_130,GSE60012 synthetic Muscle_F_20w_NORMAL,140.0,20.0,20.0,weeks,weeks,matrix_header_synthetic,,muscle,C57/bl,F,control,GSE60012,RRBS_tile_matrix,False,ok_header_synthetic_non_gsm,Muscle,matrix_sample_id: GSE60012_tile_130_Muscle_F_20w_NORMAL | source_column: Muscle_F_20w_NORMAL | condition_detail: NORMAL,matrix_header_synthetic,matrix_header_synthetic_non_gsm,GSE60012_tile_130_Muscle_F_20w_NORMAL,Muscle_F_20w_NORMAL,NORMAL,normal
GSE60012_tile_131,GSE60012 synthetic Muscle_M_20w_NORMAL,140.0,20.0,20.0,weeks,weeks,matrix_header_synthetic,,muscle,C57/bl,M,control,GSE60012,RRBS_tile_matrix,False,ok_header_synthetic_non_gsm,Muscle,matrix_sample_id: GSE60012_tile_131_Muscle_M_20w_NORMAL | source_column: Muscle_M_20w_NORMAL | condition_detail: NORMAL,matrix_header_synthetic,matrix_header_synthetic_non_gsm,GSE60012_tile_131_Muscle_M_20w_NORMAL,Muscle_M_20w_NORMAL,NORMAL,normal
GSE60012_tile_132,GSE60012 synthetic Muscle_M_20w_NORMAL,140.0,20.0,20.0,weeks,weeks,matrix_header_synthetic,,muscle,C57/bl,M,control,GSE60012,RRBS_tile_matrix,False,ok_header_synthetic_non_gsm,Muscle,matrix_sample_id: GSE60012_tile_132_Muscle_M_20w_NORMAL | source_column: Muscle_M_20w_NORMAL | condition_detail: NORMAL,matrix_header_synthetic,matrix_header_synthetic_non_gsm,GSE60012_tile_132_Muscle_M_20w_NORMAL,Muscle_M_20w_NORMAL,NORMAL,normal
GSE60012_tile_133,GSE60012 synthetic Muscle_M_20w_NORMAL,140.0,20.0,20.0,weeks,weeks,matrix_header_synthetic,,muscle,C57/bl,M,control,GSE60012,RRBS_tile_matrix,False,ok_header_synthetic_non_gsm,Muscle,matrix_sample_id: GSE60012_tile_133_Muscle_M_20w_NORMAL | source_column: Muscle_M_20w_NORMAL | condition_detail: NORMAL,matrix_header_synthetic,matrix_header_synthetic_non_gsm,GSE60012_tile_133_Muscle_M_20w_NORMAL,Muscle_M_20w_NORMAL,NORMAL,normal
GSE60012_tile_134,GSE60012 synthetic Muscle_M_20w_NORMAL,140.0,20.0,20.0,weeks,weeks,matrix_header_synthetic,,muscle,C57/bl,M,control,GSE60012,RRBS_tile_matrix,False,ok_header_synthetic_non_gsm,Muscle,matrix_sample_id: GSE60012_tile_134_Muscle_M_20w_NORMAL | source_column: Muscle_M_20w_NORMAL | condition_detail: NORMAL,matrix_header_synthetic,matrix_header_synthetic_non_gsm,GSE60012_tile_134_Muscle_M_20w_NORMAL,Muscle_M_20w_NORMAL,NORMAL,normal
GSE60012_tile_135,GSE60012 synthetic Muscle_M_20w_NORMAL,140.0,20.0,20.0,weeks,weeks,matrix_header_synthetic,,muscle,C57/bl,M,control,GSE60012,RRBS_tile_matrix,False,ok_header_synthetic_non_gsm,Muscle,matrix_sample_id: GSE60012_tile_135_Muscle_M_20w_NORMAL | source_column: Muscle_M_20w_NORMAL | condition_detail: NORMAL,matrix_header_synthetic,matrix_header_synthetic_non_gsm,GSE60012_tile_135_Muscle_M_20w_NORMAL,Muscle_M_20w_NORMAL,NORMAL,normal
GSE60012_tile_136,GSE60012 synthetic Muscle_M_20w_NORMAL,140.0,20.0,20.0,weeks,weeks,matrix_header_synthetic,,muscle,C57/bl,M,control,GSE60012,RRBS_tile_matrix,False,ok_header_synthetic_non_gsm,Muscle,matrix_sample_id: GSE60012_tile_136_Muscle_M_20w_NORMAL | source_column: Muscle_M_20w_NORMAL | condition_detail: NORMAL,matrix_header_synthetic,matrix_header_synthetic_non_gsm,GSE60012_tile_136_Muscle_M_20w_NORMAL,Muscle_M_20w_NORMAL,NORMAL,normal
GSE60012_tile_137,GSE60012 synthetic Muscle_M_20w_NORMAL,140.0,20.0,20.0,weeks,weeks,matrix_header_synthetic,,muscle,C57/bl,M,control,GSE60012,RRBS_tile_matrix,False,ok_header_synthetic_non_gsm,Muscle,matrix_sample_id: GSE60012_tile_137_Muscle_M_20w_NORMAL | source_column: Muscle_M_20w_NORMAL | condition_detail: NORMAL,matrix_header_synthetic,matrix_header_synthetic_non_gsm,GSE60012_tile_137_Muscle_M_20w_NORMAL,Muscle_M_20w_NORMAL,NORMAL,normal
GSE60012_tile_138,GSE60012 synthetic Muscle_M_20w_NORMAL,140.0,20.0,20.0,weeks,weeks,matrix_header_synthetic,,muscle,C57/bl,M,control,GSE60012,RRBS_tile_matrix,False,ok_header_synthetic_non_gsm,Muscle,matrix_sample_id: GSE60012_tile_138_Muscle_M_20w_NORMAL | source_column: Muscle_M_20w_NORMAL | condition_detail: NORMAL,matrix_header_synthetic,matrix_header_synthetic_non_gsm,GSE60012_tile_138_Muscle_M_20w_NORMAL,Muscle_M_20w_NORMAL,NORMAL,normal
GSE60012_tile_139,GSE60012 synthetic Muscle_F_20w_NORMAL,140.0,20.0,20.0,weeks,weeks,matrix_header_synthetic,,muscle,C57/bl,F,control,GSE60012,RRBS_tile_matrix,False,ok_header_synthetic_non_gsm,Muscle,matrix_sample_id: GSE60012_tile_139_Muscle_F_20w_NORMAL | source_column: Muscle_F_20w_NORMAL | condition_detail: NORMAL,matrix_header_synthetic,matrix_header_synthetic_non_gsm,GSE60012_tile_139_Muscle_F_20w_NORMAL,Muscle_F_20w_NORMAL,NORMAL,normal
GSE60012_tile_140,GSE60012 synthetic Muscle_F_20w_NORMAL,140.0,20.0,20.0,weeks,weeks,matrix_header_synthetic,,muscle,C57/bl,F,control,GSE60012,RRBS_tile_matrix,False,ok_header_synthetic_non_gsm,Muscle,matrix_sample_id: GSE60012_tile_140_Muscle_F_20w_NORMAL | source_column: Muscle_F_20w_NORMAL | condition_detail: NORMAL,matrix_header_synthetic,matrix_header_synthetic_non_gsm,GSE60012_tile_140_Muscle_F_20w_NORMAL,Muscle_F_20w_NORMAL,NORMAL,normal
GSE60012_tile_141,GSE60012 synthetic Muscle_F_3w_NORMAL,21.0,3.0,3.0,weeks,weeks,matrix_header_synthetic,,muscle,C57/bl,F,control,GSE60012,RRBS_tile_matrix,False,ok_header_synthetic_non_gsm,Muscle,matrix_sample_id: GSE60012_tile_141_Muscle_F_3w_NORMAL | source_column: Muscle_F_3w_NORMAL | condition_detail: NORMAL,matrix_header_synthetic,matrix_header_synthetic_non_gsm,GSE60012_tile_141_Muscle_F_3w_NORMAL,Muscle_F_3w_NORMAL,NORMAL,normal
GSE60012_tile_142,GSE60012 synthetic Muscle_F_3w_NORMAL,21.0,3.0,3.0,weeks,weeks,matrix_header_synthetic,,muscle,C57/bl,F,control,GSE60012,RRBS_tile_matrix,False,ok_header_synthetic_non_gsm,Muscle,matrix_sample_id: GSE60012_tile_142_Muscle_F_3w_NORMAL | source_column: Muscle_F_3w_NORMAL | condition_detail: NORMAL,matrix_header_synthetic,matrix_header_synthetic_non_gsm,GSE60012_tile_142_Muscle_F_3w_NORMAL,Muscle_F_3w_NORMAL,NORMAL,normal
GSE60012_tile_143,GSE60012 synthetic Muscle_F_3w_NORMAL,21.0,3.0,3.0,weeks,weeks,matrix_header_synthetic,,muscle,C57/bl,F,control,GSE60012,RRBS_tile_matrix,False,ok_header_synthetic_non_gsm,Muscle,matrix_sample_id: GSE60012_tile_143_Muscle_F_3w_NORMAL | source_column: Muscle_F_3w_NORMAL | condition_detail: NORMAL,matrix_header_synthetic,matrix_header_synthetic_non_gsm,GSE60012_tile_143_Muscle_F_3w_NORMAL,Muscle_F_3w_NORMAL,NORMAL,normal
GSE60012_tile_144,GSE60012 synthetic Muscle_F_3w_NORMAL,21.0,3.0,3.0,weeks,weeks,matrix_header_synthetic,,muscle,C57/bl,F,control,GSE60012,RRBS_tile_matrix,False,ok_header_synthetic_non_gsm,Muscle,matrix_sample_id: GSE60012_tile_144_Muscle_F_3w_NORMAL | source_column: Muscle_F_3w_NORMAL | condition_detail: NORMAL,matrix_header_synthetic,matrix_header_synthetic_non_gsm,GSE60012_tile_144_Muscle_F_3w_NORMAL,Muscle_F_3w_NORMAL,NORMAL,normal
GSE60012_tile_145,GSE60012 synthetic Muscle_F_3w_NORMAL,21.0,3.0,3.0,weeks,weeks,matrix_header_synthetic,,muscle,C57/bl,F,control,GSE60012,RRBS_tile_matrix,False,ok_header_synthetic_non_gsm,Muscle,matrix_sample_id: GSE60012_tile_145_Muscle_F_3w_NORMAL | source_column: Muscle_F_3w_NORMAL | condition_detail: NORMAL,matrix_header_synthetic,matrix_header_synthetic_non_gsm,GSE60012_tile_145_Muscle_F_3w_NORMAL,Muscle_F_3w_NORMAL,NORMAL,normal
GSE60012_tile_146,GSE60012 synthetic Muscle_M_3w_NORMAL,21.0,3.0,3.0,weeks,weeks,matrix_header_synthetic,,muscle,C57/bl,M,control,GSE60012,RRBS_tile_matrix,False,ok_header_synthetic_non_gsm,Muscle,matrix_sample_id: GSE60012_tile_146_Muscle_M_3w_NORMAL | source_column: Muscle_M_3w_NORMAL | condition_detail: NORMAL,matrix_header_synthetic,matrix_header_synthetic_non_gsm,GSE60012_tile_146_Muscle_M_3w_NORMAL,Muscle_M_3w_NORMAL,NORMAL,normal
GSE60012_tile_147,GSE60012 synthetic Muscle_M_3w_NORMAL,21.0,3.0,3.0,weeks,weeks,matrix_header_synthetic,,muscle,C57/bl,M,control,GSE60012,RRBS_tile_matrix,False,ok_header_synthetic_non_gsm,Muscle,matrix_sample_id: GSE60012_tile_147_Muscle_M_3w_NORMAL | source_column: Muscle_M_3w_NORMAL | condition_detail: NORMAL,matrix_header_synthetic,matrix_header_synthetic_non_gsm,GSE60012_tile_147_Muscle_M_3w_NORMAL,Muscle_M_3w_NORMAL,NORMAL,normal
GSE60012_tile_148,GSE60012 synthetic Muscle_M_3w_NORMAL,21.0,3.0,3.0,weeks,weeks,matrix_header_synthetic,,muscle,C57/bl,M,control,GSE60012,RRBS_tile_matrix,False,ok_header_synthetic_non_gsm,Muscle,matrix_sample_id: GSE60012_tile_148_Muscle_M_3w_NORMAL | source_column: Muscle_M_3w_NORMAL | condition_detail: NORMAL,matrix_header_synthetic,matrix_header_synthetic_non_gsm,GSE60012_tile_148_Muscle_M_3w_NORMAL,Muscle_M_3w_NORMAL,NORMAL,normal
GSE60012_tile_149,GSE60012 synthetic Cerebellum_M_1w_NORMAL,7.0,1.0,1.0,weeks,weeks,matrix_header_synthetic,,brain_cerebellum,C57/bl,M,control,GSE60012,RRBS_tile_matrix,False,ok_header_synthetic_non_gsm,Cerebellum,matrix_sample_id: GSE60012_tile_149_Cerebellum_M_1w_NORMAL | source_column: Cerebellum_M_1w_NORMAL | condition_detail: NORMAL,matrix_header_synthetic,matrix_header_synthetic_non_gsm,GSE60012_tile_149_Cerebellum_M_1w_NORMAL,Cerebellum_M_1w_NORMAL,NORMAL,normal
GSE60012_tile_150,GSE60012 synthetic Cerebellum_M_20w_NORMAL,140.0,20.0,20.0,weeks,weeks,matrix_header_synthetic,,brain_cerebellum,C57/bl,M,control,GSE60012,RRBS_tile_matrix,False,ok_header_synthetic_non_gsm,Cerebellum,matrix_sample_id: GSE60012_tile_150_Cerebellum_M_20w_NORMAL | source_column: Cerebellum_M_20w_NORMAL | condition_detail: NORMAL,matrix_header_synthetic,matrix_header_synthetic_non_gsm,GSE60012_tile_150_Cerebellum_M_20w_NORMAL,Cerebellum_M_20w_NORMAL,NORMAL,normal
GSE60012_tile_151,GSE60012 synthetic Cerebellum_M_20w_NORMAL,140.0,20.0,20.0,weeks,weeks,matrix_header_synthetic,,brain_cerebellum,C57/bl,M,control,GSE60012,RRBS_tile_matrix,False,ok_header_synthetic_non_gsm,Cerebellum,matrix_sample_id: GSE60012_tile_151_Cerebellum_M_20w_NORMAL | source_column: Cerebellum_M_20w_NORMAL | condition_detail: NORMAL,matrix_header_synthetic,matrix_header_synthetic_non_gsm,GSE60012_tile_151_Cerebellum_M_20w_NORMAL,Cerebellum_M_20w_NORMAL,NORMAL,normal
GSE60012_tile_152,GSE60012 synthetic Cerebellum_M_1w_NORMAL,7.0,1.0,1.0,weeks,weeks,matrix_header_synthetic,,brain_cerebellum,C57/bl,M,control,GSE60012,RRBS_tile_matrix,False,ok_header_synthetic_non_gsm,Cerebellum,matrix_sample_id: GSE60012_tile_152_Cerebellum_M_1w_NORMAL | source_column: Cerebellum_M_1w_NORMAL | condition_detail: NORMAL,matrix_header_synthetic,matrix_header_synthetic_non_gsm,GSE60012_tile_152_Cerebellum_M_1w_NORMAL,Cerebellum_M_1w_NORMAL,NORMAL,normal
GSE60012_tile_153,GSE60012 synthetic Spleen_M_1w_NORMAL,7.0,1.0,1.0,weeks,weeks,matrix_header_synthetic,,spleen,C57/bl,M,control,GSE60012,RRBS_tile_matrix,False,ok_header_synthetic_non_gsm,Spleen,matrix_sample_id: GSE60012_tile_153_Spleen_M_1w_NORMAL | source_column: Spleen_M_1w_NORMAL | condition_detail: NORMAL,matrix_header_synthetic,matrix_header_synthetic_non_gsm,GSE60012_tile_153_Spleen_M_1w_NORMAL,Spleen_M_1w_NORMAL,NORMAL,normal
