chrom,start,end,cluster_5mb,region_id,interpretation_rank,selected_by_ml,selected_by_dl,ml_rank,dl_rank,age_pearson_r,age_pearson_p,age_direction,dataset_support_count,tissue_support_count,n_datasets_evaluated,n_tissues_evaluated,missing_fraction,dataset_mean_shift,tissue_mean_shift,fold_stability_proxy,permutation_importance_proxy,ml_rank_importance_proxy,dl_gradient_importance_proxy,dl_occlusion_importance_proxy,confounding_label,interpretation_note
chr2,163200000,163204999,chr2:160000000-164999999,chr2:163200000-163204999,1,True,True,1.0,501,0.310951,9.768182897009248e-29,hypermethylating_with_age,5,10,6,13,0.0,0.047054,0.07751,0.867521,0.31095091,1.0,0.00062066,6.574e-05,cross_tissue_stable,age-associated methylation signal; mechanism not inferred
chr4,40945000,40949999,chr4:40000000-44999999,chr4:40945000-40949999,2,False,True,,1,0.230513,3.9570358137530883e-16,hypermethylating_with_age,1,9,6,13,0.002461,0.053765,0.052252,0.452991,0.22994599,0.0,0.23051329,0.02011428,mixed_or_low_support,age-associated methylation signal; mechanism not inferred
chr11,52395000,52399999,chr11:50000000-54999999,chr11:52395000-52399999,3,False,True,,2,-0.207055,3.3391419949378964e-13,hypomethylating_with_age,0,4,6,13,0.005742,0.096048,0.05654,0.269231,0.20586601,0.0,0.1035275,0.02273617,mixed_or_low_support,age-associated methylation signal; mechanism not inferred
chr9,44765000,44769999,chr9:40000000-44999999,chr9:44765000-44769999,4,True,True,2.0,502,-0.221385,5.3352532203723095e-15,hypomethylating_with_age,3,6,6,13,0.0,0.06412,0.093688,0.653846,0.22138455,0.5,0.00044101,6.189e-05,cross_tissue_stable,age-associated methylation signal; mechanism not inferred
chr13,48660000,48664999,chr13:45000000-49999999,chr13:48660000-48664999,5,True,True,3.0,503,0.324784,2.8767636896565623e-31,hypermethylating_with_age,5,11,6,13,0.002461,0.047309,0.070617,0.893162,0.323985,0.33333333,0.00064569,6.777e-05,cross_tissue_stable,age-associated methylation signal; mechanism not inferred
chr13,75090000,75094999,chr13:75000000-79999999,chr13:75090000-75094999,6,False,True,,3,0.207043,2.9963845175843274e-13,hypermethylating_with_age,2,9,6,13,0.001641,0.045527,0.076605,0.508547,0.20670324,0.0,0.06901431,0.01670154,mixed_or_low_support,age-associated methylation signal; mechanism not inferred
chr13,83725000,83729999,chr13:80000000-84999999,chr13:83725000-83729999,7,True,True,4.0,504,0.218681,1.214377651100356e-14,hypermethylating_with_age,4,9,6,13,0.001641,0.072934,0.107383,0.786325,0.21832225,0.25,0.00043389,7.294e-05,cross_tissue_stable,age-associated methylation signal; mechanism not inferred
chr9,27155000,27159999,chr9:25000000-29999999,chr9:27155000-27159999,8,False,True,,4,0.281829,1.3339187441321715e-23,hypermethylating_with_age,4,9,6,13,0.004102,0.06985,0.161795,0.619658,0.28067335,0.0,0.07045733,0.01042107,cross_tissue_stable,age-associated methylation signal; mechanism not inferred
chr17,5440000,5444999,chr17:5000000-9999999,chr17:5440000-5444999,9,False,True,,5,0.263943,7.89583540605525e-21,hypermethylating_with_age,1,7,6,13,0.002461,0.022582,0.018255,0.401709,0.26329357,0.0,0.05278863,0.00283445,mixed_or_low_support,age-associated methylation signal; mechanism not inferred
chr1,57775000,57779999,chr1:55000000-59999999,chr1:57775000-57779999,10,True,True,5.0,505,0.357524,7.418581652266422e-38,hypermethylating_with_age,4,9,6,13,0.005742,0.033187,0.054258,0.786325,0.3554714,0.2,0.00070797,5.948e-05,cross_tissue_stable,age-associated methylation signal; mechanism not inferred
chr10,80925000,80929999,chr10:80000000-84999999,chr10:80925000-80929999,11,False,True,,6,-0.211952,7.565976303132269e-14,hypomethylating_with_age,0,4,6,13,0.0,0.041928,0.049134,0.269231,0.2119521,0.0,0.03532535,0.0027984,mixed_or_low_support,age-associated methylation signal; mechanism not inferred
chr1,5015000,5019999,chr1:5000000-9999999,chr1:5015000-5019999,12,True,True,6.0,506,0.329616,2.9431116612626085e-32,hypermethylating_with_age,5,12,6,13,0.00082,0.033763,0.07711,0.918803,0.32934567,0.16666667,0.00065142,3.978e-05,cross_tissue_stable,age-associated methylation signal; mechanism not inferred
chr1,9965000,9969999,chr1:5000000-9999999,chr1:9965000-9969999,13,False,True,,7,0.267016,2.4961509012005018e-21,hypermethylating_with_age,5,9,6,13,0.00082,0.049015,0.025424,0.675214,0.26679707,0.0,0.03814516,0.00421039,cross_tissue_stable,age-associated methylation signal; mechanism not inferred
chr5,135085000,135089999,chr5:135000000-139999999,chr5:135085000-135089999,14,True,True,7.0,507,0.300222,9.511697282346072e-27,hypermethylating_with_age,3,10,6,13,0.002461,0.039039,0.067322,0.75641,0.29948331,0.14285714,0.00059215,5.838e-05,cross_tissue_stable,age-associated methylation signal; mechanism not inferred
chr1,84695000,84699999,chr1:80000000-84999999,chr1:84695000-84699999,15,True,True,8.0,508,0.318257,4.518180412716364e-30,hypermethylating_with_age,5,10,6,13,0.00082,0.068786,0.16423,0.867521,0.31799573,0.125,0.00062649,8.246e-05,cross_tissue_stable,age-associated methylation signal; mechanism not inferred
chr7,46375000,46379999,chr7:45000000-49999999,chr7:46375000-46379999,16,False,True,,8,0.271107,6.037927415934094e-22,hypermethylating_with_age,3,7,6,13,0.001641,0.074037,0.147826,0.512821,0.27066235,0.0,0.03388839,0.00613959,cross_tissue_stable,age-associated methylation signal; mechanism not inferred
chr13,100490000,100494999,chr13:100000000-104999999,chr13:100490000-100494999,17,False,True,,9,0.245701,3.221045028710185e-18,hypermethylating_with_age,1,6,6,13,0.0,0.031467,0.019079,0.376068,0.24570077,0.0,0.02730009,0.00149763,mixed_or_low_support,age-associated methylation signal; mechanism not inferred
chr9,67630000,67634999,chr9:65000000-69999999,chr9:67630000-67634999,18,True,True,9.0,509,0.300374,7.754509516246755e-27,hypermethylating_with_age,4,9,6,13,0.0,0.024754,0.037713,0.786325,0.30037366,0.11111111,0.00059013,3.551e-05,cross_tissue_stable,age-associated methylation signal; mechanism not inferred
chr4,32655000,32659999,chr4:30000000-34999999,chr4:32655000-32659999,19,True,True,10.0,510,-0.262995,9.844044519149431e-21,hypomethylating_with_age,1,6,6,13,0.0,0.106182,0.079723,0.542735,0.26299544,0.1,0.00051568,9.176e-05,mixed_or_low_support,age-associated methylation signal; mechanism not inferred
chr8,3585000,3589999,chr8:0-4999999,chr8:3585000-3589999,20,False,True,,10,0.301766,4.850821504665377e-27,hypermethylating_with_age,4,7,6,13,0.001641,0.025551,0.032492,0.568376,0.30127055,0.0,0.03017657,0.00156809,cross_tissue_stable,age-associated methylation signal; mechanism not inferred
chr17,83630000,83634999,chr17:80000000-84999999,chr17:83630000-83634999,21,True,True,11.0,511,0.273529,2.3288925172402734e-22,hypermethylating_with_age,4,10,6,13,0.0,0.07697,0.097681,0.811966,0.27352873,0.09090909,0.00053528,6.432e-05,cross_tissue_stable,age-associated methylation signal; mechanism not inferred
chr2,127335000,127339999,chr2:125000000-129999999,chr2:127335000-127339999,22,False,True,,11,-0.202277,1.0557091454471776e-12,hypomethylating_with_age,1,6,6,13,0.001641,0.05879,0.049565,0.376068,0.20194506,0.0,0.01838881,0.00300993,mixed_or_low_support,age-associated methylation signal; mechanism not inferred
chr12,11145000,11149999,chr12:10000000-14999999,chr12:11145000-11149999,23,True,True,12.0,512,0.318087,4.8626478474231176e-30,hypermethylating_with_age,6,9,6,13,0.00082,0.04782,0.107243,0.897436,0.31782641,0.08333333,0.00062126,7.05e-05,cross_tissue_stable,age-associated methylation signal; mechanism not inferred
chr6,21985000,21989999,chr6:20000000-24999999,chr6:21985000-21989999,24,False,True,,12,0.24747,1.8767584008536385e-18,hypermethylating_with_age,4,7,6,13,0.00082,0.077433,0.10064,0.568376,0.24726655,0.0,0.02062246,0.00359355,cross_tissue_stable,age-associated methylation signal; mechanism not inferred
chr12,118835000,118839999,chr12:115000000-119999999,chr12:118835000-118839999,25,False,True,,13,0.318088,5.4130963993018e-30,hypermethylating_with_age,5,9,6,13,0.002461,0.031832,0.05581,0.675214,0.31730509,0.0,0.0244683,0.0021473,cross_tissue_stable,age-associated methylation signal; mechanism not inferred
chr8,106870000,106874999,chr8:105000000-109999999,chr8:106870000-106874999,26,True,True,13.0,513,0.277397,5.646494874593472e-23,hypermethylating_with_age,5,9,6,13,0.0,0.035015,0.046788,0.84188,0.27739675,0.07692308,0.00054073,4.073e-05,cross_tissue_stable,age-associated methylation signal; mechanism not inferred
chr11,98435000,98439999,chr11:95000000-99999999,chr11:98435000-98439999,27,True,True,14.0,514,-0.21298,5.977343099772797e-14,hypomethylating_with_age,3,7,6,13,0.001641,0.120454,0.17904,0.679487,0.21263011,0.07142857,0.00041436,0.00016734,cross_tissue_stable,age-associated methylation signal; mechanism not inferred
chr14,19820000,19824999,chr14:15000000-19999999,chr14:19820000-19824999,28,False,True,,14,0.28373,5.748674164576931e-24,hypermethylating_with_age,1,7,6,13,0.001641,0.092338,0.089175,0.401709,0.28326452,0.0,0.02026643,0.00289436,mixed_or_low_support,age-associated methylation signal; mechanism not inferred
chr11,96195000,96199999,chr11:95000000-99999999,chr11:96195000-96199999,29,True,True,15.0,515,0.267733,2.0882494696031833e-21,hypermethylating_with_age,5,10,6,13,0.002461,0.045811,0.065526,0.867521,0.267074,0.06666667,0.00051987,5.144e-05,cross_tissue_stable,age-associated methylation signal; mechanism not inferred
chr3,135690000,135694999,chr3:135000000-139999999,chr3:135690000-135694999,30,False,True,,15,0.274791,1.4704920134836497e-22,hypermethylating_with_age,2,8,6,13,0.0,0.020725,0.026315,0.482906,0.27479072,0.0,0.01831938,0.00090764,mixed_or_low_support,age-associated methylation signal; mechanism not inferred
chr4,106460000,106464999,chr4:105000000-109999999,chr4:106460000-106464999,31,False,True,,16,0.270897,6.510292135200344e-22,hypermethylating_with_age,4,8,6,13,0.001641,0.049167,0.090422,0.594017,0.27045287,0.0,0.01693108,0.00166282,cross_tissue_stable,age-associated methylation signal; mechanism not inferred
chr9,117250000,117254999,chr9:115000000-119999999,chr9:117250000-117254999,32,True,True,16.0,516,0.335261,2.362440159610483e-33,hypermethylating_with_age,5,9,6,13,0.001641,0.043102,0.087086,0.84188,0.33471129,0.0625,0.00064973,5.659e-05,cross_tissue_stable,age-associated methylation signal; mechanism not inferred
chr13,92840000,92844999,chr13:90000000-94999999,chr13:92840000-92844999,33,True,True,17.0,517,-0.199577,2.1697937431427894e-12,hypomethylating_with_age,2,8,6,13,0.002461,0.074558,0.061144,0.649573,0.19908619,0.05882353,0.00038603,8.448e-05,mixed_or_low_support,age-associated methylation signal; mechanism not inferred
chr5,121560000,121564999,chr5:120000000-124999999,chr5:121560000-121564999,34,False,True,,17,-0.188044,3.85313648510764e-11,hypomethylating_with_age,4,6,6,13,0.002461,0.081504,0.215795,0.542735,0.18758108,0.0,0.0110614,0.00348326,cross_tissue_stable,age-associated methylation signal; mechanism not inferred
chr2,73270000,73274999,chr2:70000000-74999999,chr2:73270000-73274999,35,True,True,18.0,518,0.26445,5.92830894874813e-21,hypermethylating_with_age,5,9,6,13,0.0,0.030157,0.032567,0.84188,0.26445,0.05555556,0.00051052,3.978e-05,cross_tissue_stable,age-associated methylation signal; mechanism not inferred
chr6,8945000,8949999,chr6:5000000-9999999,chr6:8945000-8949999,36,False,True,,18,0.285522,2.789126037879686e-24,hypermethylating_with_age,6,10,6,13,0.00082,0.098648,0.248072,0.75641,0.28528729,0.0,0.01586231,0.00307553,cross_tissue_stable,age-associated methylation signal; mechanism not inferred
chr2,22620000,22624999,chr2:20000000-24999999,chr2:22620000-22624999,37,True,True,19.0,519,0.307853,3.9612395583147326e-28,hypermethylating_with_age,5,10,6,13,0.001641,0.066326,0.123085,0.867521,0.30734839,0.05263158,0.00059317,6.645e-05,cross_tissue_stable,age-associated methylation signal; mechanism not inferred
chr8,57320000,57324999,chr8:55000000-59999999,chr8:57320000-57324999,38,False,True,,19,0.265754,3.894698846819394e-21,hypermethylating_with_age,4,10,6,13,0.00082,0.076183,0.111618,0.645299,0.26553549,0.0,0.01398703,0.00195381,cross_tissue_stable,age-associated methylation signal; mechanism not inferred
chr13,95525000,95529999,chr13:95000000-99999999,chr13:95525000-95529999,39,False,True,,20,0.229758,4.960990565337806e-16,hypermethylating_with_age,4,9,6,13,0.002461,0.018066,0.026946,0.619658,0.2291922,0.0,0.01148788,0.00073975,cross_tissue_stable,age-associated methylation signal; mechanism not inferred
chr15,39655000,39659999,chr15:35000000-39999999,chr15:39655000-39659999,40,True,True,20.0,520,0.330628,2.638999567387092e-32,hypermethylating_with_age,6,10,6,13,0.005742,0.055096,0.134634,0.923077,0.32872913,0.05,0.00063582,7.803e-05,cross_tissue_stable,age-associated methylation signal; mechanism not inferred
chr3,154595000,154599999,chr3:150000000-154999999,chr3:154595000-154599999,41,False,True,,21,0.233467,1.5326247377762623e-16,hypermethylating_with_age,1,5,6,13,0.00082,0.018942,0.016457,0.350427,0.23327582,0.0,0.01111749,0.00059423,mixed_or_low_support,age-associated methylation signal; mechanism not inferred
chr8,48555000,48559999,chr8:45000000-49999999,chr8:48555000-48559999,42,True,True,21.0,521,0.331391,1.3142457588720094e-32,hypermethylating_with_age,5,10,6,13,0.00082,0.076476,0.135822,0.867521,0.33111938,0.04761905,0.00063607,0.00013528,cross_tissue_stable,age-associated methylation signal; mechanism not inferred
chr8,26975000,26979999,chr8:25000000-29999999,chr8:26975000-26979999,43,False,True,,22,0.121689,2.042826276587878e-05,hypermethylating_with_age,3,8,6,13,0.0,0.08031,0.22499,0.538462,0.12168911,0.0,0.00553132,0.00374501,cross_tissue_stable,age-associated methylation signal; mechanism not inferred
chr9,44405000,44409999,chr9:40000000-44999999,chr9:44405000-44409999,44,True,True,22.0,522,-0.252435,3.5596797584406806e-19,hypomethylating_with_age,3,7,6,13,0.0,0.103024,0.154169,0.679487,0.25243492,0.04545455,0.00048359,8.145e-05,cross_tissue_stable,age-associated methylation signal; mechanism not inferred
chr10,42610000,42614999,chr10:40000000-44999999,chr10:42610000-42614999,45,False,True,,23,0.270475,7.288374605952737e-22,hypermethylating_with_age,5,11,6,13,0.00082,0.041364,0.044898,0.726496,0.27025345,0.0,0.0117598,0.00139158,cross_tissue_stable,age-associated methylation signal; mechanism not inferred
chr3,87515000,87519999,chr3:85000000-89999999,chr3:87515000-87519999,46,True,True,23.0,523,-0.265369,4.625013591629301e-21,hypomethylating_with_age,3,3,6,13,0.001641,0.123624,0.499928,0.576923,0.26493376,0.04347826,0.0005074,0.00021422,tissue_specific,age-associated methylation signal; mechanism not inferred
chr15,34495000,34499999,chr15:30000000-34999999,chr15:34495000-34499999,47,False,True,,24,-0.233466,1.4901412128616868e-16,hypomethylating_with_age,1,7,6,13,0.0,0.077701,0.06369,0.401709,0.23346631,0.0,0.00972776,0.0016164,mixed_or_low_support,age-associated methylation signal; mechanism not inferred
chr5,53585000,53589999,chr5:50000000-54999999,chr5:53585000-53589999,48,True,True,24.0,524,0.185677,6.44690483653029e-11,hypermethylating_with_age,0,6,6,13,0.0,0.061729,0.062501,0.487179,0.1856768,0.04166667,0.00035435,5.038e-05,mixed_or_low_support,age-associated methylation signal; mechanism not inferred
chr9,15305000,15309999,chr9:15000000-19999999,chr9:15305000-15309999,49,False,True,,25,-0.211976,7.877289948575219e-14,hypomethylating_with_age,1,6,6,13,0.001641,0.05836,0.075194,0.376068,0.21162778,0.0,0.00847902,0.00103704,mixed_or_low_support,age-associated methylation signal; mechanism not inferred
chr9,55540000,55544999,chr9:55000000-59999999,chr9:55540000-55544999,50,True,True,25.0,525,0.280808,1.58781263187184e-23,hypermethylating_with_age,6,10,6,13,0.0,0.045583,0.061865,0.923077,0.28080833,0.04,0.00053487,4.58e-05,cross_tissue_stable,age-associated methylation signal; mechanism not inferred
chr11,62550000,62554999,chr11:60000000-64999999,chr11:62550000-62554999,51,True,True,26.0,526,-0.208272,2.154907592593949e-13,hypomethylating_with_age,2,4,6,13,0.001641,0.069719,0.063703,0.547009,0.20792983,0.03846154,0.00039595,5.111e-05,mixed_or_low_support,age-associated methylation signal; mechanism not inferred
chr9,114560000,114564999,chr9:110000000-114999999,chr9:114560000-114564999,52,False,True,,26,0.260287,2.509383639143926e-20,hypermethylating_with_age,5,11,6,13,0.0,0.033307,0.038005,0.726496,0.26028745,0.0,0.01001106,0.00100706,cross_tissue_stable,age-associated methylation signal; mechanism not inferred
chr10,29535000,29539999,chr10:25000000-29999999,chr10:29535000-29539999,53,True,True,27.0,527,0.321142,1.28400112219102e-30,hypermethylating_with_age,5,10,6,13,0.00082,0.037506,0.063829,0.867521,0.32087837,0.03703704,0.00060938,4.737e-05,cross_tissue_stable,age-associated methylation signal; mechanism not inferred
chr1,156300000,156304999,chr1:155000000-159999999,chr1:156300000-156304999,54,False,True,,27,0.235122,8.980412489809477e-17,hypermethylating_with_age,4,7,6,13,0.0,0.068457,0.102542,0.568376,0.23512208,0.0,0.00870823,0.00123115,cross_tissue_stable,age-associated methylation signal; mechanism not inferred
chr13,30335000,30339999,chr13:30000000-34999999,chr13:30335000-30339999,55,True,True,28.0,528,0.322038,1.141283043420325e-30,hypermethylating_with_age,3,9,6,13,0.004922,0.047186,0.091775,0.730769,0.32045281,0.03571429,0.00060992,5.203e-05,cross_tissue_stable,age-associated methylation signal; mechanism not inferred
chr9,110405000,110409999,chr9:110000000-114999999,chr9:110405000-110409999,56,False,True,,28,-0.18951,2.6004586183932917e-11,hypomethylating_with_age,2,4,6,13,0.00082,0.042564,0.058747,0.380342,0.18935442,0.0,0.00676821,0.0006452,mixed_or_low_support,age-associated methylation signal; mechanism not inferred
chr11,96250000,96254999,chr11:95000000-99999999,chr11:96250000-96254999,57,False,True,,29,0.278699,3.783475217673831e-23,hypermethylating_with_age,4,10,6,13,0.001641,0.041719,0.063535,0.645299,0.27824143,0.0,0.0096103,0.00093814,cross_tissue_stable,age-associated methylation signal; mechanism not inferred
chr1,79440000,79444999,chr1:75000000-79999999,chr1:79440000-79444999,58,True,True,29.0,529,0.309212,2.75156882241303e-28,hypermethylating_with_age,4,9,6,13,0.004922,0.113972,0.264302,0.786325,0.30768964,0.03448276,0.00058452,0.00011317,cross_tissue_stable,age-associated methylation signal; mechanism not inferred
chr17,56610000,56614999,chr17:55000000-59999999,chr17:56610000-56614999,59,False,True,,30,-0.124081,1.4071797489444422e-05,hypomethylating_with_age,3,5,6,13,0.00082,0.111886,0.078956,0.461538,0.12397873,0.0,0.00413602,0.00149975,mixed_or_low_support,age-associated methylation signal; mechanism not inferred
chr2,71525000,71529999,chr2:70000000-74999999,chr2:71525000-71529999,60,True,True,30.0,530,0.255976,1.1658289079297684e-19,hypermethylating_with_age,5,10,6,13,0.001641,0.052777,0.083234,0.867521,0.25555611,0.03333333,0.00048297,5.989e-05,cross_tissue_stable,age-associated methylation signal; mechanism not inferred
chr11,106785000,106789999,chr11:105000000-109999999,chr11:106785000-106789999,61,True,True,31.0,531,0.269735,9.498919068137677e-22,hypermethylating_with_age,2,7,6,13,0.00082,0.015779,0.01379,0.623932,0.26951396,0.03225806,0.00050798,1.773e-05,mixed_or_low_support,age-associated methylation signal; mechanism not inferred
chr12,28585000,28589999,chr12:25000000-29999999,chr12:28585000-28589999,62,False,True,,31,0.266451,3.1626211129155616e-21,hypermethylating_with_age,1,8,6,13,0.001641,0.028897,0.029578,0.42735,0.26601378,0.0,0.00859519,0.00062691,mixed_or_low_support,age-associated methylation signal; mechanism not inferred
chr13,71455000,71459999,chr13:70000000-74999999,chr13:71455000-71459999,63,True,True,32.0,532,0.313207,7.006785961174611e-29,hypermethylating_with_age,4,6,6,13,0.009844,0.077307,0.14949,0.709402,0.31012421,0.03125,0.00058874,9.634e-05,cross_tissue_stable,age-associated methylation signal; mechanism not inferred
chr14,122475000,122479999,chr14:120000000-124999999,chr14:122475000-122479999,64,False,True,,32,0.27804,4.451463505236943e-23,hypermethylating_with_age,5,9,6,13,0.0,0.038676,0.059643,0.675214,0.27803989,0.0,0.00868875,0.00090231,cross_tissue_stable,age-associated methylation signal; mechanism not inferred
chr14,64585000,64589999,chr14:60000000-64999999,chr14:64585000-64589999,65,True,True,33.0,533,0.324352,3.1162008982112167e-31,hypermethylating_with_age,4,7,6,13,0.00082,0.066581,0.073092,0.735043,0.32408544,0.03030303,0.00060854,6.798e-05,cross_tissue_stable,age-associated methylation signal; mechanism not inferred
chr17,23725000,23729999,chr17:20000000-24999999,chr17:23725000-23729999,66,False,True,,33,-0.205641,4.1665951355704497e-13,hypomethylating_with_age,1,4,6,13,0.0,0.10368,0.100883,0.324786,0.20564085,0.0,0.00623154,0.00133427,mixed_or_low_support,age-associated methylation signal; mechanism not inferred
chr1,106170000,106174999,chr1:105000000-109999999,chr1:106170000-106174999,67,False,True,,34,0.275455,1.1531448564129572e-22,hypermethylating_with_age,1,9,6,13,0.0,0.04618,0.051119,0.452991,0.2754553,0.0,0.00810163,0.00071858,mixed_or_low_support,age-associated methylation signal; mechanism not inferred
chr5,33430000,33434999,chr5:30000000-34999999,chr5:33430000-33434999,68,True,True,34.0,534,0.311049,9.371066466932891e-29,hypermethylating_with_age,5,9,6,13,0.0,0.065112,0.131485,0.84188,0.31104922,0.02941176,0.00058249,6.55e-05,cross_tissue_stable,age-associated methylation signal; mechanism not inferred
chr1,194615000,194619999,chr1:190000000-194999999,chr1:194615000-194619999,69,True,True,35.0,535,0.331705,1.1390379728321054e-32,hypermethylating_with_age,2,7,6,13,0.00082,0.019764,0.017999,0.623932,0.33143294,0.02857143,0.00062001,2.649e-05,mixed_or_low_support,age-associated methylation signal; mechanism not inferred
chr9,102505000,102509999,chr9:100000000-104999999,chr9:102505000-102509999,70,False,True,,35,0.295449,9.281038144464853e-26,hypermethylating_with_age,5,8,6,13,0.009024,0.056276,0.083049,0.649573,0.29278332,0.0,0.00844141,0.00133907,cross_tissue_stable,age-associated methylation signal; mechanism not inferred
chr13,48225000,48229999,chr13:45000000-49999999,chr13:48225000-48229999,71,True,True,36.0,536,0.319288,4.699430559541633e-30,hypermethylating_with_age,4,10,6,13,0.008203,0.028897,0.038604,0.811966,0.31666891,0.02777778,0.00059569,4.715e-05,cross_tissue_stable,age-associated methylation signal; mechanism not inferred
chr2,13570000,13574999,chr2:10000000-14999999,chr2:13570000-13574999,72,False,True,,36,0.226478,1.2430645757467855e-15,hypermethylating_with_age,4,9,6,13,0.00082,0.026903,0.049567,0.619658,0.22629238,0.0,0.00629106,0.00050726,cross_tissue_stable,age-associated methylation signal; mechanism not inferred
chr19,30545000,30549999,chr19:30000000-34999999,chr19:30545000-30549999,73,True,True,37.0,537,0.338541,5.4706331948268134e-34,hypermethylating_with_age,6,9,6,13,0.002461,0.059454,0.128404,0.897436,0.33770825,0.02702703,0.00063043,6.882e-05,cross_tissue_stable,age-associated methylation signal; mechanism not inferred
chr3,108280000,108284999,chr3:105000000-109999999,chr3:108280000-108284999,74,False,True,,37,0.239018,2.8515360960179427e-17,hypermethylating_with_age,3,8,6,13,0.001641,0.016256,0.018931,0.538462,0.23862541,0.0,0.00645993,0.00030141,cross_tissue_stable,age-associated methylation signal; mechanism not inferred
chr18,15760000,15764999,chr18:15000000-19999999,chr18:15760000-15764999,75,False,True,,38,0.353477,5.146553683996105e-37,hypermethylating_with_age,5,10,6,13,0.004922,0.102668,0.170357,0.700855,0.35173733,0.0,0.00930203,0.00177681,cross_tissue_stable,age-associated methylation signal; mechanism not inferred
chr7,139940000,139944999,chr7:135000000-139999999,chr7:139940000-139944999,76,True,True,38.0,538,0.284416,4.433710567839586e-24,hypermethylating_with_age,6,12,6,13,0.001641,0.054976,0.090368,0.974359,0.28394889,0.02631579,0.00052865,5.217e-05,cross_tissue_stable,age-associated methylation signal; mechanism not inferred
chr10,42275000,42279999,chr10:40000000-44999999,chr10:42275000-42279999,77,True,True,39.0,539,0.292071,2.1209168160118406e-25,hypermethylating_with_age,3,8,6,13,0.0,0.024703,0.029768,0.705128,0.29207071,0.02564103,0.00054188,2.989e-05,cross_tissue_stable,age-associated methylation signal; mechanism not inferred
chr1,165640000,165644999,chr1:165000000-169999999,chr1:165640000-165644999,78,False,True,,39,0.234073,1.2383659599453632e-16,hypermethylating_with_age,0,7,6,13,0.0,0.019953,0.015737,0.346154,0.23407293,0.0,0.00600187,0.00025554,mixed_or_low_support,age-associated methylation signal; mechanism not inferred
chr7,105785000,105789999,chr7:105000000-109999999,chr7:105785000-105789999,79,False,True,,40,0.259341,3.471282905772415e-20,hypermethylating_with_age,5,11,6,13,0.0,0.074811,0.118087,0.726496,0.25934099,0.0,0.00648352,0.00139281,cross_tissue_stable,age-associated methylation signal; mechanism not inferred
chr7,43485000,43489999,chr7:40000000-44999999,chr7:43485000-43489999,80,True,True,40.0,540,0.295546,1.7035558969398137e-25,hypermethylating_with_age,4,8,6,13,0.020509,0.074053,0.091704,0.760684,0.28948518,0.025,0.00054731,8.063e-05,cross_tissue_stable,age-associated methylation signal; mechanism not inferred
chr12,102740000,102744999,chr12:100000000-104999999,chr12:102740000-102744999,81,True,True,41.0,541,-0.174512,8.578814619608161e-10,hypomethylating_with_age,1,5,6,13,0.0,0.05457,0.059061,0.517094,0.17451234,0.02439024,0.00032257,5.021e-05,mixed_or_low_support,age-associated methylation signal; mechanism not inferred
chr14,24245000,24249999,chr14:20000000-24999999,chr14:24245000-24249999,82,False,True,,41,0.328246,5.786967510098902e-32,hypermethylating_with_age,1,7,6,13,0.001641,0.03492,0.038702,0.401709,0.32770713,0.0,0.00800599,0.00070195,mixed_or_low_support,age-associated methylation signal; mechanism not inferred
chr2,148045000,148049999,chr2:145000000-149999999,chr2:148045000-148049999,83,True,True,42.0,542,0.329287,3.2241291073673655e-32,hypermethylating_with_age,5,10,6,13,0.0,0.060081,0.082699,0.867521,0.32928673,0.02380952,0.00060754,6.948e-05,cross_tissue_stable,age-associated methylation signal; mechanism not inferred
chr2,19445000,19449999,chr2:15000000-19999999,chr2:19445000-19449999,84,False,True,,42,0.28151,2.0130181565981214e-23,hypermethylating_with_age,5,9,6,13,0.009844,0.065992,0.13695,0.675214,0.27873831,0.0,0.00670261,0.00113618,cross_tissue_stable,age-associated methylation signal; mechanism not inferred
chr17,56830000,56834999,chr17:55000000-59999999,chr17:56830000-56834999,85,True,True,43.0,543,0.330413,1.9350172364531754e-32,hypermethylating_with_age,5,10,6,13,0.0,0.056182,0.051796,0.867521,0.33041272,0.02325581,0.00060849,5.071e-05,cross_tissue_stable,age-associated methylation signal; mechanism not inferred
chr1,87245000,87249999,chr1:85000000-89999999,chr1:87245000-87249999,86,False,True,,43,0.261876,1.934146909897058e-20,hypermethylating_with_age,3,6,6,13,0.006563,0.108681,0.168803,0.487179,0.26015785,0.0,0.00609015,0.00145608,cross_tissue_stable,age-associated methylation signal; mechanism not inferred
chr14,99045000,99049999,chr14:95000000-99999999,chr14:99045000-99049999,87,True,True,44.0,544,-0.267735,1.8641739221082835e-21,hypomethylating_with_age,1,6,6,13,0.0,0.114903,0.11874,0.542735,0.26773496,0.02272727,0.00049216,6.76e-05,mixed_or_low_support,age-associated methylation signal; mechanism not inferred
chr7,96210000,96214999,chr7:95000000-99999999,chr7:96210000-96214999,88,False,True,,44,0.278328,4.000086360123062e-23,hypermethylating_with_age,5,9,6,13,0.0,0.107843,0.191441,0.675214,0.27832848,0.0,0.00632565,0.00104141,cross_tissue_stable,age-associated methylation signal; mechanism not inferred
chr12,102555000,102559999,chr12:100000000-104999999,chr12:102555000-102559999,89,True,True,45.0,545,0.334543,3.708910915931732e-33,hypermethylating_with_age,4,9,6,13,0.003281,0.03979,0.088685,0.786325,0.33344481,0.02222222,0.00061384,4.925e-05,cross_tissue_stable,age-associated methylation signal; mechanism not inferred
chr5,81015000,81019999,chr5:80000000-84999999,chr5:81015000-81019999,90,False,True,,45,0.314703,7.85045270028829e-28,hypermethylating_with_age,4,11,6,13,0.057424,0.058385,0.077631,0.67094,0.2966318,0.0,0.00699341,0.00142944,cross_tissue_stable,age-associated methylation signal; mechanism not inferred
chr13,22020000,22024999,chr13:20000000-24999999,chr13:22020000-22024999,91,True,True,46.0,546,0.212837,6.217493865712887e-14,hypermethylating_with_age,3,8,6,13,0.001641,0.027466,0.033265,0.705128,0.21248737,0.02173913,0.00038981,3.554e-05,cross_tissue_stable,age-associated methylation signal; mechanism not inferred
chr19,37205000,37209999,chr19:35000000-39999999,chr19:37205000-37209999,92,False,True,,46,0.240485,1.7476866670818432e-17,hypermethylating_with_age,1,8,6,13,0.00082,0.019488,0.021371,0.42735,0.24028737,0.0,0.00522793,0.00025625,mixed_or_low_support,age-associated methylation signal; mechanism not inferred
chr15,59645000,59649999,chr15:55000000-59999999,chr15:59645000-59649999,93,False,True,,47,0.246122,2.8116877235940676e-18,hypermethylating_with_age,0,7,6,13,0.0,0.016634,0.016042,0.346154,0.24612223,0.0,0.00523664,0.00020445,mixed_or_low_support,age-associated methylation signal; mechanism not inferred
chr8,88520000,88524999,chr8:85000000-89999999,chr8:88520000-88524999,94,True,True,47.0,547,0.25948,3.428879291861195e-20,hypermethylating_with_age,4,10,6,13,0.00082,0.026282,0.044353,0.811966,0.25926705,0.0212766,0.00047437,4.09e-05,cross_tissue_stable,age-associated methylation signal; mechanism not inferred
chr13,93190000,93194999,chr13:90000000-94999999,chr13:93190000-93194999,95,False,True,,48,0.25217,4.589560990068625e-19,hypermethylating_with_age,1,6,6,13,0.004102,0.020882,0.016083,0.376068,0.25113582,0.0,0.00525354,0.00028536,mixed_or_low_support,age-associated methylation signal; mechanism not inferred
chr7,82335000,82339999,chr7:80000000-84999999,chr7:82335000-82339999,96,True,True,48.0,548,0.3153,1.534215958017392e-29,hypermethylating_with_age,5,10,6,13,0.0,0.066598,0.125791,0.867521,0.31529988,0.02083333,0.00057536,8.556e-05,cross_tissue_stable,age-associated methylation signal; mechanism not inferred
chr2,19450000,19454999,chr2:15000000-19999999,chr2:19450000-19454999,97,True,True,49.0,549,0.317238,7.022050408537282e-30,hypermethylating_with_age,6,9,6,13,0.00082,0.07152,0.145232,0.897436,0.31697791,0.02040816,0.00057785,6.947e-05,cross_tissue_stable,age-associated methylation signal; mechanism not inferred
chr5,147275000,147279999,chr5:145000000-149999999,chr5:147275000-147279999,98,False,True,,49,0.240201,1.9691462348669618e-17,hypermethylating_with_age,5,11,6,13,0.001641,0.110868,0.238407,0.726496,0.23980671,0.0,0.00490206,0.00109458,cross_tissue_stable,age-associated methylation signal; mechanism not inferred
chr11,9045000,9049999,chr11:5000000-9999999,chr11:9045000-9049999,99,True,True,50.0,550,0.319455,2.9909011581985237e-30,hypermethylating_with_age,4,10,6,13,0.002461,0.019972,0.020837,0.811966,0.31866913,0.02,0.00058083,2.503e-05,cross_tissue_stable,age-associated methylation signal; mechanism not inferred
chr5,67100000,67104999,chr5:65000000-69999999,chr5:67100000-67104999,100,False,True,,50,0.27016,8.810564586677322e-22,hypermethylating_with_age,5,9,6,13,0.002461,0.104915,0.247133,0.675214,0.26949482,0.0,0.00540319,0.00113353,cross_tissue_stable,age-associated methylation signal; mechanism not inferred
chr14,12345000,12349999,chr14:10000000-14999999,chr14:12345000-12349999,101,True,True,51.0,551,0.330284,2.3047583324999374e-32,hypermethylating_with_age,5,9,6,13,0.001641,0.055149,0.112051,0.84188,0.32974196,0.01960784,0.00059943,6.084e-05,cross_tissue_stable,age-associated methylation signal; mechanism not inferred
chr2,74670000,74674999,chr2:70000000-74999999,chr2:74670000-74674999,102,False,True,,51,0.140838,8.278338034859401e-07,hypermethylating_with_age,5,8,6,13,0.003281,0.110495,0.220092,0.649573,0.1403755,0.0,0.00276152,0.00169658,cross_tissue_stable,age-associated methylation signal; mechanism not inferred
chr11,43745000,43749999,chr11:40000000-44999999,chr11:43745000-43749999,103,False,True,,52,-0.199193,2.2513598446655907e-12,hypomethylating_with_age,2,10,6,13,0.0,0.097734,0.082096,0.534188,0.19919269,0.0,0.00383063,0.00122575,mixed_or_low_support,age-associated methylation signal; mechanism not inferred
chr1,4570000,4574999,chr1:0-4999999,chr1:4570000-4574999,104,True,True,52.0,552,0.349132,7.242311395357314e-36,hypermethylating_with_age,5,7,6,13,0.011485,0.027681,0.040716,0.790598,0.34512242,0.01923077,0.00063249,4.289e-05,cross_tissue_stable,age-associated methylation signal; mechanism not inferred
chr5,37820000,37824999,chr5:35000000-39999999,chr5:37820000-37824999,105,False,True,,53,0.309923,1.6674375727860085e-28,hypermethylating_with_age,5,9,6,13,0.001641,0.02803,0.032568,0.675214,0.30941468,0.0,0.00584761,0.00037098,cross_tissue_stable,age-associated methylation signal; mechanism not inferred
chr6,82400000,82404999,chr6:80000000-84999999,chr6:82400000-82404999,106,True,True,53.0,553,0.335916,1.5472499252151385e-33,hypermethylating_with_age,4,10,6,13,0.0,0.056545,0.092354,0.811966,0.33591588,0.01886792,0.00060744,5.792e-05,cross_tissue_stable,age-associated methylation signal; mechanism not inferred
chr11,65265000,65269999,chr11:65000000-69999999,chr11:65265000-65269999,107,True,True,54.0,554,0.321558,1.7542312883996635e-30,hypermethylating_with_age,5,11,6,13,0.008203,0.080972,0.165619,0.893162,0.31892042,0.01851852,0.00058043,9.362e-05,cross_tissue_stable,age-associated methylation signal; mechanism not inferred
chr17,34030000,34034999,chr17:30000000-34999999,chr17:34030000-34034999,108,False,True,,54,-0.188146,3.557519662132841e-11,hypomethylating_with_age,0,5,6,13,0.0,0.106181,0.137935,0.294872,0.1881455,0.0,0.00348418,0.00083729,mixed_or_low_support,age-associated methylation signal; mechanism not inferred
chr2,14605000,14609999,chr2:10000000-14999999,chr2:14605000-14609999,109,False,True,,55,0.258789,5.358838688695532e-20,hypermethylating_with_age,5,9,6,13,0.005742,0.069746,0.164985,0.675214,0.25730249,0.0,0.00470525,0.00069822,cross_tissue_stable,age-associated methylation signal; mechanism not inferred
chr5,67220000,67224999,chr5:65000000-69999999,chr5:67220000-67224999,110,True,True,55.0,555,0.317993,5.0651837488582455e-30,hypermethylating_with_age,6,10,6,13,0.00082,0.069786,0.098242,0.923077,0.31773232,0.01818182,0.00057296,8.279e-05,cross_tissue_stable,age-associated methylation signal; mechanism not inferred
chr15,80285000,80289999,chr15:80000000-84999999,chr15:80285000-80289999,111,False,True,,56,0.304508,1.5054917621880047e-27,hypermethylating_with_age,5,8,6,13,0.00082,0.054227,0.101947,0.649573,0.30425779,0.0,0.00543764,0.00062586,cross_tissue_stable,age-associated methylation signal; mechanism not inferred
chr9,83545000,83549999,chr9:80000000-84999999,chr9:83545000-83549999,112,True,True,56.0,556,0.30998,3.320717893784814e-28,hypermethylating_with_age,4,10,6,13,0.013126,0.101122,0.127398,0.811966,0.30591163,0.01785714,0.00055752,0.00014321,cross_tissue_stable,age-associated methylation signal; mechanism not inferred
chr15,11905000,11909999,chr15:10000000-14999999,chr15:11905000-11909999,113,True,True,57.0,557,0.309883,1.6954463998190966e-28,hypermethylating_with_age,5,10,6,13,0.001641,0.050029,0.080119,0.867521,0.30937506,0.01754386,0.00055634,5.377e-05,cross_tissue_stable,age-associated methylation signal; mechanism not inferred
chr9,37425000,37429999,chr9:35000000-39999999,chr9:37425000-37429999,114,False,True,,57,0.161647,1.4222801738031658e-08,hypermethylating_with_age,5,7,6,13,0.001641,0.119381,0.247294,0.623932,0.16138197,0.0,0.00283592,0.00147175,cross_tissue_stable,age-associated methylation signal; mechanism not inferred
chr10,122445000,122449999,chr10:120000000-124999999,chr10:122445000-122449999,115,False,True,,58,0.298397,1.7219413920893803e-26,hypermethylating_with_age,2,9,6,13,0.0,0.086755,0.150997,0.508547,0.29839658,0.0,0.00514477,0.00071231,mixed_or_low_support,age-associated methylation signal; mechanism not inferred
chr9,89620000,89624999,chr9:85000000-89999999,chr9:89620000-89624999,116,True,True,58.0,558,0.319346,2.9716038539564795e-30,hypermethylating_with_age,4,9,6,13,0.001641,0.055586,0.08839,0.786325,0.31882165,0.01724138,0.0005723,5.957e-05,cross_tissue_stable,age-associated methylation signal; mechanism not inferred
chr18,53460000,53464999,chr18:50000000-54999999,chr18:53460000-53464999,117,True,True,59.0,559,0.324081,3.322309957065813e-31,hypermethylating_with_age,6,10,6,13,0.0,0.059782,0.09931,0.923077,0.32408116,0.01694915,0.00057975,5.869e-05,cross_tissue_stable,age-associated methylation signal; mechanism not inferred
chr1,91410000,91414999,chr1:90000000-94999999,chr1:91410000-91414999,118,False,True,,59,0.287875,1.2347770951972322e-24,hypermethylating_with_age,2,8,6,13,0.002461,0.045653,0.043301,0.482906,0.28716688,0.0,0.00487924,0.00034324,mixed_or_low_support,age-associated methylation signal; mechanism not inferred
chr16,72025000,72029999,chr16:70000000-74999999,chr16:72025000-72029999,119,True,True,60.0,560,0.319431,1.3462228544318646e-28,hypermethylating_with_age,5,8,6,13,0.059885,0.117367,0.273126,0.816239,0.30030143,0.01666667,0.00057041,0.00013201,cross_tissue_stable,age-associated methylation signal; mechanism not inferred
chr2,121805000,121809999,chr2:120000000-124999999,chr2:121805000-121809999,120,False,True,,60,0.28384,6.002414564131656e-24,hypermethylating_with_age,4,11,6,13,0.003281,0.034593,0.035447,0.67094,0.28290859,0.0,0.00473067,0.00045139,cross_tissue_stable,age-associated methylation signal; mechanism not inferred
chr15,89355000,89359999,chr15:85000000-89999999,chr15:89355000-89359999,121,False,True,,61,0.222208,4.664269366970027e-15,hypermethylating_with_age,2,9,6,13,0.003281,0.016463,0.016217,0.508547,0.22147854,0.0,0.00364275,0.00018441,mixed_or_low_support,age-associated methylation signal; mechanism not inferred
chr16,94995000,94999999,chr16:90000000-94999999,chr16:94995000-94999999,122,True,True,61.0,561,0.341941,1.17814992589383e-34,hypermethylating_with_age,5,8,6,13,0.003281,0.07742,0.150214,0.816239,0.34081921,0.01639344,0.00060952,8.044e-05,cross_tissue_stable,age-associated methylation signal; mechanism not inferred
chr10,90825000,90829999,chr10:90000000-94999999,chr10:90825000-90829999,123,True,True,62.0,562,0.324192,3.1634664197356477e-31,hypermethylating_with_age,5,11,6,13,0.0,0.055285,0.096776,0.893162,0.32419154,0.01612903,0.00057685,8.352e-05,cross_tissue_stable,age-associated methylation signal; mechanism not inferred
chr19,58455000,58459999,chr19:55000000-59999999,chr19:58455000-58459999,124,False,True,,62,0.213104,6.055525097792872e-14,hypermethylating_with_age,4,9,6,13,0.003281,0.038173,0.058149,0.619658,0.21240461,0.0,0.00343716,0.00049548,cross_tissue_stable,age-associated methylation signal; mechanism not inferred
chr4,117120000,117124999,chr4:115000000-119999999,chr4:117120000-117124999,125,True,True,63.0,563,-0.265275,4.780078185403266e-21,hypomethylating_with_age,0,8,6,13,0.001641,0.091947,0.105737,0.538462,0.26483982,0.01587302,0.00047118,7.188e-05,mixed_or_low_support,age-associated methylation signal; mechanism not inferred
chr7,44970000,44974999,chr7:40000000-44999999,chr7:44970000-44974999,126,False,True,,63,-0.172928,1.2608737879109487e-09,hypomethylating_with_age,0,5,6,13,0.001641,0.123193,0.12885,0.294872,0.17264477,0.0,0.0027449,0.00086973,mixed_or_low_support,age-associated methylation signal; mechanism not inferred
chr2,178410000,178414999,chr2:175000000-179999999,chr2:178410000-178414999,127,True,True,64.0,564,0.362961,3.612394961710293e-39,hypermethylating_with_age,5,8,6,13,0.002461,0.023075,0.027544,0.816239,0.36206765,0.015625,0.00064355,4.198e-05,cross_tissue_stable,age-associated methylation signal; mechanism not inferred
chr4,117910000,117914999,chr4:115000000-119999999,chr4:117910000-117914999,128,False,True,,64,-0.140679,8.344357754708997e-07,hypomethylating_with_age,2,7,6,13,0.001641,0.052233,0.035847,0.457265,0.14044809,0.0,0.00219811,0.00035129,mixed_or_low_support,age-associated methylation signal; mechanism not inferred
chr13,56220000,56224999,chr13:55000000-59999999,chr13:56220000-56224999,129,False,True,,65,0.236204,6.626405494282048e-17,hypermethylating_with_age,4,8,6,13,0.00082,0.044264,0.097786,0.594017,0.23601049,0.0,0.00363391,0.00054162,cross_tissue_stable,age-associated methylation signal; mechanism not inferred
chr2,116075000,116079999,chr2:115000000-119999999,chr2:116075000-116079999,130,True,True,65.0,565,0.292606,1.8815486125503796e-25,hypermethylating_with_age,3,8,6,13,0.001641,0.027118,0.040388,0.705128,0.292126,0.01538462,0.00051789,3.112e-05,cross_tissue_stable,age-associated methylation signal; mechanism not inferred
chr16,84770000,84774999,chr16:80000000-84999999,chr16:84770000-84774999,131,False,True,,66,0.26223,1.3799867082406014e-20,hypermethylating_with_age,4,8,6,13,0.001641,0.031529,0.053055,0.594017,0.26179936,0.0,0.00397318,0.00029478,cross_tissue_stable,age-associated methylation signal; mechanism not inferred
chr7,70350000,70354999,chr7:70000000-74999999,chr7:70350000-70354999,132,True,True,66.0,566,0.327859,1.4495566321581153e-31,hypermethylating_with_age,5,10,6,13,0.012305,0.049521,0.072469,0.867521,0.32382491,0.01515152,0.00057926,8.519e-05,cross_tissue_stable,age-associated methylation signal; mechanism not inferred
chr5,36485000,36489999,chr5:35000000-39999999,chr5:36485000-36489999,133,True,True,67.0,567,-0.238495,3.456899972111819e-17,hypomethylating_with_age,2,8,6,13,0.002461,0.072665,0.053442,0.649573,0.23790822,0.01492537,0.00042063,4.655e-05,mixed_or_low_support,age-associated methylation signal; mechanism not inferred
chr8,121650000,121654999,chr8:120000000-124999999,chr8:121650000-121654999,134,False,True,,67,0.335716,2.0337983190766657e-33,hypermethylating_with_age,4,9,6,13,0.002461,0.061501,0.116023,0.619658,0.3348894,0.0,0.00501068,0.0006733,cross_tissue_stable,age-associated methylation signal; mechanism not inferred
chr12,86420000,86424999,chr12:85000000-89999999,chr12:86420000-86424999,135,True,True,68.0,568,0.322791,6.216168004302292e-31,hypermethylating_with_age,5,8,6,13,0.00082,0.065122,0.088076,0.816239,0.32252625,0.01470588,0.00056829,5.596e-05,cross_tissue_stable,age-associated methylation signal; mechanism not inferred
chr7,35750000,35754999,chr7:35000000-39999999,chr7:35750000-35754999,136,False,True,,68,-0.168967,3.1454220474272676e-09,hypomethylating_with_age,0,4,6,13,0.004102,0.085203,0.097215,0.269231,0.16827431,0.0,0.00248481,0.00049623,mixed_or_low_support,age-associated methylation signal; mechanism not inferred
chr12,11150000,11154999,chr12:10000000-14999999,chr12:11150000-11154999,137,False,True,,69,0.29761,2.592829922202794e-26,hypermethylating_with_age,5,11,6,13,0.001641,0.084532,0.148661,0.726496,0.29712151,0.0,0.00431319,0.00065269,cross_tissue_stable,age-associated methylation signal; mechanism not inferred
chr9,108505000,108509999,chr9:105000000-109999999,chr9:108505000-108509999,138,True,True,69.0,569,-0.254603,1.848145609814861e-19,hypomethylating_with_age,0,7,6,13,0.001641,0.109728,0.081578,0.512821,0.25418556,0.01449275,0.00044746,7.351e-05,mixed_or_low_support,age-associated methylation signal; mechanism not inferred
chr11,8620000,8624999,chr11:5000000-9999999,chr11:8620000-8624999,139,True,True,70.0,570,0.350426,2.7914198914003482e-36,hypermethylating_with_age,4,6,6,13,0.007383,0.042584,0.041819,0.709402,0.34783839,0.01428571,0.00061478,4.866e-05,cross_tissue_stable,age-associated methylation signal; mechanism not inferred
chr4,52435000,52439999,chr4:50000000-54999999,chr4:52435000-52439999,140,False,True,,70,0.249268,1.0444380265972516e-18,hypermethylating_with_age,3,9,6,13,0.00082,0.023519,0.019301,0.564103,0.24906394,0.0,0.00356098,0.00018305,cross_tissue_stable,age-associated methylation signal; mechanism not inferred
chr15,99220000,99224999,chr15:95000000-99999999,chr15:99220000-99224999,141,False,True,,71,0.263289,8.889896509681792e-21,hypermethylating_with_age,3,9,6,13,0.0,0.054431,0.050731,0.564103,0.26328859,0.0,0.00370829,0.00043455,cross_tissue_stable,age-associated methylation signal; mechanism not inferred
chr7,24610000,24614999,chr7:20000000-24999999,chr7:24610000-24614999,142,True,True,71.0,571,0.215025,3.232601209730756e-14,hypermethylating_with_age,3,9,6,13,0.0,0.107014,0.149583,0.730769,0.21502479,0.01408451,0.00037658,9.922e-05,cross_tissue_stable,age-associated methylation signal; mechanism not inferred
chr10,70520000,70524999,chr10:70000000-74999999,chr10:70520000-70524999,143,True,True,72.0,572,0.209117,1.7156622915931334e-13,hypermethylating_with_age,4,6,6,13,0.001641,0.063711,0.120748,0.709402,0.20877352,0.01388889,0.00036559,0.00010344,cross_tissue_stable,age-associated methylation signal; mechanism not inferred
chr14,116925000,116929999,chr14:115000000-119999999,chr14:116925000-116929999,144,False,True,,72,0.326883,1.0078755918169686e-31,hypermethylating_with_age,6,11,6,13,0.00082,0.094515,0.19287,0.782051,0.3266146,0.0,0.00454004,0.00079436,cross_tissue_stable,age-associated methylation signal; mechanism not inferred
chr13,55095000,55099999,chr13:55000000-59999999,chr13:55095000-55099999,145,True,True,73.0,573,-0.280294,2.0057757411349963e-23,hypomethylating_with_age,6,8,6,13,0.00082,0.081841,0.107993,0.871795,0.28006419,0.01369863,0.00048917,6.705e-05,cross_tissue_stable,age-associated methylation signal; mechanism not inferred
chr5,138190000,138194999,chr5:135000000-139999999,chr5:138190000-138194999,146,False,True,,73,0.288179,1.05147690036551e-24,hypermethylating_with_age,2,9,6,13,0.001641,0.10448,0.107001,0.508547,0.28770652,0.0,0.00394766,0.00064211,mixed_or_low_support,age-associated methylation signal; mechanism not inferred
chr10,108160000,108164999,chr10:105000000-109999999,chr10:108160000-108164999,147,False,True,,74,0.247514,1.7918164138825233e-18,hypermethylating_with_age,1,7,6,13,0.0,0.018943,0.016225,0.401709,0.24751364,0.0,0.00334478,0.00014891,mixed_or_low_support,age-associated methylation signal; mechanism not inferred
chr15,76875000,76879999,chr15:75000000-79999999,chr15:76875000-76879999,148,True,True,74.0,574,-0.234797,1.0212415081352136e-16,hypomethylating_with_age,1,6,6,13,0.00082,0.0707,0.055628,0.542735,0.23460415,0.01351351,0.00040905,6.244e-05,mixed_or_low_support,age-associated methylation signal; mechanism not inferred
chr11,69410000,69414999,chr11:65000000-69999999,chr11:69410000-69414999,149,False,True,,75,0.258322,5.2704041049524884e-20,hypermethylating_with_age,1,6,6,13,0.001641,0.020093,0.01894,0.376068,0.25789863,0.0,0.0034443,0.00016111,mixed_or_low_support,age-associated methylation signal; mechanism not inferred
chr5,112395000,112399999,chr5:110000000-114999999,chr5:112395000-112399999,150,True,True,75.0,575,0.306389,1.7801203758317143e-27,hypermethylating_with_age,4,8,6,13,0.016407,0.031787,0.057071,0.760684,0.30136189,0.01333333,0.00053285,3.519e-05,cross_tissue_stable,age-associated methylation signal; mechanism not inferred
chr11,101170000,101174999,chr11:100000000-104999999,chr11:101170000-101174999,151,True,True,76.0,576,0.248454,1.3192449912157045e-18,hypermethylating_with_age,3,8,6,13,0.0,0.040354,0.074686,0.705128,0.24845424,0.01315789,0.00043134,3.719e-05,cross_tissue_stable,age-associated methylation signal; mechanism not inferred
chr1,105355000,105359999,chr1:105000000-109999999,chr1:105355000-105359999,152,False,True,,76,0.276976,6.593914366876246e-23,hypermethylating_with_age,2,7,6,13,0.0,0.018887,0.02479,0.457265,0.27697633,0.0,0.00364443,0.00019124,mixed_or_low_support,age-associated methylation signal; mechanism not inferred
chr11,117115000,117119999,chr11:115000000-119999999,chr11:117115000-117119999,153,False,True,,77,0.26339,8.899652341440541e-21,hypermethylating_with_age,1,8,6,13,0.00082,0.023106,0.019254,0.42735,0.2631738,0.0,0.00342065,0.00016376,mixed_or_low_support,age-associated methylation signal; mechanism not inferred
chr4,80910000,80914999,chr4:80000000-84999999,chr4:80910000-80914999,154,True,True,77.0,577,0.33398,4.802651486254625e-33,hypermethylating_with_age,3,10,6,13,0.003281,0.058539,0.09875,0.75641,0.33288413,0.01298701,0.00057882,7.874e-05,cross_tissue_stable,age-associated methylation signal; mechanism not inferred
chr11,67920000,67924999,chr11:65000000-69999999,chr11:67920000-67924999,155,False,True,,78,0.305362,1.0077207141197847e-27,hypermethylating_with_age,2,9,6,13,0.0,0.049333,0.039273,0.508547,0.30536208,0.0,0.0039149,0.00028083,mixed_or_low_support,age-associated methylation signal; mechanism not inferred
chr17,90455000,90459999,chr17:90000000-94999999,chr17:90455000-90459999,156,True,True,78.0,578,0.321935,9.06390378167397e-31,hypermethylating_with_age,6,12,6,13,0.00082,0.105974,0.257979,0.974359,0.32167079,0.01282051,0.00055698,0.00010018,cross_tissue_stable,age-associated methylation signal; mechanism not inferred
chr2,127830000,127834999,chr2:125000000-129999999,chr2:127830000-127834999,157,False,True,,79,0.267897,1.970537741645904e-21,hypermethylating_with_age,2,6,6,13,0.002461,0.018092,0.015598,0.431624,0.26723754,0.0,0.0033911,0.0001596,mixed_or_low_support,age-associated methylation signal; mechanism not inferred
chr5,96370000,96374999,chr5:95000000-99999999,chr5:96370000-96374999,158,True,True,79.0,579,0.327102,8.627475130728553e-32,hypermethylating_with_age,3,9,6,13,0.0,0.021394,0.029749,0.730769,0.32710248,0.01265823,0.00056494,2.641e-05,cross_tissue_stable,age-associated methylation signal; mechanism not inferred
chr12,105335000,105339999,chr12:105000000-109999999,chr12:105335000-105339999,159,True,True,80.0,580,0.347955,5.135655511053673e-36,hypermethylating_with_age,5,9,6,13,0.0,0.078581,0.166574,0.84188,0.3479546,0.0125,0.00059992,8.952e-05,cross_tissue_stable,age-associated methylation signal; mechanism not inferred
chr14,122405000,122409999,chr14:120000000-124999999,chr14:122405000-122409999,160,False,True,,80,0.232529,2.037802928341148e-16,hypermethylating_with_age,6,9,6,13,0.00082,0.031091,0.170442,0.730769,0.23233871,0.0,0.00290662,0.00038917,cross_tissue_stable,age-associated methylation signal; mechanism not inferred
chr19,25670000,25674999,chr19:25000000-29999999,chr19:25670000-25674999,161,False,True,,81,0.280004,2.144592945622923e-23,hypermethylating_with_age,5,8,6,13,0.0,0.042907,0.090085,0.649573,0.28000433,0.0,0.00345684,0.0003371,cross_tissue_stable,age-associated methylation signal; mechanism not inferred
chr3,82900000,82904999,chr3:80000000-84999999,chr3:82900000-82904999,162,True,True,81.0,581,0.375963,3.7688482014418406e-42,hypermethylating_with_age,6,10,6,13,0.001641,0.076196,0.08287,0.923077,0.37534596,0.01234568,0.0006471,6.77e-05,cross_tissue_stable,age-associated methylation signal; mechanism not inferred
chr14,46880000,46884999,chr14:45000000-49999999,chr14:46880000-46884999,163,False,True,,82,0.258895,4.042957635789288e-20,hypermethylating_with_age,3,7,6,13,0.0,0.029954,0.026633,0.512821,0.25889498,0.0,0.00315726,0.00021991,cross_tissue_stable,age-associated methylation signal; mechanism not inferred
chr2,19440000,19444999,chr2:15000000-19999999,chr2:19440000-19444999,164,True,True,82.0,582,0.304229,2.75432106606633e-27,hypermethylating_with_age,5,11,6,13,0.009024,0.056983,0.112962,0.893162,0.3014841,0.01219512,0.00052273,7.966e-05,cross_tissue_stable,age-associated methylation signal; mechanism not inferred
chr7,110765000,110769999,chr7:110000000-114999999,chr7:110765000-110769999,165,False,True,,83,-0.210703,1.0900337566180041e-13,hypomethylating_with_age,3,6,6,13,0.00082,0.095967,0.231429,0.487179,0.21052996,0.0,0.00253859,0.00072229,cross_tissue_stable,age-associated methylation signal; mechanism not inferred
chr9,58485000,58489999,chr9:55000000-59999999,chr9:58485000-58489999,166,True,True,83.0,583,0.301092,6.377924585615025e-27,hypermethylating_with_age,4,9,6,13,0.001641,0.023294,0.021073,0.786325,0.3005977,0.01204819,0.00051645,2.577e-05,cross_tissue_stable,age-associated methylation signal; mechanism not inferred
chr15,37230000,37234999,chr15:35000000-39999999,chr15:37230000-37234999,167,True,True,84.0,584,0.315474,1.4239429448491217e-29,hypermethylating_with_age,6,11,6,13,0.0,0.05035,0.174743,0.948718,0.31547361,0.01190476,0.00054019,8.37e-05,cross_tissue_stable,age-associated methylation signal; mechanism not inferred
chr2,180920000,180924999,chr2:180000000-184999999,chr2:180920000-180924999,168,False,True,,84,0.233362,1.5383401956993504e-16,hypermethylating_with_age,1,8,6,13,0.0,0.017153,0.015099,0.42735,0.2333618,0.0,0.00277812,0.0001257,mixed_or_low_support,age-associated methylation signal; mechanism not inferred
chr3,93010000,93014999,chr3:90000000-94999999,chr3:93010000-93014999,169,True,True,85.0,585,0.36336,3.396807381107041e-39,hypermethylating_with_age,5,9,6,13,0.004102,0.041156,0.068499,0.84188,0.36186995,0.01176471,0.00062113,5.458e-05,cross_tissue_stable,age-associated methylation signal; mechanism not inferred
chr9,87735000,87739999,chr9:85000000-89999999,chr9:87735000-87739999,170,False,True,,85,0.287967,1.0921623182306151e-24,hypermethylating_with_age,4,10,6,13,0.00082,0.067518,0.135837,0.645299,0.28773107,0.0,0.00338785,0.00046833,cross_tissue_stable,age-associated methylation signal; mechanism not inferred
chr4,97775000,97779999,chr4:95000000-99999999,chr4:97775000-97779999,171,False,True,,86,0.280705,1.6506501102173603e-23,hypermethylating_with_age,4,8,6,13,0.0,0.034311,0.054804,0.594017,0.28070467,0.0,0.00326401,0.00034681,cross_tissue_stable,age-associated methylation signal; mechanism not inferred
chr6,25690000,25694999,chr6:25000000-29999999,chr6:25690000-25694999,172,True,True,86.0,586,0.313674,3.240617278153708e-29,hypermethylating_with_age,6,10,6,13,0.00082,0.090454,0.202881,0.923077,0.31341694,0.01162791,0.00053528,8.572e-05,cross_tissue_stable,age-associated methylation signal; mechanism not inferred
chr13,117600000,117604999,chr13:115000000-119999999,chr13:117600000-117604999,173,True,True,87.0,587,0.340656,1.9072202438387304e-34,hypermethylating_with_age,5,11,6,13,0.001641,0.068219,0.096999,0.893162,0.34009727,0.01149425,0.00058033,8.992e-05,cross_tissue_stable,age-associated methylation signal; mechanism not inferred
chr6,125190000,125194999,chr6:125000000-129999999,chr6:125190000-125194999,174,False,True,,87,0.230953,3.190717594640646e-16,hypermethylating_with_age,0,8,6,13,0.0,0.017527,0.015393,0.371795,0.23095261,0.0,0.00265463,0.00011161,mixed_or_low_support,age-associated methylation signal; mechanism not inferred
chr15,76520000,76524999,chr15:75000000-79999999,chr15:76520000-76524999,175,True,True,88.0,588,0.315253,1.565451152747172e-29,hypermethylating_with_age,5,8,6,13,0.0,0.058681,0.108752,0.816239,0.31525292,0.01136364,0.00053614,5.02e-05,cross_tissue_stable,age-associated methylation signal; mechanism not inferred
chr3,61000000,61004999,chr3:60000000-64999999,chr3:61000000-61004999,176,False,True,,88,0.31245,5.744638149959336e-29,hypermethylating_with_age,4,10,6,13,0.001641,0.04733,0.043736,0.645299,0.31193691,0.0,0.00355056,0.00042628,cross_tissue_stable,age-associated methylation signal; mechanism not inferred
chr17,79710000,79714999,chr17:75000000-79999999,chr17:79710000-79714999,177,True,True,89.0,589,0.289009,6.9907129632772595e-25,hypermethylating_with_age,5,11,6,13,0.0,0.083707,0.14148,0.893162,0.289009,0.01123596,0.00049068,6.085e-05,cross_tissue_stable,age-associated methylation signal; mechanism not inferred
chr1,177320000,177324999,chr1:175000000-179999999,chr1:177320000-177324999,178,False,True,,89,0.28924,6.393301607619424e-25,hypermethylating_with_age,5,10,6,13,0.0,0.062322,0.142433,0.700855,0.28923962,0.0,0.00324988,0.00045199,cross_tissue_stable,age-associated methylation signal; mechanism not inferred
chr16,28930000,28934999,chr16:25000000-29999999,chr16:28930000-28934999,179,True,True,90.0,590,0.362534,4.490360495028568e-39,hypermethylating_with_age,5,8,6,13,0.002461,0.040373,0.052784,0.816239,0.36164196,0.01111111,0.00061446,5.239e-05,cross_tissue_stable,age-associated methylation signal; mechanism not inferred
chr2,13010000,13014999,chr2:10000000-14999999,chr2:13010000-13014999,180,False,True,,90,0.202114,1.1016578062176048e-12,hypermethylating_with_age,5,12,6,13,0.001641,0.068287,0.104112,0.752137,0.20178203,0.0,0.00224571,0.00052669,cross_tissue_stable,age-associated methylation signal; mechanism not inferred
chr3,90080000,90084999,chr3:90000000-94999999,chr3:90080000-90084999,181,True,True,91.0,591,-0.193312,9.985345869741904e-12,hypomethylating_with_age,3,9,6,13,0.0,0.052158,0.115468,0.730769,0.19331214,0.01098901,0.00032709,6.528e-05,cross_tissue_stable,age-associated methylation signal; mechanism not inferred
chr6,94695000,94699999,chr6:90000000-94999999,chr6:94695000-94699999,182,False,True,,91,0.30701,1.0760467149813257e-27,hypermethylating_with_age,3,9,6,13,0.012305,0.032885,0.060916,0.564103,0.30323245,0.0,0.00337374,0.0002863,cross_tissue_stable,age-associated methylation signal; mechanism not inferred
chr14,103840000,103844999,chr14:100000000-104999999,chr14:103840000-103844999,183,False,True,,92,0.284186,4.635885990505047e-24,hypermethylating_with_age,5,11,6,13,0.00082,0.060472,0.12031,0.726496,0.28395273,0.0,0.00308898,0.00037333,cross_tissue_stable,age-associated methylation signal; mechanism not inferred
chr2,137115000,137119999,chr2:135000000-139999999,chr2:137115000-137119999,184,True,True,92.0,592,0.31426,2.3951928623085745e-29,hypermethylating_with_age,3,9,6,13,0.0,0.020769,0.016536,0.730769,0.31425997,0.01086957,0.00053084,2.239e-05,cross_tissue_stable,age-associated methylation signal; mechanism not inferred
chr3,17790000,17794999,chr3:15000000-19999999,chr3:17790000-17794999,185,True,True,93.0,593,0.314453,2.4494873372331612e-29,hypermethylating_with_age,5,10,6,13,0.001641,0.110896,0.257055,0.867521,0.31393699,0.01075269,0.00053027,0.00010663,cross_tissue_stable,age-associated methylation signal; mechanism not inferred
chr3,52100000,52104999,chr3:50000000-54999999,chr3:52100000-52104999,186,False,True,,93,0.264269,6.3149569572640185e-21,hypermethylating_with_age,1,6,6,13,0.0,0.023436,0.016904,0.376068,0.26426927,0.0,0.00284161,0.00012944,mixed_or_low_support,age-associated methylation signal; mechanism not inferred
chr2,128695000,128699999,chr2:125000000-129999999,chr2:128695000-128699999,187,False,True,,94,0.276684,1.3424333526767698e-22,hypermethylating_with_age,3,9,6,13,0.012305,0.024601,0.029631,0.564103,0.27327984,0.0,0.00294345,0.00018162,cross_tissue_stable,age-associated methylation signal; mechanism not inferred
chr4,109980000,109984999,chr4:105000000-109999999,chr4:109980000-109984999,188,True,True,94.0,594,0.291811,2.3482899361305248e-25,hypermethylating_with_age,5,10,6,13,0.0,0.086912,0.149005,0.867521,0.29181075,0.0106383,0.00049126,8.06e-05,cross_tissue_stable,age-associated methylation signal; mechanism not inferred
chr14,100285000,100289999,chr14:100000000-104999999,chr14:100285000-100289999,189,True,True,95.0,595,0.322163,7.756892847905635e-31,hypermethylating_with_age,4,10,6,13,0.0,0.024376,0.027492,0.811966,0.32216336,0.01052632,0.00054145,2.709e-05,cross_tissue_stable,age-associated methylation signal; mechanism not inferred
chr4,109975000,109979999,chr4:105000000-109999999,chr4:109975000-109979999,190,False,True,,95,0.262882,1.0240623029946349e-20,hypermethylating_with_age,5,11,6,13,0.0,0.060553,0.118362,0.726496,0.26288178,0.0,0.00276718,0.00031877,cross_tissue_stable,age-associated methylation signal; mechanism not inferred
chr12,118855000,118859999,chr12:115000000-119999999,chr12:118855000-118859999,191,True,True,96.0,596,0.315708,1.508756841269221e-29,hypermethylating_with_age,5,10,6,13,0.002461,0.033478,0.038411,0.867521,0.31493136,0.01041667,0.00052971,4.02e-05,cross_tissue_stable,age-associated methylation signal; mechanism not inferred
chr13,55210000,55214999,chr13:55000000-59999999,chr13:55210000-55214999,192,False,True,,96,0.178449,3.508770225362145e-10,hypermethylating_with_age,4,8,6,13,0.0,0.124622,0.215233,0.594017,0.17844936,0.0,0.00185885,0.00059561,cross_tissue_stable,age-associated methylation signal; mechanism not inferred
chr19,25235000,25239999,chr19:25000000-29999999,chr19:25235000-25239999,193,True,True,97.0,597,0.320514,1.6005376929365237e-30,hypermethylating_with_age,5,11,6,13,0.0,0.026354,0.037963,0.893162,0.32051399,0.01030928,0.00053687,2.558e-05,cross_tissue_stable,age-associated methylation signal; mechanism not inferred
chr5,92680000,92684999,chr5:90000000-94999999,chr5:92680000-92684999,194,False,True,,97,0.295338,6.70828553919681e-26,hypermethylating_with_age,4,8,6,13,0.002461,0.03141,0.057259,0.594017,0.29461158,0.0,0.00304473,0.00029977,cross_tissue_stable,age-associated methylation signal; mechanism not inferred
chr17,85615000,85619999,chr17:85000000-89999999,chr17:85615000-85619999,195,True,True,98.0,598,0.33377,4.425119750467327e-33,hypermethylating_with_age,6,10,6,13,0.00082,0.077364,0.116902,0.923077,0.33349585,0.01020408,0.00055814,6.396e-05,cross_tissue_stable,age-associated methylation signal; mechanism not inferred
chr2,60960000,60964999,chr2:60000000-64999999,chr2:60960000-60964999,196,False,True,,98,0.270123,8.270050920043248e-22,hypermethylating_with_age,3,8,6,13,0.00082,0.024834,0.020745,0.538462,0.26990099,0.0,0.00275635,0.00014867,cross_tissue_stable,age-associated methylation signal; mechanism not inferred
chr5,123345000,123349999,chr5:120000000-124999999,chr5:123345000-123349999,197,False,True,,99,0.31826,4.7612210555482285e-30,hypermethylating_with_age,5,7,6,13,0.001641,0.060673,0.070986,0.623932,0.31773789,0.0,0.00321475,0.00032634,cross_tissue_stable,age-associated methylation signal; mechanism not inferred
chr5,129785000,129789999,chr5:125000000-129999999,chr5:129785000-129789999,198,True,True,99.0,599,0.185787,6.279707435093384e-11,hypermethylating_with_age,0,6,6,13,0.0,0.111349,0.094591,0.487179,0.18578662,0.01010101,0.00031016,7.172e-05,mixed_or_low_support,age-associated methylation signal; mechanism not inferred
chr11,96120000,96124999,chr11:95000000-99999999,chr11:96120000-96124999,199,True,True,100.0,600,0.252928,3.3402464830776224e-19,hypermethylating_with_age,5,8,6,13,0.002461,0.080431,0.140408,0.816239,0.2523059,0.01,0.00042155,9.733e-05,cross_tissue_stable,age-associated methylation signal; mechanism not inferred
chr12,111930000,111934999,chr12:110000000-114999999,chr12:111930000-111934999,200,False,True,,100,-0.156041,1.0332317301388252e-07,hypomethylating_with_age,2,5,6,13,0.055783,0.113499,0.312428,0.405983,0.14733651,0.0,0.00156041,0.00113015,tissue_specific,age-associated methylation signal; mechanism not inferred
chr3,122725000,122729999,chr3:120000000-124999999,chr3:122725000-122729999,201,True,True,101.0,601,0.357476,5.029660868175542e-38,hypermethylating_with_age,5,9,6,13,0.00082,0.030016,0.024295,0.84188,0.35718311,0.00990099,0.0005948,3.051e-05,cross_tissue_stable,age-associated methylation signal; mechanism not inferred
chr3,63295000,63299999,chr3:60000000-64999999,chr3:63295000-63299999,202,False,True,,101,0.31923,4.9459175353130096e-29,hypermethylating_with_age,2,6,6,13,0.043478,0.106492,0.166235,0.431624,0.30535084,0.0,0.0031607,0.0006093,mixed_or_low_support,age-associated methylation signal; mechanism not inferred
chr2,91650000,91654999,chr2:90000000-94999999,chr2:91650000-91654999,203,False,True,,102,0.223663,2.907903817742629e-15,hypermethylating_with_age,0,6,6,13,0.001641,0.100391,0.104645,0.320513,0.22329577,0.0,0.00219277,0.00038389,mixed_or_low_support,age-associated methylation signal; mechanism not inferred
chr6,126160000,126164999,chr6:125000000-129999999,chr6:126160000-126164999,204,True,True,102.0,602,0.277816,4.836083317331297e-23,hypermethylating_with_age,6,9,6,13,0.0,0.067876,0.093239,0.897436,0.27781595,0.00980392,0.00046149,5.523e-05,cross_tissue_stable,age-associated methylation signal; mechanism not inferred
chr13,101765000,101769999,chr13:100000000-104999999,chr13:101765000-101769999,205,True,True,103.0,603,0.279676,2.4244066626738162e-23,hypermethylating_with_age,2,8,6,13,0.0,0.020036,0.027455,0.649573,0.27967554,0.00970874,0.00046381,2.03e-05,mixed_or_low_support,age-associated methylation signal; mechanism not inferred
chr9,90160000,90164999,chr9:90000000-94999999,chr9:90160000-90164999,206,False,True,,103,-0.168727,3.076537282726519e-09,hypomethylating_with_age,0,5,6,13,0.0,0.079832,0.073071,0.294872,0.16872684,0.0,0.00163812,0.00028239,mixed_or_low_support,age-associated methylation signal; mechanism not inferred
chr2,37420000,37424999,chr2:35000000-39999999,chr2:37420000-37424999,207,False,True,,104,0.26268,1.2692601350514525e-20,hypermethylating_with_age,1,7,6,13,0.003281,0.019925,0.017382,0.401709,0.26181809,0.0,0.00252577,0.00011398,mixed_or_low_support,age-associated methylation signal; mechanism not inferred
chr5,22340000,22344999,chr5:20000000-24999999,chr5:22340000-22344999,208,True,True,104.0,604,0.331558,1.1484911899877518e-32,hypermethylating_with_age,5,9,6,13,0.0,0.118102,0.265121,0.84188,0.33155837,0.00961538,0.00054894,0.0001225,cross_tissue_stable,age-associated methylation signal; mechanism not inferred
chr10,67285000,67289999,chr10:65000000-69999999,chr10:67285000-67289999,209,True,True,105.0,605,-0.232511,4.386905350282489e-16,hypomethylating_with_age,0,5,6,13,0.02297,0.064003,0.061868,0.461538,0.2271705,0.00952381,0.00038432,4.496e-05,mixed_or_low_support,age-associated methylation signal; mechanism not inferred
chr14,15435000,15439999,chr14:15000000-19999999,chr14:15435000-15439999,210,False,True,,105,0.29486,7.063717166781364e-26,hypermethylating_with_age,5,10,6,13,0.0,0.123492,0.226485,0.700855,0.29486015,0.0,0.00280819,0.0005775,cross_tissue_stable,age-associated methylation signal; mechanism not inferred
chr13,109685000,109689999,chr13:105000000-109999999,chr13:109685000-109689999,211,False,True,,106,0.246208,3.2039642321630616e-18,hypermethylating_with_age,3,7,6,13,0.004102,0.044763,0.073521,0.512821,0.24519826,0.0,0.00232272,0.00028191,cross_tissue_stable,age-associated methylation signal; mechanism not inferred
chr7,114745000,114749999,chr7:110000000-114999999,chr7:114745000-114749999,212,True,True,106.0,606,0.311704,1.0188533107800462e-28,hypermethylating_with_age,5,11,6,13,0.005742,0.112159,0.282505,0.893162,0.30991431,0.00943396,0.00051436,0.00011619,cross_tissue_stable,age-associated methylation signal; mechanism not inferred
chr18,38210000,38214999,chr18:35000000-39999999,chr18:38210000-38214999,213,True,True,107.0,607,0.316968,8.322834412666006e-30,hypermethylating_with_age,3,8,6,13,0.001641,0.029171,0.032635,0.705128,0.31644808,0.00934579,0.00052219,3.09e-05,cross_tissue_stable,age-associated methylation signal; mechanism not inferred
chr1,119645000,119649999,chr1:115000000-119999999,chr1:119645000-119649999,214,False,True,,107,0.243991,5.752927061910733e-18,hypermethylating_with_age,1,9,6,13,0.00082,0.024225,0.021856,0.452991,0.24379038,0.0,0.00228029,0.00011278,mixed_or_low_support,age-associated methylation signal; mechanism not inferred
chr15,98165000,98169999,chr15:95000000-99999999,chr15:98165000-98169999,215,False,True,,108,0.195313,6.168167756063413e-12,hypermethylating_with_age,5,9,6,13,0.00082,0.073832,0.139363,0.675214,0.19515255,0.0,0.00180845,0.00032306,cross_tissue_stable,age-associated methylation signal; mechanism not inferred
chr18,43205000,43209999,chr18:40000000-44999999,chr18:43205000-43209999,216,True,True,108.0,608,0.338892,5.936011173449086e-34,hypermethylating_with_age,6,10,6,13,0.005742,0.058568,0.123811,0.923077,0.33694618,0.00925926,0.00055739,6.385e-05,cross_tissue_stable,age-associated methylation signal; mechanism not inferred
chr14,5000000,5004999,chr14:5000000-9999999,chr14:5000000-5004999,217,True,True,109.0,609,0.295504,1.904419715850077e-24,hypermethylating_with_age,6,7,6,13,0.063167,0.068298,0.112036,0.846154,0.27683823,0.00917431,0.00048523,0.00010709,cross_tissue_stable,age-associated methylation signal; mechanism not inferred
chr2,172725000,172729999,chr2:170000000-174999999,chr2:172725000-172729999,218,False,True,,109,0.290782,3.670727182786365e-25,hypermethylating_with_age,5,9,6,13,0.00082,0.06437,0.052249,0.675214,0.29054309,0.0,0.00266772,0.00024187,cross_tissue_stable,age-associated methylation signal; mechanism not inferred
chr18,77185000,77189999,chr18:75000000-79999999,chr18:77185000-77189999,219,False,True,,110,0.262115,1.435856414212618e-20,hypermethylating_with_age,4,8,6,13,0.001641,0.124228,0.162977,0.594017,0.26168477,0.0,0.00238286,0.00043319,cross_tissue_stable,age-associated methylation signal; mechanism not inferred
chr4,115935000,115939999,chr4:115000000-119999999,chr4:115935000-115939999,220,True,True,110.0,610,0.288132,1.0251261005495836e-24,hypermethylating_with_age,6,10,6,13,0.00082,0.034306,0.051064,0.923077,0.2878953,0.00909091,0.00047235,3.335e-05,cross_tissue_stable,age-associated methylation signal; mechanism not inferred
chr11,114565000,114569999,chr11:110000000-114999999,chr11:114565000-114569999,221,True,True,111.0,611,0.237712,4.5399267576272364e-17,hypermethylating_with_age,5,9,6,13,0.003281,0.096317,0.402826,0.84188,0.23693239,0.00900901,0.00038905,0.00016132,cross_tissue_stable,age-associated methylation signal; mechanism not inferred
chr14,32600000,32604999,chr14:30000000-34999999,chr14:32600000-32604999,222,False,True,,111,0.289925,5.596474711593551e-25,hypermethylating_with_age,5,10,6,13,0.002461,0.11523,0.155332,0.700855,0.28921162,0.0,0.00261194,0.0005767,cross_tissue_stable,age-associated methylation signal; mechanism not inferred
chr6,121470000,121474999,chr6:120000000-124999999,chr6:121470000-121474999,223,True,True,112.0,612,0.32474,8.056342102638454e-31,hypermethylating_with_age,6,12,6,13,0.017227,0.122756,0.264368,0.974359,0.31914609,0.00892857,0.00053062,0.0001138,cross_tissue_stable,age-associated methylation signal; mechanism not inferred
chr9,40800000,40804999,chr9:40000000-44999999,chr9:40800000-40804999,224,False,True,,112,0.252398,3.603222159933264e-19,hypermethylating_with_age,0,7,6,13,0.0,0.017868,0.016275,0.346154,0.25239829,0.0,0.00225356,9.099e-05,mixed_or_low_support,age-associated methylation signal; mechanism not inferred
chr19,43605000,43609999,chr19:40000000-44999999,chr19:43605000-43609999,225,True,True,113.0,613,0.243075,7.703213172753823e-18,hypermethylating_with_age,4,11,6,13,0.00082,0.067071,0.153512,0.837607,0.24287544,0.00884956,0.00039653,5.755e-05,cross_tissue_stable,age-associated methylation signal; mechanism not inferred
chr8,12380000,12384999,chr8:10000000-14999999,chr8:12380000-12384999,226,False,True,,113,0.250654,7.559522236116754e-19,hypermethylating_with_age,3,8,6,13,0.004102,0.054638,0.081749,0.538462,0.24962594,0.0,0.00221818,0.00029858,cross_tissue_stable,age-associated methylation signal; mechanism not inferred
chr8,61590000,61594999,chr8:60000000-64999999,chr8:61590000-61594999,227,False,True,,114,0.287783,1.5910357327759692e-24,hypermethylating_with_age,3,6,6,13,0.006563,0.059116,0.056,0.487179,0.28589476,0.0,0.00252442,0.00025524,cross_tissue_stable,age-associated methylation signal; mechanism not inferred
chr8,89570000,89574999,chr8:85000000-89999999,chr8:89570000-89574999,228,True,True,114.0,614,0.279573,2.7348614292088557e-23,hypermethylating_with_age,4,6,6,13,0.001641,0.119868,0.164978,0.709402,0.27911407,0.00877193,0.00045533,0.00012425,cross_tissue_stable,age-associated methylation signal; mechanism not inferred
chr3,152665000,152669999,chr3:150000000-154999999,chr3:152665000-152669999,229,False,True,,115,0.289079,8.114967603991868e-25,hypermethylating_with_age,4,10,6,13,0.003281,0.051888,0.093987,0.645299,0.2881302,0.0,0.00251373,0.00030543,cross_tissue_stable,age-associated methylation signal; mechanism not inferred
chr9,67040000,67044999,chr9:65000000-69999999,chr9:67040000-67044999,230,True,True,115.0,615,-0.255963,1.1313387068048417e-19,hypomethylating_with_age,3,9,6,13,0.00082,0.095303,0.085598,0.730769,0.25575348,0.00869565,0.0004162,7.239e-05,cross_tissue_stable,age-associated methylation signal; mechanism not inferred
chr11,103115000,103119999,chr11:100000000-104999999,chr11:103115000-103119999,231,True,True,116.0,616,0.273138,2.7907558401524974e-22,hypermethylating_with_age,1,8,6,13,0.00082,0.026028,0.025666,0.594017,0.27291426,0.00862069,0.00044341,2.137e-05,mixed_or_low_support,age-associated methylation signal; mechanism not inferred
chr3,108910000,108914999,chr3:105000000-109999999,chr3:108910000-108914999,232,False,True,,116,0.228581,6.491470531779609e-16,hypermethylating_with_age,0,7,6,13,0.0,0.017808,0.013424,0.346154,0.22858069,0.0,0.00197052,8.618e-05,mixed_or_low_support,age-associated methylation signal; mechanism not inferred
chr18,80465000,80469999,chr18:80000000-84999999,chr18:80465000-80469999,233,True,True,117.0,617,-0.192191,1.3193533542304737e-11,hypomethylating_with_age,1,5,6,13,0.0,0.101942,0.120079,0.517094,0.19219148,0.00854701,0.00031149,6.127e-05,mixed_or_low_support,age-associated methylation signal; mechanism not inferred
chr8,13785000,13789999,chr8:10000000-14999999,chr8:13785000-13789999,234,False,True,,117,-0.216992,1.8626380314266764e-14,hypomethylating_with_age,0,5,6,13,0.0,0.091681,0.085643,0.294872,0.2169921,0.0,0.00185463,0.00030645,mixed_or_low_support,age-associated methylation signal; mechanism not inferred
chr18,11050000,11054999,chr18:10000000-14999999,chr18:11050000-11054999,235,True,True,118.0,618,0.305403,9.907037878725212e-28,hypermethylating_with_age,6,10,6,13,0.0,0.037495,0.061314,0.923077,0.30540331,0.00847458,0.00049418,5.298e-05,cross_tissue_stable,age-associated methylation signal; mechanism not inferred
chr9,29960000,29964999,chr9:25000000-29999999,chr9:29960000-29964999,236,False,True,,118,0.295246,6.64513830723339e-26,hypermethylating_with_age,6,10,6,13,0.001641,0.112096,0.250735,0.75641,0.29476173,0.0,0.00250209,0.000519,cross_tissue_stable,age-associated methylation signal; mechanism not inferred
chr11,120660000,120664999,chr11:120000000-124999999,chr11:120660000-120664999,237,True,True,119.0,619,0.30071,7.09785548805367e-27,hypermethylating_with_age,4,10,6,13,0.00082,0.022068,0.036766,0.811966,0.30046317,0.00840336,0.0004858,2.465e-05,cross_tissue_stable,age-associated methylation signal; mechanism not inferred
chr2,91975000,91979999,chr2:90000000-94999999,chr2:91975000-91979999,238,False,True,,119,0.210771,1.1206939003659481e-13,hypermethylating_with_age,6,10,6,13,0.002461,0.033434,0.034924,0.75641,0.21025192,0.0,0.00177118,0.00019675,cross_tissue_stable,age-associated methylation signal; mechanism not inferred
chr14,67235000,67239999,chr14:65000000-69999999,chr14:67235000-67239999,239,False,True,,120,0.199464,2.1435335011958942e-12,hypermethylating_with_age,4,9,6,13,0.00082,0.092848,0.197373,0.619658,0.19930009,0.0,0.0016622,0.0004201,cross_tissue_stable,age-associated methylation signal; mechanism not inferred
chr4,41725000,41729999,chr4:40000000-44999999,chr4:41725000-41729999,240,True,True,120.0,620,0.188916,3.062037768104742e-11,hypermethylating_with_age,5,9,6,13,0.001641,0.07739,0.196852,0.84188,0.18860563,0.00833333,0.0003047,0.00011642,cross_tissue_stable,age-associated methylation signal; mechanism not inferred
chr10,52025000,52029999,chr10:50000000-54999999,chr10:52025000-52029999,241,False,True,,121,0.310068,3.370019302455108e-28,hypermethylating_with_age,4,9,6,13,0.013946,0.072229,0.11773,0.619658,0.30574336,0.0,0.00256254,0.00041624,cross_tissue_stable,age-associated methylation signal; mechanism not inferred
chr11,105290000,105294999,chr11:105000000-109999999,chr11:105290000-105294999,242,True,True,121.0,621,0.335028,2.333682085922087e-33,hypermethylating_with_age,4,10,6,13,0.0,0.112666,0.097373,0.811966,0.33502823,0.00826446,0.0005395,8.339e-05,cross_tissue_stable,age-associated methylation signal; mechanism not inferred
chr15,42675000,42679999,chr15:40000000-44999999,chr15:42675000-42679999,243,False,True,,122,0.273655,2.224527921026241e-22,hypermethylating_with_age,3,10,6,13,0.0,0.057192,0.11722,0.589744,0.27365486,0.0,0.00224307,0.00022937,cross_tissue_stable,age-associated methylation signal; mechanism not inferred
chr6,30955000,30959999,chr6:30000000-34999999,chr6:30955000-30959999,244,True,True,122.0,622,0.283155,7.144969189213262e-24,hypermethylating_with_age,6,12,6,13,0.001641,0.036912,0.087246,0.974359,0.28269011,0.00819672,0.00045523,5.71e-05,cross_tissue_stable,age-associated methylation signal; mechanism not inferred
chr19,6395000,6399999,chr19:5000000-9999999,chr19:6395000-6399999,245,True,True,123.0,623,-0.212447,6.761122621355734e-14,hypomethylating_with_age,1,7,6,13,0.00082,0.124828,0.135146,0.568376,0.21227226,0.00813008,0.00034101,0.0001024,mixed_or_low_support,age-associated methylation signal; mechanism not inferred
chr6,55450000,55454999,chr6:55000000-59999999,chr6:55450000-55454999,246,False,True,,123,0.255704,1.4155415969010418e-19,hypermethylating_with_age,4,10,6,13,0.004102,0.119408,0.22899,0.645299,0.25465547,0.0,0.0020789,0.0004271,cross_tissue_stable,age-associated methylation signal; mechanism not inferred
chr15,64380000,64384999,chr15:60000000-64999999,chr15:64380000-64384999,247,False,True,,124,0.281303,1.6930087550613913e-23,hypermethylating_with_age,2,10,6,13,0.004922,0.018986,0.019366,0.534188,0.27991881,0.0,0.00226858,0.00011488,mixed_or_low_support,age-associated methylation signal; mechanism not inferred
chr16,28925000,28929999,chr16:25000000-29999999,chr16:28925000-28929999,248,True,True,124.0,624,0.362989,3.088756525908512e-39,hypermethylating_with_age,5,9,6,13,0.00082,0.035637,0.034361,0.84188,0.36269155,0.00806452,0.00058171,5.187e-05,cross_tissue_stable,age-associated methylation signal; mechanism not inferred
chr10,26075000,26079999,chr10:25000000-29999999,chr10:26075000-26079999,249,True,True,125.0,625,0.329666,2.7158153015669327e-32,hypermethylating_with_age,6,10,6,13,0.0,0.124526,0.284413,0.923077,0.32966565,0.008,0.00052747,0.00010539,cross_tissue_stable,age-associated methylation signal; mechanism not inferred
chr11,113615000,113619999,chr11:110000000-114999999,chr11:113615000-113619999,250,False,True,,125,-0.193423,9.90480287698884e-12,hypomethylating_with_age,1,5,6,13,0.00082,0.053675,0.039026,0.350427,0.19326396,0.0,0.00154738,0.00021817,mixed_or_low_support,age-associated methylation signal; mechanism not inferred
