feature_id,feature_index
chr2:163200000-163204999,34775
chr9:44765000-44769999,64143
chr13:48660000-48664999,12576
chr13:83725000-83729999,13640
chr1:57775000-57779999,32002
chr1:5015000-5019999,31874
chr5:135085000-135089999,48179
chr1:84695000-84699999,32606
chr9:67630000-67634999,65097
chr4:32655000-32659999,44730
chr17:83630000-83634999,24291
chr12:11145000-11149999,8956
chr8:106870000-106874999,58646
chr11:98435000-98439999,8251
chr11:96195000-96199999,8025
chr9:117250000-117254999,62913
chr13:92840000-92844999,13748
chr2:73270000-73274999,37589
chr2:22620000-22624999,36000
chr15:39655000-39659999,17294
chr8:48555000-48559999,60994
chr9:44405000-44409999,64113
chr3:87515000-87519999,40829
chr5:53585000-53589999,50090
chr9:55540000-55544999,64527
chr11:62550000-62554999,6475
chr10:29535000-29539999,1216
chr13:30335000-30339999,11976
chr1:79440000-79444999,32532
chr2:71525000-71529999,37507
chr11:106785000-106789999,4071
chr13:71455000-71459999,13429
chr14:64585000-64589999,15835
chr5:33430000-33434999,49602
chr1:194615000-194619999,31230
chr13:48225000-48229999,12553
chr19:30545000-30549999,27333
chr7:139940000-139944999,55629
chr10:42275000-42279999,1464
chr7:43485000-43489999,56954
chr12:102740000-102744999,8463
chr2:148045000-148049999,34156
chr17:56830000-56834999,23560
chr14:99045000-99049999,16463
chr12:102555000-102559999,8444
chr13:22020000-22024999,11812
chr8:88520000-88524999,61919
chr7:82335000-82339999,58135
chr2:19450000-19454999,35951
chr11:9045000-9049999,7808
chr14:12345000-12349999,14455
chr1:4570000-4574999,31826
chr6:82400000-82404999,53686
chr11:65265000-65269999,6570
chr5:67220000-67224999,50348
chr9:83545000-83549999,65494
chr15:11905000-11909999,16800
chr9:89620000-89624999,65597
chr18:53460000-53464999,25628
chr16:72025000-72029999,20916
chr16:94995000-94999999,21545
chr10:90825000-90829999,3347
chr4:117120000-117124999,41870
chr2:178410000-178414999,35719
chr2:116075000-116079999,33385
chr7:70350000-70354999,57773
chr5:36485000-36489999,49767
chr12:86420000-86424999,10863
chr9:108505000-108509999,62601
chr11:8620000-8624999,7635
chr7:24610000-24614999,56214
chr10:70520000-70524999,2336
chr13:55095000-55099999,12914
chr15:76875000-76879999,18089
chr5:112395000-112399999,46679
chr11:101170000-101174999,3697
chr4:80910000-80914999,45842
chr17:90455000-90459999,24622
chr5:96370000-96374999,50914
chr12:105335000-105339999,8572
chr3:82900000-82904999,40701
chr2:19440000-19444999,35949
chr9:58485000-58489999,64684
chr15:37230000-37234999,17222
chr3:93010000-93014999,41112
chr6:25690000-25694999,52447
chr13:117600000-117604999,11605
chr15:76520000-76524999,18051
chr17:79710000-79714999,24166
chr16:28930000-28934999,19984
chr3:90080000-90084999,41031
chr2:137115000-137119999,33951
chr3:17790000-17794999,39617
chr4:109980000-109984999,41728
chr14:100285000-100289999,14032
chr12:118855000-118859999,9181
chr19:25235000-25239999,27168
chr17:85615000-85619999,24406
chr5:129785000-129789999,47981
chr11:96120000-96124999,8016
chr3:122725000-122729999,38785
chr6:126160000-126164999,51770
chr13:101765000-101769999,11223
chr5:22340000-22344999,49273
chr10:67285000-67289999,2167
chr7:114745000-114749999,54684
chr18:38210000-38214999,25311
chr18:43205000-43209999,25431
chr14:5000000-5004999,15329
chr4:115935000-115939999,41821
chr11:114565000-114569999,4401
chr6:121470000-121474999,51569
chr19:43605000-43609999,27785
chr8:89570000-89574999,61953
chr9:67040000-67044999,65076
chr11:103115000-103119999,3860
chr18:80465000-80469999,26585
chr18:11050000-11054999,24700
chr11:120660000-120664999,5035
chr4:41725000-41729999,44943
chr11:105290000-105294999,3983
chr6:30955000-30959999,52600
chr19:6395000-6399999,28712
chr16:28925000-28929999,19983
chr10:26075000-26079999,1180
chr5:125390000-125394999,47789
chr6:37300000-37304999,52773
chr5:117840000-117844999,47178
chr7:137320000-137324999,55542
chr14:45530000-45534999,15215
chr11:89295000-89299999,7777
chr13:118715000-118719999,11620
chr6:83065000-83069999,53711
chr18:15150000-15154999,24795
chr5:112575000-112579999,46696
chr11:84640000-84644999,7553
chr7:141220000-141224999,55710
chr14:5960000-5964999,15644
chr11:111065000-111069999,4233
chr18:61210000-61214999,25850
chr7:63210000-63214999,57517
chr9:30920000-30924999,63683
chr5:19225000-19229999,49212
chr9:102350000-102354999,62289
chr4:119320000-119324999,42032
chr19:4395000-4399999,27810
chr2:158615000-158619999,34648
chr5:66675000-66679999,50324
chr11:33680000-33684999,5432
chr2:105680000-105684999,33236
chr4:12905000-12909999,42537
chr9:31910000-31914999,63724
chr4:108380000-108384999,41691
chr3:102200000-102204999,38282
chr7:79050000-79054999,57927
chr1:190165000-190169999,31074
chr2:65235000-65239999,37359
chr3:107330000-107334999,38443
chr13:56250000-56254999,13017
chr1:51915000-51919999,31901
chr4:109970000-109974999,41726
chr3:13470000-13474999,39070
chr14:54575000-54579999,15433
chr13:105440000-105444999,11318
chr4:44390000-44394999,45040
chr2:18695000-18699999,35931
chr2:134785000-134789999,33905
chr8:54075000-54079999,61048
chr14:63940000-63944999,15812
chr3:56180000-56184999,40329
chr11:12460000-12464999,5097
chr2:63700000-63704999,37330
chr1:78215000-78219999,32507
chr7:49635000-49639999,57353
chr4:62515000-62519999,45593
chr4:135395000-135399999,43056
chr6:114040000-114044999,51269
chr12:117155000-117159999,9142
chr1:136945000-136949999,29745
chr5:118170000-118174999,47203
chr5:150950000-150954999,49162
chr19:44755000-44759999,27866
chr2:19430000-19434999,35948
chr3:90465000-90469999,41057
chr17:52600000-52604999,23412
chr13:36575000-36579999,12121
chr14:70625000-70629999,16074
chr12:73040000-73044999,10272
chr3:141465000-141469999,39196
chr19:44690000-44694999,27856
chr6:30170000-30174999,52557
chr12:91400000-91404999,10999
chr3:57575000-57579999,40348
chr3:55240000-55244999,40309
chr7:68745000-68749999,57747
chr8:47285000-47289999,60918
chr13:83710000-83714999,13638
chr10:50890000-50894999,1654
chr15:76510000-76514999,18049
chr3:66975000-66979999,40486
chr12:81860000-81864999,10597
chr13:21165000-21169999,11780
chr6:128800000-128804999,51899
chr7:45715000-45719999,57161
chr10:37140000-37144999,1303
chr7:49975000-49979999,57372
chr19:44680000-44684999,27854
chr15:103005000-103009999,16731
chr1:111860000-111864999,28993
chr12:75175000-75179999,10333
chr7:98360000-98364999,58341
chr11:96270000-96274999,8034
chr2:119325000-119329999,33488
chr2:172935000-172939999,35565
chr7:49905000-49909999,57365
chr1:174500000-174504999,30547
chr6:22875000-22879999,52406
chr15:74515000-74519999,17905
chr11:72265000-72269999,6961
chr9:49795000-49799999,64369
chr9:63145000-63149999,64898
chr12:84875000-84879999,10763
chr9:24770000-24774999,63581
chr13:99515000-99519999,14015
chr7:49915000-49919999,57367
chr11:120085000-120089999,4965
chr18:65935000-65939999,26053
chr17:85685000-85689999,24413
chr6:18030000-18034999,52348
chr11:62600000-62604999,6479
chr19:46325000-46329999,27994
chr1:120340000-120344999,29155
chr5:28175000-28179999,49412
chr11:115625000-115629999,4504
chr2:74665000-74669999,37639
chr14:3205000-3209999,14971
chr6:115360000-115364999,51320
chr12:84695000-84699999,10746
chr4:99570000-99574999,46170
chr7:127475000-127479999,55112
chr8:64690000-64694999,61176
chr3:73055000-73059999,40583
chr2:132380000-132384999,33866
chr1:19235000-19239999,31184
chr11:89300000-89304999,7778
chr5:141240000-141244999,48603
chr3:90245000-90249999,41043
chr10:44525000-44529999,1565
chr2:168765000-168769999,35289
chr8:69885000-69889999,61263
chr15:73065000-73069999,17816
chr6:3760000-3764999,52782
chr13:94055000-94059999,13778
chr6:42320000-42324999,52902
chr3:34645000-34649999,39917
chr12:80690000-80694999,10543
chr1:157445000-157449999,30122
chr11:97570000-97574999,8161
chr4:135570000-135574999,43074
chr19:47050000-47054999,28046
chr5:5745000-5749999,50144
chr6:137165000-137169999,52044
chr11:95005000-95009999,7918
chr3:18055000-18059999,39621
chr13:75940000-75944999,13543
chr1:150095000-150099999,29881
chr1:56970000-56974999,31990
chr5:142820000-142824999,48691
chr19:48205000-48209999,28147
chr4:123180000-123184999,42163
chr16:10785000-10789999,19507
chr7:105425000-105429999,54437
chr8:12395000-12399999,59842
chr15:32920000-32924999,17137
chr8:80880000-80884999,61629
chr19:55740000-55744999,28389
chr5:28115000-28119999,49407
chr3:7500000-7504999,40599
chr5:30585000-30589999,49475
chr17:40880000-40884999,22907
chr15:75565000-75569999,17946
chr4:114405000-114409999,41770
chr2:35280000-35284999,36815
chr19:53675000-53679999,28294
chr18:51115000-51119999,25581
chr1:91295000-91299999,32875
chr13:23305000-23309999,11833
chr15:7810000-7814999,18156
chr9:46440000-46444999,64252
chr17:37045000-37049999,22870
chr9:79715000-79719999,65425
chr2:118700000-118704999,33445
chr13:116310000-116314999,11585
chr7:127585000-127589999,55119
chr12:116485000-116489999,9133
chr2:151005000-151009999,34215
chr16:94085000-94089999,21491
chr7:113765000-113769999,54663
chr13:105050000-105054999,11313
chr19:44750000-44754999,27865
chr11:83850000-83854999,7521
chr12:33955000-33959999,9606
chr8:12500000-12504999,59903
chr3:89280000-89284999,40963
chr17:84510000-84514999,24345
chr11:96200000-96204999,8026
chr13:116305000-116309999,11584
chr4:82500000-82504999,45865
chr2:29250000-29254999,36351
chr10:32890000-32894999,1250
chr5:75075000-75079999,50513
chr2:105665000-105669999,33233
chr18:42395000-42399999,25415
chr5:139550000-139554999,48480
chr19:16870000-16874999,27015
chr13:107645000-107649999,11352
chr13:51590000-51594999,12688
chr5:118025000-118029999,47195
chr9:6165000-6169999,64823
chr13:3355000-3359999,12045
chr4:33920000-33924999,44781
chr10:103365000-103369999,27
chr17:56240000-56244999,23497
chr2:170495000-170499999,35423
chr11:57825000-57829999,6208
chr4:44700000-44704999,45064
chr8:127065000-127069999,60014
chr5:112655000-112659999,46701
chr4:142080000-142084999,43650
chr1:90200000-90204999,32828
chr1:138845000-138849999,29770
chr8:78425000-78429999,61547
chr14:122450000-122454999,14431
chr3:109780000-109784999,38569
chr18:10325000-10329999,24687
chr3:107455000-107459999,38447
chr1:12690000-12694999,29242
chr17:62880000-62884999,23682
chr4:62205000-62209999,45581
chr14:27620000-27624999,14836
chr17:75005000-75009999,24079
chr2:22225000-22229999,35996
chr8:68880000-68884999,61240
chr4:21685000-21689999,44588
chr19:30170000-30174999,27327
chr1:64530000-64534999,32164
chr2:71540000-71544999,37510
chr9:68650000-68654999,65119
chr8:78430000-78434999,61548
chr9:23220000-23224999,63559
chr16:16210000-16214999,19642
chr2:105675000-105679999,33235
chr1:20475000-20479999,31253
chr14:55680000-55684999,15507
chr6:97615000-97619999,54229
chr15:8710000-8714999,18836
chr18:80985000-80989999,26618
chr18:25750000-25754999,24973
chr16:85900000-85904999,21105
chr10:8885000-8889999,3318
chr2:147085000-147089999,34132
chr6:99520000-99524999,54276
chr11:84525000-84529999,7546
chr2:80445000-80449999,37810
chr18:66860000-66864999,26087
chr15:102690000-102694999,16705
chr2:70475000-70479999,37464
chr3:146495000-146499999,39355
chr18:4635000-4639999,25492
chr18:34005000-34009999,25087
chr17:5185000-5189999,23405
chr4:101715000-101719999,41452
chr3:96495000-96499999,41271
chr15:32775000-32779999,17135
chr2:5710000-5714999,37160
chr14:4645000-4649999,15236
chr6:101375000-101379999,51072
chr7:65155000-65159999,57579
chr9:91375000-91379999,65643
chr16:91220000-91224999,21304
chr18:25755000-25759999,24974
chr16:35490000-35494999,20312
chr12:12940000-12944999,9224
chr5:139775000-139779999,48504
chr9:8000000-8004999,65438
chr18:76855000-76859999,26440
chr9:28400000-28404999,63640
chr1:74950000-74954999,32412
chr2:79455000-79459999,37795
chr6:137250000-137254999,52046
chr18:67130000-67134999,26097
chr15:30170000-30174999,17084
chr5:35395000-35399999,49688
chr9:40875000-40879999,63939
chr7:82865000-82869999,58149
chr8:87470000-87474999,61862
chr3:148985000-148989999,39406
chr12:111485000-111489999,8961
chr13:56255000-56259999,13018
chr10:110455000-110459999,107
chr19:45235000-45239999,27917
chr14:68080000-68084999,15978
chr7:65370000-65374999,57587
chr13:40735000-40739999,12231
chr1:165280000-165284999,30261
chr11:117965000-117969999,4754
chr8:94600000-94604999,62093
chr15:25620000-25624999,16958
chr10:127675000-127679999,765
chr4:100775000-100779999,41423
chr4:110350000-110354999,41738
chr10:116015000-116019999,242
chr12:50645000-50649999,9811
chr18:53415000-53419999,25626
chr10:43170000-43174999,1508
chr4:22475000-22479999,44603
chr11:112780000-112784999,4255
chr14:93890000-93894999,16438
chr8:102785000-102789999,58442
chr6:6860000-6864999,53466
chr5:48595000-48599999,49987
chr10:42575000-42579999,1474
chr7:44335000-44339999,56995
chr11:65160000-65164999,6567
chr8:85080000-85084999,61791
chr2:18585000-18589999,35924
chr5:63810000-63814999,50190
chr6:117165000-117169999,51379
chr7:118445000-118449999,54760
chr14:29720000-29724999,14857
chr13:41075000-41079999,12253
chr11:104130000-104134999,3934
chr5:119800000-119804999,47295
chr8:70370000-70374999,61293
chr15:98000000-98004999,19307
chr1:46425000-46429999,31835
chr5:134455000-134459999,48121
chr1:167685000-167689999,30368
chr5:50055000-50059999,49999
chr11:66525000-66529999,6606
chr3:95280000-95284999,41196
chr2:50065000-50069999,37068
chr6:48850000-48854999,52998
chr4:125490000-125494999,42307
chr9:56635000-56639999,64565
chr17:85485000-85489999,24396
chr15:76475000-76479999,18047
chr17:24470000-24474999,21958
chr19:38480000-38484999,27544
chr8:106510000-106514999,58627
chr13:18945000-18949999,11749
chr19:4000000-4004999,27581
chr11:69415000-69419999,6764
chr2:158610000-158614999,34647
chr11:61575000-61579999,6427
chr18:84715000-84719999,26795
chr8:60630000-60634999,61124
chr13:38345000-38349999,12165
chr9:99865000-99869999,65865
chr4:72195000-72199999,45758
chr11:98600000-98604999,8264
chr7:130265000-130269999,55258
chr1:184030000-184034999,30863
chr6:85185000-85189999,53812
chr7:63440000-63444999,57522
chr14:24000000-24004999,14692
chr17:45685000-45689999,23041
chr6:91840000-91844999,54104
chr10:4430000-4434999,1554
chr3:96400000-96404999,41264
chr2:135655000-135659999,33919
chr17:69075000-69079999,23901
chr2:147195000-147199999,34137
chr18:76860000-76864999,26441
chr4:20775000-20779999,44569
chr2:109670000-109674999,33285
chr2:25260000-25264999,36079
chr4:66400000-66404999,45705
chr7:78575000-78579999,57910
chr1:163310000-163314999,30204
chr18:76845000-76849999,26439
chr8:87465000-87469999,61861
chr18:47365000-47369999,25521
chr6:65670000-65674999,53405
chr7:44590000-44594999,57021
chr9:98030000-98034999,65782
chr10:59970000-59974999,1833
chr6:136170000-136174999,52013
chr13:103330000-103334999,11270
chr7:30585000-30589999,56628
chr13:53470000-53474999,12808
chr4:84670000-84674999,45919
chr2:138255000-138259999,33962
chr11:16260000-16264999,5126
chr3:127160000-127164999,38842
chr2:91455000-91459999,37988
chr12:56695000-56699999,9971
chr18:15065000-15069999,24790
chr18:42400000-42404999,25416
chr4:98815000-98819999,46141
chr6:138420000-138424999,52068
chr13:89535000-89539999,13696
chr6:21850000-21854999,52391
chr5:37900000-37904999,49831
chr4:46340000-46344999,45169
chr8:64205000-64209999,61171
chr5:50030000-50034999,49998
chr2:105125000-105129999,33215
chr18:13970000-13974999,24761
chr10:120475000-120479999,473
chr2:67565000-67569999,37390
chr10:30840000-30844999,1229
chr9:103760000-103764999,62368
chr18:86710000-86714999,26821
chr11:96170000-96174999,8022
chr9:20640000-20644999,63384
chr7:109010000-109014999,54503
chr3:66980000-66984999,40487
chr16:6835000-6839999,20890
chr14:34895000-34899999,15108
chr12:57540000-57544999,9993
chr2:71545000-71549999,37511
chr7:36695000-36699999,56816
chr10:107270000-107274999,60
chr14:4015000-4019999,15150
chr7:51620000-51624999,57397
chr7:70280000-70284999,57767
chr1:185455000-185459999,30919
chr11:50235000-50239999,5830
chr8:70645000-70649999,61323
chr8:13100000-13104999,60079
chr12:73045000-73049999,10273
chr11:82385000-82389999,7444
chr14:11550000-11554999,14202
chr13:40725000-40729999,12229
chr2:69585000-69589999,37430
chr8:48840000-48844999,61010
chr9:40870000-40874999,63938
chr1:22805000-22809999,31288
chr17:85610000-85614999,24405
chr16:44040000-44044999,20492
chr10:23350000-23354999,1120
chr14:34200000-34204999,15070
chr18:23040000-23044999,24895
chr2:124090000-124094999,33613
chr4:9840000-9844999,46124
chr2:113755000-113759999,33339
chr2:180890000-180894999,35867
chr3:145650000-145654999,39304
chr15:98895000-98899999,19372
chr5:147185000-147189999,48943
chr9:86880000-86884999,65543
chr4:28810000-28814999,44679
chr2:9880000-9884999,38170
chr3:93445000-93449999,41124
chr8:9770000-9774999,62219
chr18:25500000-25504999,24958
chr4:13740000-13744999,43237
chr8:12915000-12919999,60059
chr17:85605000-85609999,24404
chr8:121120000-121124999,59558
chr4:28815000-28819999,44680
chr13:69735000-69739999,13392
chr3:83125000-83129999,40708
chr1:63610000-63614999,32145
chr5:84415000-84419999,50691
chr11:98325000-98329999,8235
chr12:54190000-54194999,9901
chr3:102010000-102014999,38269
chr17:26850000-26854999,22149
chr1:19100000-19104999,31120
chr19:42515000-42519999,27740
chr6:56650000-56654999,53263
chr8:121125000-121129999,59559
chr3:31310000-31314999,39840
chr19:40485000-40489999,27601
chr9:29410000-29414999,63653
chr18:52765000-52769999,25604
chr7:6770000-6774999,57697
chr5:14025000-14029999,48528
chr10:123260000-123264999,621
chr19:43385000-43389999,27769
chr18:20055000-20059999,24851
chr3:108720000-108724999,38536
chr5:108550000-108554999,46505
chr3:89085000-89089999,40940
chr13:21995000-21999999,11808
chr5:101655000-101659999,46260
chr12:56530000-56534999,9964
chr16:67620000-67624999,20887
chr17:8430000-8434999,24337
chr3:156560000-156564999,39569
chr2:146830000-146834999,34124
chr7:142660000-142664999,55792
chr12:56680000-56684999,9969
chr4:22490000-22494999,44605
chr4:78210000-78214999,45822
chr12:55600000-55604999,9948
chr2:164965000-164969999,34910
chr3:118430000-118434999,38676
chr2:31640000-31644999,36557
chr6:24955000-24959999,52440
chr16:15080000-15084999,19617
chr17:49615000-49619999,23339
chr19:6045000-6049999,28654
chr1:75260000-75264999,32430
chr3:102465000-102469999,38292
chr11:102080000-102084999,3767
chr11:50915000-50919999,5872
chr13:48260000-48264999,12556
chr1:77515000-77519999,32489
chr15:102980000-102984999,16727
chr1:158355000-158359999,30137
chr7:132550000-132554999,55364
chr5:69340000-69344999,50378
chr18:64340000-64344999,25980
chr13:60600000-60604999,13227
chr4:76445000-76449999,45809
chr8:113845000-113849999,59021
chr7:19155000-19159999,56077
chr7:123980000-123984999,54940
chr7:139580000-139584999,55611
chr3:103575000-103579999,38330
chr2:160365000-160369999,34695
chr5:63645000-63649999,50187
chr5:29475000-29479999,49437
chr1:66465000-66469999,32205
chr2:10370000-10374999,33167
chr12:56610000-56614999,9967
chr8:14095000-14099999,60148
chr5:5690000-5694999,50138
chr15:102920000-102924999,16715
chr5:37715000-37719999,49820
chr8:92360000-92364999,62022
chr9:121715000-121719999,63172
chr15:56690000-56694999,17496
chr3:96705000-96709999,41290
chr5:140605000-140609999,48558
chr18:44660000-44664999,25461
chr2:139675000-139679999,33977
chr2:143545000-143549999,34029
chr18:64660000-64664999,25991
chr12:56535000-56539999,9965
chr15:40655000-40659999,17315
chr13:21220000-21224999,11785
chr9:91360000-91364999,65641
chr3:84475000-84479999,40757
chr3:101375000-101379999,38235
chr10:3365000-3369999,1257
chr1:187995000-187999999,30984
chr14:63245000-63249999,15783
chr11:84520000-84524999,7545
chr16:74410000-74414999,20946
chr15:89065000-89069999,18921
chr6:39870000-39874999,52866
chr10:28075000-28079999,1202
chr14:4180000-4184999,15166
chr11:37235000-37239999,5551
chr6:83070000-83074999,53712
chr3:45375000-45379999,40088
chr1:74855000-74859999,32405
chr5:106455000-106459999,46430
chr14:79770000-79774999,16325
chr11:3625000-3629999,5535
chr3:90250000-90254999,41044
chr13:110280000-110284999,11408
chr2:131560000-131564999,33837
chr19:44670000-44674999,27852
chr19:50675000-50679999,28203
chr4:11385000-11389999,41769
chr17:26840000-26844999,22147
chr2:146835000-146839999,34125
chr5:147955000-147959999,48996
chr13:21935000-21939999,11805
chr14:98165000-98169999,16452
chr19:10100000-10104999,26885
chr1:42695000-42699999,31771
chr17:85800000-85804999,24419
chr15:102925000-102929999,16716
chr13:94705000-94709999,13806
chr2:168840000-168844999,35296
chr13:40700000-40704999,12225
chr4:81440000-81444999,45848
chr1:45925000-45929999,31828
chr6:21210000-21214999,52382
chr15:26895000-26899999,17003
chr16:65810000-65814999,20868
chr9:99875000-99879999,65867
chr11:19925000-19929999,5190
chr3:7365000-7369999,40585
chr11:53475000-53479999,6031
chr9:91380000-91384999,65644
chr18:23035000-23039999,24894
chr4:135945000-135949999,43107
chr9:99870000-99874999,65866
chr5:106450000-106454999,46429
chr10:120550000-120554999,477
chr5:47985000-47989999,49983
chr16:91225000-91229999,21305
chr10:31445000-31449999,1238
chr10:29140000-29144999,1207
chr17:85620000-85624999,24407
chr2:147365000-147369999,34142
chr16:65815000-65819999,20869
chr1:78195000-78199999,32505
chr10:49780000-49784999,1639
chr9:81860000-81864999,65462
chr8:78435000-78439999,61549
chr5:147190000-147194999,48944
chr18:82900000-82904999,26710
chr1:19210000-19214999,31178
chr17:67695000-67699999,23847
chr13:96130000-96134999,13865
chr6:63255000-63259999,53374
chr18:16805000-16809999,24818
chr6:92480000-92484999,54126
chr13:60175000-60179999,13207
chr7:6695000-6699999,57664
chr7:79505000-79509999,57959
chr10:50895000-50899999,1655
chr12:49400000-49404999,9795
chr19:25505000-25509999,27189
chr1:96870000-96874999,33046
chr7:40895000-40899999,56889
chr1:72535000-72539999,32298
chr5:120430000-120434999,47346
chr13:54465000-54469999,12860
chr17:6255000-6259999,23673
chr6:8955000-8959999,54015
chr8:36610000-36614999,60684
chr2:147360000-147364999,34141
chr3:132085000-132089999,39015
chr15:75745000-75749999,17963
chr7:70370000-70374999,57777
chr18:63385000-63389999,25952
chr7:144860000-144864999,55892
chr18:86395000-86399999,26818
chr2:9895000-9899999,38173
chr17:68840000-68844999,23893
chr13:21780000-21784999,11800
chr2:28205000-28209999,36284
chr9:69755000-69759999,65160
chr7:57590000-57594999,57449
chr5:119670000-119674999,47285
chr13:68995000-68999999,13373
chr14:48670000-48674999,15308
chr4:76450000-76454999,45810
chr12:58210000-58214999,10005
chr17:33995000-33999999,22674
chr18:60910000-60914999,25820
chr7:134225000-134229999,55434
chr1:13125000-13129999,29359
chr4:35155000-35159999,44811
chr9:22050000-22054999,63519
chr5:108545000-108549999,46504
chr18:21650000-21654999,24885
chr1:82290000-82294999,32569
chr19:25605000-25609999,27193
chr10:120470000-120474999,472
chr10:36505000-36509999,1297
chr4:54945000-54949999,45399
chr2:133550000-133554999,33893
chr6:23250000-23254999,52413
chr12:5370000-5374999,9882
chr13:40720000-40724999,12228
chr4:85205000-85209999,45930
chr2:74760000-74764999,37656
chr1:176275000-176279999,30572
chr12:5375000-5379999,9883
chr15:102940000-102944999,16719
chr7:138395000-138399999,55567
chr9:58820000-58824999,64702
chr12:118840000-118844999,9178
chr6:127765000-127769999,51837
chr10:52020000-52024999,1674
chr11:120990000-120994999,5064
chr1:194620000-194624999,31231
chr15:102960000-102964999,16723
chr4:91375000-91379999,46041
chr4:22485000-22489999,44604
chr16:35540000-35544999,20314
chr13:40740000-40744999,12232
chr15:85580000-85584999,18738
chr9:37140000-37144999,63858
chr5:120435000-120439999,47347
chr2:61805000-61809999,37295
chr12:45070000-45074999,9742
chr2:70560000-70564999,37469
chr8:12390000-12394999,59839
chr15:13170000-13174999,16863
chr5:139540000-139544999,48478
chr2:71530000-71534999,37508
chr12:109050000-109054999,8816
chr17:26835000-26839999,22146
chr12:49390000-49394999,9794
chr2:74685000-74689999,37643
chr18:22340000-22344999,24889
chr9:86875000-86879999,65542
chr8:92355000-92359999,62021
chr12:46815000-46819999,9760
chr11:61680000-61684999,6433
chr17:93200000-93204999,24653
chr11:95120000-95124999,7932
chr2:179440000-179444999,35761
chr6:113195000-113199999,51210
chr2:109690000-109694999,33287
chr10:52690000-52694999,1691
chr13:81630000-81634999,13613
chr6:49210000-49214999,53010
chr1:42690000-42694999,31770
chr19:44730000-44734999,27861
chr3:117360000-117364999,38664
chr14:111675000-111679999,14182
chr4:139820000-139824999,43439
chr5:67095000-67099999,50339
chr14:12820000-12824999,14474
chr12:72935000-72939999,10263
chr2:31635000-31639999,36556
chr5:139545000-139549999,48479
chr8:44935000-44939999,60796
chr3:99240000-99244999,41388
chr2:33640000-33644999,36721
chr10:29145000-29149999,1208
chr13:51565000-51569999,12687
chr14:4415000-4419999,15181
chr1:69105000-69109999,32223
chr17:67350000-67354999,23831
chr3:49755000-49759999,40119
chr3:92080000-92084999,41101
chr5:98250000-98254999,50957
chr2:74695000-74699999,37645
chr8:89040000-89044999,61941
chr8:58910000-58914999,61105
chr18:58205000-58209999,25748
chr1:126490000-126494999,29233
chr8:87960000-87964999,61891
chr16:28445000-28449999,19968
chr15:11900000-11904999,16799
chr9:8900000-8904999,65586
chr10:125385000-125389999,642
chr5:7340000-7344999,50455
chr11:42420000-42424999,5618
chr10:125965000-125969999,654
chr5:37825000-37829999,49824
chr6:52255000-52259999,53136
chr2:153030000-153034999,34332
chr18:9705000-9709999,26875
chr7:126200000-126204999,54990
chr2:106690000-106694999,33254
chr5:15930000-15934999,49187
chr3:96390000-96394999,41263
chr3:62335000-62339999,40412
chr17:54295000-54299999,23445
chr5:14510000-14514999,48840
chr6:6870000-6874999,53474
chr1:15285000-15289999,29957
chr7:4840000-4844999,57288
chr15:102975000-102979999,16726
chr1:46065000-46069999,31830
chr17:69965000-69969999,23923
chr5:132540000-132544999,48058
chr1:4490000-4494999,31819
chr10:114800000-114804999,204
chr12:49380000-49384999,9792
chr13:36735000-36739999,12126
chr4:44710000-44714999,45066
chr8:12400000-12404999,59846
chr2:55435000-55439999,37144
chr6:77240000-77244999,53635
chr1:77510000-77514999,32488
chr12:27340000-27344999,9462
chr6:83710000-83714999,53760
chr5:98855000-98859999,50971
chr2:157910000-157914999,34598
chr13:72625000-72629999,13454
chr9:69760000-69764999,65161
chr13:100550000-100554999,11185
chr18:45560000-45564999,25474
chr11:16750000-16754999,5131
chr18:37805000-37809999,25280
chr5:47980000-47984999,49982
chr2:174470000-174474999,35671
chr4:124880000-124884999,42273
chr11:93095000-93099999,7833
chr5:101660000-101664999,46261
chr15:99030000-99034999,19385
chr12:84570000-84574999,10731
chr4:104365000-104369999,41502
chr12:118845000-118849999,9179
chr1:119420000-119424999,29107
chr12:18610000-18614999,9324
chr5:28210000-28214999,49416
chr4:114905000-114909999,41789
chr4:49055000-49059999,45299
chr13:40730000-40734999,12230
chr8:102780000-102784999,58441
chr2:147185000-147189999,34135
chr10:42580000-42584999,1475
chr18:45555000-45559999,25473
chr2:64095000-64099999,37341
chr11:53455000-53459999,6028
chr1:89920000-89924999,32804
chr4:154300000-154304999,44324
chr4:139830000-139834999,43441
chr6:23260000-23264999,52414
chr7:131550000-131554999,55319
chr2:74680000-74684999,37642
chr5:128600000-128604999,47906
chr3:154325000-154329999,39540
chr16:17795000-17799999,19698
chr4:22495000-22499999,44606
chr8:118280000-118284999,59277
chr8:45380000-45384999,60821
chr18:15755000-15759999,24809
chr3:107595000-107599999,38455
chr5:101665000-101669999,46262
chr12:27335000-27339999,9461
chr7:70365000-70369999,57776
chr2:149830000-149834999,34180
chr4:49845000-49849999,45320
chr3:95215000-95219999,41190
chr17:26845000-26849999,22148
chr17:68000000-68004999,23870
chr9:4795000-4799999,64304
chr13:94875000-94879999,13814
chr6:52310000-52314999,53143
chr13:118710000-118714999,11619
chr8:23665000-23669999,60352
chr19:45230000-45234999,27916
chr9:118475000-118479999,62951
chr15:95525000-95529999,19146
chr4:36950000-36954999,44833
chr9:34485000-34489999,63779
chr18:64265000-64269999,25976
chr11:69580000-69584999,6783
chr7:70360000-70364999,57775
chr8:12385000-12389999,59833
chr6:23245000-23249999,52412
chr9:63140000-63144999,64897
chr10:103025000-103029999,23
chr11:96175000-96179999,8023
chr1:4495000-4499999,31821
chr13:36730000-36734999,12125
chr1:155740000-155744999,30075
chr5:131535000-131539999,48038
chr15:85575000-85579999,18737
chr17:28140000-28144999,22286
chr19:6125000-6129999,28680
chr6:64730000-64734999,53387
chr13:94870000-94874999,13813
chr19:59170000-59174999,28610
chr12:72945000-72949999,10265
chr12:67220000-67224999,10105
chr13:42710000-42714999,12306
chr13:42705000-42709999,12305
chr3:88200000-88204999,40887
chr15:99095000-99099999,19393
chr11:69235000-69239999,6749
chr10:42590000-42594999,1476
chr3:34650000-34654999,39918
chr2:109675000-109679999,33286
chr19:17835000-17839999,27032
chr12:108000000-108004999,8741
chr1:193035000-193039999,31203
chr11:69965000-69969999,6828
chr5:131305000-131309999,48030
chr1:3670000-3674999,31550
chr2:74655000-74659999,37637
chr2:63180000-63184999,37323
chr12:61520000-61524999,10053
chr10:50900000-50904999,1656
chr13:48655000-48659999,12575
chr14:46385000-46389999,15232
chr13:40705000-40709999,12226
chr9:69765000-69769999,65162
chr12:14150000-14154999,9246
chr19:45150000-45154999,27908
chr4:25795000-25799999,44647
chr14:48665000-48669999,15307
chr5:81020000-81024999,50667
chr2:147080000-147084999,34131
chr4:99655000-99659999,46175
chr6:49215000-49219999,53011
chr15:102965000-102969999,16724
chr2:180595000-180599999,35856
chr1:85145000-85149999,32620
chr14:56575000-56579999,15552
chr14:70075000-70079999,16034
chr6:77975000-77979999,53640
chr5:28455000-28459999,49419
chr9:71215000-71219999,65201
chr11:21990000-21994999,5237
chr1:19230000-19234999,31181
chr11:33200000-33204999,5421
chr7:133120000-133124999,55403
chr6:83700000-83704999,53759
chr13:98365000-98369999,13961
chr2:74690000-74694999,37644
chr17:69435000-69439999,23913
chr11:96005000-96009999,8006
