dataset,priority,samples_or_runs,tissue_or_signal,public_evidence,download_mode,expected_value,risk,source_url
GSE225166/GSE225173,P0_new_processed_parser_pilot,232 methylation samples in subseries; 250 in superseries,multi-tissue/blood/liver/lung/cortex/heart; mouse ages 10-101 weeks; single-cell/low-coverage clock context,"NCBI GEO reports 232 samples, 10-101 weeks, scEpiAge blood/liver, GSE225166_RAW.tar 4.7GB COV, raw SRA available","processed COV tar first, not FASTQ",large mouse age/sparse methylation benchmark and external validation for low-coverage robustness,single-cell/low-coverage schema may not match bulk 5kb matrix without adapter,https://www.ncbi.nlm.nih.gov/geo/query/acc.cgi?acc=GSE225166
GSE233734,P0_new_processed_parser_pilot,102 colon RRBS samples,"colon aging, 3/7/9/12/15/24/27/28 months; nonlinear stage-of-aging signal",GEO reports 82 discovery + 20 validation colon RRBS samples; processed BEDGRAPH methylation and coverage files are available,"processed BEDGRAPH first, then optional raw SRA only if parser succeeds","strong age/stage target, dense same-tissue age trajectory, good for interpretable nonlinear biological signal",processed BEDGRAPH may be wide/aggregated and needs schema adapter,https://www.ncbi.nlm.nih.gov/geo/query/acc.cgi?acc=GSE233734
GSE304754/PRJEB73981,P1_new_raw_or_ena_pilot,OmicsDI/ENA lists 121 FASTQ files; local inventory inferred 83 brain samples,"hippocampus/brain aging, cognitive rank, multi-omics, microbiome/inflammation links",OmicsDI links PRJEB73981 to GSE304754 methylation profiling and lists ENA FASTQ files,ENA direct FASTQ pilot 2-3 samples; search for processed supplements before raw,high biological signal for brain/cognition; may help age and clinical-like phenotype targets,potentially raw-only; larger ETL cost; sample metadata needs curation,https://www.omicsdi.org/dataset/project/PRJEB73981
GSE175410,P1_processed_small_high_signal,15 skeletal muscle RRBS samples; ENA PRJNA732356 shows 30 paired FASTQ files,late-life exercise / skeletal muscle epigenetic aging,GEO sample pages provide Bismark COV and raw SRA; paper states late-life exercise reduced epigenetic age in old mice,processed COV first via existing v11.3 backlog,direct biological intervention target; good for exercise-associated methylation signal,small n; custom GRCm39+rDNA reference may require coordinate handling,https://www.ncbi.nlm.nih.gov/geo/query/acc.cgi?acc=GSM5333080
GSE224442,P1_processed_intervention,78 RRBS samples,blood/liver heterochronic parabiosis and recovery,"NCBI GEO reports 78 samples, RRBS, processed COV tar 2.3GB and SRA raw",processed COV tar first via existing v11.3 backlog,strong biological-age perturbation validation target across blood/liver,intervention confounding must be separated from chronological age,https://www.ncbi.nlm.nih.gov/geo/query/acc.cgi?acc=GSE224442
GSE92486,P1_processed_intervention,30 samples total; 18 BS-seq methylation samples visible,"liver dietary restriction vs ad lib, young/old","NCBI GEO reports BS-seq samples, SRA raw, processed RAW.tar 2.9GB TXT",processed TXT/COV-like tar first via existing v11.3 backlog,dietary restriction/age methylation target; useful for CR-associated signal beyond GSE80672,mixed RNA-seq and BS-seq; parser must filter methylation samples only,https://www.ncbi.nlm.nih.gov/geo/query/acc.cgi?acc=GSE92486
GSE129712,P2_processed_age_auxiliary,24 intestine RRBS samples,"intestinal aging, stem-cell/sex/cell-type signals, 2/18/26 months","NCBI GEO reports 24 RRBS samples, RAW.tar 333MB TXT, SRA raw",processed TXT tar first via existing v11.3 backlog,small but clean tissue-specific biological signal,public date/update changed; parser schema unknown,https://www.ncbi.nlm.nih.gov/geo/query/acc.cgi?acc=GSE129712
GSE286302,P2_intervention_validation,local inventory inferred 49 RRBS samples,circadian/PVN/3dA aging intervention across liver/lung/muscle,Cell 2026 article says raw and processed RRBS deposited as GSE286302 and reports reduced epigenetic age with 3dA/circadian intervention,processed COV first if GEO supplement is accessible,new high-interest healthspan intervention signal,very recent; metadata/age schema likely intervention-heavy and not primary age training,https://www.sciencedirect.com/science/article/pii/S0092867426001030
GSE295059,P3_organoid_auxiliary,70 RRBS samples,intestinal organoid aging/passaging/decitabine,NCBI GEO reports 70 samples and COV tar 4.8GB; sample page says mm9 Bismark COV with coverage >=20 filtering,processed COV only if organoid signal is needed,"in-vitro methylation aging/perturbation sanity, not primary in-vivo age model",mm9 coordinate conversion and organoid culture effects,https://www.ncbi.nlm.nih.gov/geo/query/acc.cgi?acc=GSE295059
