gsm_sample_id,run_accession,experiment_accession,sample_accession,biosample,replicate_token,replicate_order,raw_tissue,sex,age_weeks,condition_detail,experiment_title,library_layout,local_fastq_complete,match_key
GSM1463666,SRR1534514,SRX667995,SRS672484,SAMN02950337,12,12,Liver,F,1.0,NORMAL,GSM1463666: RRBS_12_Mouse_Liver_F_1w_NORMAL; Mus musculus; Bisulfite-Seq,PAIRED,True,liver|F|1w|normal
GSM1463667,SRR1534515,SRX667996,SRS672485,SAMN02950338,15,15,Liver,F,1.0,NORMAL,GSM1463667: RRBS_15_Mouse_Liver_F_1w_NORMAL; Mus musculus; Bisulfite-Seq,PAIRED,True,liver|F|1w|normal
GSM1463668,SRR1534516,SRX667997,SRS672487,SAMN02950339,16,16,Liver,F,1.0,NORMAL,GSM1463668: RRBS_16_Mouse_Liver_F_1w_NORMAL; Mus musculus; Bisulfite-Seq,PAIRED,True,liver|F|1w|normal
GSM1463669,SRR1534517,SRX667998,SRS672486,SAMN02950340,17,17,Liver,F,1.0,NORMAL,GSM1463669: RRBS_17_Mouse_Liver_F_1w_NORMAL; Mus musculus; Bisulfite-Seq,PAIRED,True,liver|F|1w|normal
GSM1463670,SRR1534518,SRX667999,SRS672488,SAMN02950341,18,18,Liver,F,1.0,NORMAL,GSM1463670: RRBS_18_Mouse_Liver_F_1w_NORMAL; Mus musculus; Bisulfite-Seq,PAIRED,True,liver|F|1w|normal
GSM1463671,SRR1534519,SRX668000,SRS672490,SAMN02950342,22,22,Liver,F,20.0,NORMAL,GSM1463671: RRBS_22_Mouse_Liver_F_20w_NORMAL; Mus musculus; Bisulfite-Seq,PAIRED,True,liver|F|20w|normal
GSM1463672,SRR1534520,SRX668001,SRS672489,SAMN02950343,25,25,Liver,F,20.0,NORMAL,GSM1463672: RRBS_25_Mouse_Liver_F_20w_NORMAL; Mus musculus; Bisulfite-Seq,PAIRED,True,liver|F|20w|normal
GSM1463673,SRR1534521,SRX668002,SRS672491,SAMN02950344,27,27,Liver,F,20.0,NORMAL,GSM1463673: RRBS_27_Mouse_Liver_F_20w_NORMAL; Mus musculus; Bisulfite-Seq,PAIRED,True,liver|F|20w|normal
GSM1463674,SRR1534522,SRX668003,SRS672492,SAMN02950345,30,30,Liver,F,20.0,NORMAL,GSM1463674: RRBS_30_Mouse_Liver_F_20w_NORMAL; Mus musculus; Bisulfite-Seq,PAIRED,True,liver|F|20w|normal
GSM1463675,SRR1534523,SRX668004,SRS672493,SAMN02950346,32,32,Liver,F,20.0,NORMAL,GSM1463675: RRBS_32_Mouse_Liver_F_20w_NORMAL; Mus musculus; Bisulfite-Seq,PAIRED,True,liver|F|20w|normal
GSM1463676,SRR1534524,SRX668005,SRS672495,SAMN02950347,33,33,Liver,F,20.0,NORMAL,GSM1463676: RRBS_33_Mouse_Liver_F_20w_NORMAL; Mus musculus; Bisulfite-Seq,PAIRED,True,liver|F|20w|normal
GSM1463677,SRR1534525,SRX668006,SRS672494,SAMN02950348,36,36,Liver,F,20.0,NORMAL,GSM1463677: RRBS_36_Mouse_Liver_F_20w_NORMAL; Mus musculus; Bisulfite-Seq,PAIRED,True,liver|F|20w|normal
GSM1463678,SRR1534526,SRX668007,SRS672496,SAMN02950349,37,37,Liver,F,20.0,NORMAL,GSM1463678: RRBS_37_Mouse_Liver_F_20w_NORMAL; Mus musculus; Bisulfite-Seq,PAIRED,True,liver|F|20w|normal
GSM1463679,SRR1534527,SRX668008,SRS672498,SAMN02950350,39,39,Liver,F,20.0,NORMAL,GSM1463679: RRBS_39_Mouse_Liver_F_20w_NORMAL; Mus musculus; Bisulfite-Seq,PAIRED,True,liver|F|20w|normal
GSM1463680,SRR1534528,SRX668009,SRS672497,SAMN02950351,41,41,Liver,F,20.0,NORMAL,GSM1463680: RRBS_41_Mouse_Liver_F_20w_NORMAL; Mus musculus; Bisulfite-Seq,PAIRED,True,liver|F|20w|normal
GSM1463681,SRR1534529,SRX668010,SRS672499,SAMN02950352,43,43,Liver,F,3.0,NORMAL,GSM1463681: RRBS_43_Mouse_Liver_F_3w_NORMAL; Mus musculus; Bisulfite-Seq,PAIRED,True,liver|F|3w|normal
GSM1463682,SRR1534530,SRX668011,SRS672500,SAMN02950353,44,44,Liver,F,3.0,NORMAL,GSM1463682: RRBS_44_Mouse_Liver_F_3w_NORMAL; Mus musculus; Bisulfite-Seq,PAIRED,True,liver|F|3w|normal
GSM1463683,SRR1534531,SRX668012,SRS672501,SAMN02950354,45,45,Liver,F,3.0,NORMAL,GSM1463683: RRBS_45_Mouse_Liver_F_3w_NORMAL; Mus musculus; Bisulfite-Seq,PAIRED,True,liver|F|3w|normal
GSM1463684,SRR1534532,SRX668013,SRS672503,SAMN02950355,46,46,Liver,F,3.0,NORMAL,GSM1463684: RRBS_46_Mouse_Liver_F_3w_NORMAL; Mus musculus; Bisulfite-Seq,PAIRED,True,liver|F|3w|normal
GSM1463685,SRR1534533,SRX668014,SRS672502,SAMN02950356,56,56,Liver,F,8.0,NORMAL,GSM1463685: RRBS_56_Mouse_Liver_F_8w_NORMAL; Mus musculus; Bisulfite-Seq,PAIRED,True,liver|F|8w|normal
GSM1463686,SRR1534534,SRX668015,SRS672504,SAMN02950357,57,57,Liver,F,8.0,NORMAL,GSM1463686: RRBS_57_Mouse_Liver_F_8w_NORMAL; Mus musculus; Bisulfite-Seq,PAIRED,True,liver|F|8w|normal
GSM1463687,SRR1534535,SRX668016,SRS672505,SAMN02950358,58,58,Liver,F,8.0,NORMAL,GSM1463687: RRBS_58_Mouse_Liver_F_8w_NORMAL; Mus musculus; Bisulfite-Seq,PAIRED,True,liver|F|8w|normal
GSM1463688,SRR1534536,SRX668017,SRS672506,SAMN02950359,59,59,Liver,F,8.0,NORMAL,GSM1463688: RRBS_59_Mouse_Liver_F_8w_NORMAL; Mus musculus; Bisulfite-Seq,PAIRED,True,liver|F|8w|normal
GSM1463689,SRR1534537,SRX668018,SRS672508,SAMN02950360,60,60,Liver,F,8.0,NORMAL,GSM1463689: RRBS_60_Mouse_Liver_F_8w_NORMAL; Mus musculus; Bisulfite-Seq,PAIRED,True,liver|F|8w|normal
GSM1463690,SRR1534538,SRX668019,SRS672507,SAMN02950361,13,13,Liver,M,1.0,NORMAL,GSM1463690: RRBS_13_Mouse_Liver_M_1w_NORMAL; Mus musculus; Bisulfite-Seq,PAIRED,True,liver|M|1w|normal
GSM1463691,SRR1534539,SRX668020,SRS672509,SAMN02950362,14,14,Liver,M,1.0,NORMAL,GSM1463691: RRBS_14_Mouse_Liver_M_1w_NORMAL; Mus musculus; Bisulfite-Seq,PAIRED,True,liver|M|1w|normal
GSM1463692,SRR1534540,SRX668021,SRS672511,SAMN02950305,19,19,Liver,M,1.0,NORMAL,GSM1463692: RRBS_19_Mouse_Liver_M_1w_NORMAL; Mus musculus; Bisulfite-Seq,PAIRED,True,liver|M|1w|normal
GSM1463693,SRR1534541,SRX668022,SRS672512,SAMN02950306,20,20,Liver,M,1.0,NORMAL,GSM1463693: RRBS_20_Mouse_Liver_M_1w_NORMAL; Mus musculus; Bisulfite-Seq,PAIRED,True,liver|M|1w|normal
GSM1463694,SRR1534542,SRX668023,SRS672510,SAMN02950307,21,21,Liver,M,1.0,NORMAL,GSM1463694: RRBS_21_Mouse_Liver_M_1w_NORMAL; Mus musculus; Bisulfite-Seq,PAIRED,True,liver|M|1w|normal
GSM1463695,SRR1534543,SRX668024,SRS672514,SAMN02950308,23,23,Liver,M,20.0,NORMAL,GSM1463695: RRBS_23_Mouse_Liver_M_20w_NORMAL; Mus musculus; Bisulfite-Seq,PAIRED,True,liver|M|20w|normal
GSM1463696,SRR1534544,SRX668025,SRS672513,SAMN02950309,24,24,Liver,M,20.0,NORMAL,GSM1463696: RRBS_24_Mouse_Liver_M_20w_NORMAL; Mus musculus; Bisulfite-Seq,PAIRED,True,liver|M|20w|normal
GSM1463697,SRR1534545,SRX668026,SRS672515,SAMN02950310,26,26,Liver,M,20.0,NORMAL,GSM1463697: RRBS_26_Mouse_Liver_M_20w_NORMAL; Mus musculus; Bisulfite-Seq,PAIRED,True,liver|M|20w|normal
GSM1463698,SRR1534546,SRX668027,SRS672516,SAMN02950311,28,28,Liver,M,20.0,NORMAL,GSM1463698: RRBS_28_Mouse_Liver_M_20w_NORMAL; Mus musculus; Bisulfite-Seq,PAIRED,True,liver|M|20w|normal
GSM1463699,SRR1534547,SRX668028,SRS672517,SAMN02950312,29,29,Liver,M,20.0,NORMAL,GSM1463699: RRBS_29_Mouse_Liver_M_20w_NORMAL; Mus musculus; Bisulfite-Seq,PAIRED,True,liver|M|20w|normal
GSM1463700,SRR1534548,SRX668029,SRS672519,SAMN02950313,31,31,Liver,M,20.0,NORMAL,GSM1463700: RRBS_31_Mouse_Liver_M_20w_NORMAL; Mus musculus; Bisulfite-Seq,PAIRED,True,liver|M|20w|normal
GSM1463701,SRR1534549,SRX668030,SRS672518,SAMN02950314,34,34,Liver,M,20.0,NORMAL,GSM1463701: RRBS_34_Mouse_Liver_M_20w_NORMAL; Mus musculus; Bisulfite-Seq,PAIRED,True,liver|M|20w|normal
GSM1463702,SRR1534550,SRX668031,SRS672520,SAMN02950315,35,35,Liver,M,20.0,NORMAL,GSM1463702: RRBS_35_Mouse_Liver_M_20w_NORMAL; Mus musculus; Bisulfite-Seq,PAIRED,True,liver|M|20w|normal
GSM1463703,SRR1534551,SRX668032,SRS672521,SAMN02950316,38,38,Liver,M,20.0,NORMAL,GSM1463703: RRBS_38_Mouse_Liver_M_20w_NORMAL; Mus musculus; Bisulfite-Seq,PAIRED,True,liver|M|20w|normal
GSM1463704,SRR1534552,SRX668033,SRS672522,SAMN02950317,40,40,Liver,M,20.0,NORMAL,GSM1463704: RRBS_40_Mouse_Liver_M_20w_NORMAL; Mus musculus; Bisulfite-Seq,PAIRED,True,liver|M|20w|normal
GSM1463705,SRR1534553,SRX668034,SRS672523,SAMN02950318,42,42,Liver,M,3.0,NORMAL,GSM1463705: RRBS_42_Mouse_Liver_M_3w_NORMAL; Mus musculus; Bisulfite-Seq,PAIRED,True,liver|M|3w|normal
GSM1463706,SRR1534554,SRX668035,SRS672524,SAMN02950319,47,47,Liver,M,3.0,NORMAL,GSM1463706: RRBS_47_Mouse_Liver_M_3w_NORMAL; Mus musculus; Bisulfite-Seq,PAIRED,True,liver|M|3w|normal
GSM1463707,SRR1534555,SRX668036,SRS672525,SAMN02950320,48,48,Liver,M,3.0,NORMAL,GSM1463707: RRBS_48_Mouse_Liver_M_3w_NORMAL; Mus musculus; Bisulfite-Seq,PAIRED,True,liver|M|3w|normal
GSM1463708,SRR1534556,SRX668037,SRS672526,SAMN02950321,49,49,Liver,M,3.0,NORMAL,GSM1463708: RRBS_49_Mouse_Liver_M_3w_NORMAL; Mus musculus; Bisulfite-Seq,PAIRED,True,liver|M|3w|normal
GSM1463709,SRR1534557,SRX668038,SRS672527,SAMN02950322,50,50,Liver,M,3.0,NORMAL,GSM1463709: RRBS_50_Mouse_Liver_M_3w_NORMAL; Mus musculus; Bisulfite-Seq,PAIRED,True,liver|M|3w|normal
GSM1463710,SRR1534558,SRX668039,SRS672528,SAMN02950323,51,51,Liver,M,8.0,NORMAL,GSM1463710: RRBS_51_Mouse_Liver_M_8w_NORMAL; Mus musculus; Bisulfite-Seq,PAIRED,True,liver|M|8w|normal
GSM1463711,SRR1534559,SRX668040,SRS672529,SAMN02950324,52,52,Liver,M,8.0,NORMAL,GSM1463711: RRBS_52_Mouse_Liver_M_8w_NORMAL; Mus musculus; Bisulfite-Seq,PAIRED,True,liver|M|8w|normal
GSM1463712,SRR1534560,SRX668041,SRS672531,SAMN02950325,53,53,Liver,M,8.0,NORMAL,GSM1463712: RRBS_53_Mouse_Liver_M_8w_NORMAL; Mus musculus; Bisulfite-Seq,PAIRED,True,liver|M|8w|normal
GSM1463713,SRR1534561,SRX668042,SRS672530,SAMN02950326,54,54,Liver,M,8.0,NORMAL,GSM1463713: RRBS_54_Mouse_Liver_M_8w_NORMAL; Mus musculus; Bisulfite-Seq,PAIRED,True,liver|M|8w|normal
GSM1463714,SRR1534562,SRX668043,SRS672532,SAMN02950327,55,55,Liver,M,8.0,NORMAL,GSM1463714: RRBS_55_Mouse_Liver_M_8w_NORMAL; Mus musculus; Bisulfite-Seq,PAIRED,True,liver|M|8w|normal
GSM1463715,SRR1534563,SRX668044,SRS672533,SAMN02950328,1,1,Liver,F,20.0,castration,GSM1463715: RRBS_1_Mouse_Liver_F_20w_castration; Mus musculus; Bisulfite-Seq,PAIRED,True,liver|F|20w|castration
GSM1463716,SRR1534564,SRX668045,SRS672534,SAMN02950329,2,2,Liver,F,20.0,castration,GSM1463716: RRBS_2_Mouse_Liver_F_20w_castration; Mus musculus; Bisulfite-Seq,PAIRED,True,liver|F|20w|castration
GSM1463717,SRR1534565,SRX668046,SRS672535,SAMN02950330,3,3,Liver,F,20.0,castration,GSM1463717: RRBS_3_Mouse_Liver_F_20w_castration; Mus musculus; Bisulfite-Seq,PAIRED,True,liver|F|20w|castration
GSM1463718,SRR1534566,SRX668047,SRS672536,SAMN02950331,100,100,Liver,M,31.0,old_castration,GSM1463718: RRBS_100_Mouse_Liver_M_31w_old_castration; Mus musculus; Bisulfite-Seq,PAIRED,True,liver|M|31w|old_castration
GSM1463719,SRR1534567,SRX668048,SRS672537,SAMN02950332,101,101,Liver,M,28.0,old_castration,GSM1463719: RRBS_101_Mouse_Liver_M_28w_old_castration; Mus musculus; Bisulfite-Seq,PAIRED,True,liver|M|28w|old_castration
GSM1463720,SRR1534568,SRX668049,SRS672539,SAMN02950333,102,102,Liver,M,28.0,old_castration,GSM1463720: RRBS_102_Mouse_Liver_M_28w_old_castration; Mus musculus; Bisulfite-Seq,PAIRED,True,liver|M|28w|old_castration
GSM1463721,SRR1534569,SRX668050,SRS672538,SAMN02950334,103,103,Liver,M,28.0,old_castration,GSM1463721: RRBS_103_Mouse_Liver_M_28w_old_castration; Mus musculus; Bisulfite-Seq,PAIRED,True,liver|M|28w|old_castration
GSM1463722,SRR1534570,SRX668051,SRS672540,SAMN02950275,104,104,Liver,M,28.0,old_castration,GSM1463722: RRBS_104_Mouse_Liver_M_28w_old_castration; Mus musculus; Bisulfite-Seq,PAIRED,True,liver|M|28w|old_castration
GSM1463723,SRR1534571,SRX668052,SRS672543,SAMN02950276,105,105,Liver,M,28.0,old_castration,GSM1463723: RRBS_105_Mouse_Liver_M_28w_old_castration; Mus musculus; Bisulfite-Seq,PAIRED,True,liver|M|28w|old_castration
GSM1463724,SRR1534572,SRX668053,SRS672541,SAMN02950277,96,96,Liver,M,28.0,old_castration,GSM1463724: RRBS_96_Mouse_Liver_M_28w_old_castration; Mus musculus; Bisulfite-Seq,PAIRED,True,liver|M|28w|old_castration
GSM1463725,SRR1534573,SRX668054,SRS672542,SAMN02950278,97,97,Liver,M,28.0,old_castration,GSM1463725: RRBS_97_Mouse_Liver_M_28w_old_castration; Mus musculus; Bisulfite-Seq,PAIRED,True,liver|M|28w|old_castration
GSM1463726,SRR1534574,SRX668055,SRS672544,SAMN02950279,98,98,Liver,M,28.0,old_castration,GSM1463726: RRBS_98_Mouse_Liver_M_28w_old_castration; Mus musculus; Bisulfite-Seq,PAIRED,True,liver|M|28w|old_castration
GSM1463727,SRR1534575,SRX668056,SRS672545,SAMN02950280,99,99,Liver,M,31.0,old_castration,GSM1463727: RRBS_99_Mouse_Liver_M_31w_old_castration; Mus musculus; Bisulfite-Seq,PAIRED,True,liver|M|31w|old_castration
GSM1463728,SRR1534576,SRX668057,SRS672547,SAMN02950281,106,106,Liver,M,20.0,old_castration_control,GSM1463728: RRBS_106_Mouse_Liver_M_20w_old_castration_control; Mus musculus; Bisulfite-Seq,PAIRED,True,liver|M|20w|old_castration_control
GSM1463729,SRR1534577,SRX668058,SRS672546,SAMN02950282,107,107,Liver,M,28.0,old_castration_control,GSM1463729: RRBS_107_Mouse_Liver_M_28w_old_castration_control; Mus musculus; Bisulfite-Seq,PAIRED,True,liver|M|28w|old_castration_control
GSM1463730,SRR1534578,SRX668059,SRS672548,SAMN02950283,108,108,Liver,M,28.0,old_castration_control,GSM1463730: RRBS_108_Mouse_Liver_M_28w_old_castration_control; Mus musculus; Bisulfite-Seq,PAIRED,True,liver|M|28w|old_castration_control
GSM1463731,SRR1534579,SRX668060,SRS672549,SAMN02950284,109,109,Liver,M,28.0,old_castration_control,GSM1463731: RRBS_109_Mouse_Liver_M_28w_old_castration_control; Mus musculus; Bisulfite-Seq,PAIRED,True,liver|M|28w|old_castration_control
GSM1463732,SRR1534580,SRX668061,SRS672550,SAMN02950285,110,110,Liver,M,28.0,old_castration_control,GSM1463732: RRBS_110_Mouse_Liver_M_28w_old_castration_control; Mus musculus; Bisulfite-Seq,PAIRED,True,liver|M|28w|old_castration_control
GSM1463733,SRR1534581,SRX668062,SRS672551,SAMN02950286,111,111,Liver,M,28.0,old_castration_control,GSM1463733: RRBS_111_Mouse_Liver_M_28w_old_castration_control; Mus musculus; Bisulfite-Seq,PAIRED,True,liver|M|28w|old_castration_control
GSM1463734,SRR1534582,SRX668063,SRS672553,SAMN02950287,112,112,Liver,M,28.0,old_castration_control,GSM1463734: RRBS_112_Mouse_Liver_M_28w_old_castration_control; Mus musculus; Bisulfite-Seq,PAIRED,True,liver|M|28w|old_castration_control
GSM1463735,SRR1534583,SRX668064,SRS672552,SAMN02950288,113,113,Liver,M,28.0,old_castration_control,GSM1463735: RRBS_113_Mouse_Liver_M_28w_old_castration_control; Mus musculus; Bisulfite-Seq,PAIRED,True,liver|M|28w|old_castration_control
GSM1463736,SRR1534584,SRX668065,SRS672554,SAMN02950289,114,114,Liver,M,31.0,old_castration_control,GSM1463736: RRBS_114_Mouse_Liver_M_31w_old_castration_control; Mus musculus; Bisulfite-Seq,PAIRED,True,liver|M|31w|old_castration_control
GSM1463737,SRR1534585,SRX668066,SRS672555,SAMN02950290,115,115,Liver,M,31.0,old_castration_control,GSM1463737: RRBS_115_Mouse_Liver_M_31w_old_castration_control; Mus musculus; Bisulfite-Seq,PAIRED,True,liver|M|31w|old_castration_control
GSM1463738,SRR1534586,SRX668067,SRS672556,SAMN02950291,116,116,Liver,M,20.0,testosterone,GSM1463738: RRBS_116_Mouse_Liver_M_20w_testosterone; Mus musculus; Bisulfite-Seq,PAIRED,True,liver|M|20w|testosterone
GSM1463739,SRR1534587,SRX668068,SRS672557,SAMN02950292,117,117,Liver,M,20.0,testosterone,GSM1463739: RRBS_117_Mouse_Liver_M_20w_testosterone; Mus musculus; Bisulfite-Seq,PAIRED,True,liver|M|20w|testosterone
GSM1463740,SRR1534588,SRX668069,SRS672558,SAMN02950293,118,118,Liver,M,20.0,testosterone,GSM1463740: RRBS_118_Mouse_Liver_M_20w_testosterone; Mus musculus; Bisulfite-Seq,PAIRED,True,liver|M|20w|testosterone
GSM1463741,SRR1534589,SRX668070,SRS672559,SAMN02950294,119,119,Liver,M,20.0,testosterone,GSM1463741: RRBS_119_Mouse_Liver_M_20w_testosterone; Mus musculus; Bisulfite-Seq,PAIRED,True,liver|M|20w|testosterone
GSM1463742,SRR1534590,SRX668071,SRS672560,SAMN02950295,120,120,Liver,F,20.0,testosterone_+_castration,GSM1463742: RRBS_120_Mouse_Liver_F_20w_testosterone_+_castaration; Mus musculus; Bisulfite-Seq,PAIRED,True,liver|F|20w|testosterone_+_castration
GSM1463743,SRR1534591,SRX668072,SRS672561,SAMN02950296,121,121,Liver,F,20.0,testosterone_+_castration,GSM1463743: RRBS_121_Mouse_Liver_F_20w_testosterone_+_castaration; Mus musculus; Bisulfite-Seq,PAIRED,True,liver|F|20w|testosterone_+_castration
GSM1463744,SRR1534592,SRX668073,SRS672562,SAMN02950297,122,122,Liver,F,20.0,testosterone_+_castration,GSM1463744: RRBS_122_Mouse_Liver_F_20w_testosterone_+_castaration; Mus musculus; Bisulfite-Seq,PAIRED,True,liver|F|20w|testosterone_+_castration
GSM1463745,SRR1534593,SRX668074,SRS672563,SAMN02950298,123,123,Liver,F,20.0,testosterone_+_castration,GSM1463745: RRBS_123_Mouse_Liver_F_20w_testosterone_+_castaration; Mus musculus; Bisulfite-Seq,PAIRED,True,liver|F|20w|testosterone_+_castration
GSM1463746,SRR1534594,SRX668075,SRS672564,SAMN02950299,124,124,Liver,F,20.0,testosterone_+_castration,GSM1463746: RRBS_124_Mouse_Liver_F_20w_testosterone_+_castaration; Mus musculus; Bisulfite-Seq,PAIRED,True,liver|F|20w|testosterone_+_castration
GSM1463747,SRR1534595,SRX668076,SRS672566,SAMN02950300,125,125,Liver,F,20.0,testosterone_+_castration,GSM1463747: RRBS_125_Mouse_Liver_F_20w_testosterone_+_castaration; Mus musculus; Bisulfite-Seq,PAIRED,True,liver|F|20w|testosterone_+_castration
GSM1463748,SRR1534596,SRX668077,SRS672565,SAMN02950301,126,126,Liver,M,20.0,testosterone_control,GSM1463748: RRBS_126_Mouse_Liver_M_20w_testosterone_control; Mus musculus; Bisulfite-Seq,PAIRED,True,liver|M|20w|testosterone_control
GSM1463749,SRR1534597,SRX668078,SRS672567,SAMN02950302,127,127,Liver,M,20.0,testosterone_control,GSM1463749: RRBS_127_Mouse_Liver_M_20w_testosterone_control; Mus musculus; Bisulfite-Seq,PAIRED,True,liver|M|20w|testosterone_control
GSM1463750,SRR1534598,SRX668079,SRS672568,SAMN02950303,128,128,Liver,M,20.0,testosterone_control,GSM1463750: RRBS_128_Mouse_Liver_M_20w_testosterone_control; Mus musculus; Bisulfite-Seq,PAIRED,True,liver|M|20w|testosterone_control
GSM1463751,SRR1534599,SRX668080,SRS672569,SAMN02950304,129,129,Liver,M,20.0,testosterone_control,GSM1463751: RRBS_129_Mouse_Liver_M_20w_testosterone_control; Mus musculus; Bisulfite-Seq,PAIRED,True,liver|M|20w|testosterone_control
GSM1463752,SRR1534600,SRX668081,SRS672570,SAMN02950335,130,130,Liver,F,20.0,vehicle_+_castration,GSM1463752: RRBS_130_Mouse_Liver_F_20w_vehacle_+_castration; Mus musculus; Bisulfite-Seq,PAIRED,True,liver|F|20w|vehicle_+_castration
GSM1463753,SRR1534601,SRX668082,SRS672571,SAMN02950336,131,131,Liver,F,20.0,vehicle_+_castration,GSM1463753: RRBS_131_Mouse_Liver_F_20w_vehacle_+_castration; Mus musculus; Bisulfite-Seq,PAIRED,True,liver|F|20w|vehicle_+_castration
GSM1463754,SRR1534602,SRX668083,SRS672572,SAMN02950245,132,132,Liver,F,20.0,vehicle_+_castration,GSM1463754: RRBS_132_Mouse_Liver_F_20w_vehacle_+_castration; Mus musculus; Bisulfite-Seq,PAIRED,True,liver|F|20w|vehicle_+_castration
GSM1463755,SRR1534603,SRX668084,SRS672573,SAMN02950246,133,133,Liver,F,20.0,vehicle_+_castration,GSM1463755: RRBS_133_Mouse_Liver_F_20w_vehacle_+_castration; Mus musculus; Bisulfite-Seq,PAIRED,True,liver|F|20w|vehicle_+_castration
GSM1463756,SRR1534604,SRX668085,SRS672574,SAMN02950247,134,134,Liver,F,20.0,vehicle_+_castration,GSM1463756: RRBS_134_Mouse_Liver_F_20w_vehacle_+_castration; Mus musculus; Bisulfite-Seq,PAIRED,True,liver|F|20w|vehicle_+_castration
GSM1463757,SRR1534605,SRX668086,SRS672576,SAMN02950248,135,135,Liver,F,20.0,vehicle_+_castration,GSM1463757: RRBS_135_Mouse_Liver_F_20w_vehacle_+_castration; Mus musculus; Bisulfite-Seq,PAIRED,True,liver|F|20w|vehicle_+_castration
GSM1463758,SRR1534606,SRX668087,SRS672575,SAMN02950249,136,136,Liver,M,20.0,young_castrated,GSM1463758: RRBS_136_Mouse_Liver_M_20w_young_castrated; Mus musculus; Bisulfite-Seq,PAIRED,True,liver|M|20w|young_castrated
GSM1463759,SRR1534607,SRX668088,SRS672578,SAMN02950250,137,137,Liver,M,20.0,young_castrated,GSM1463759: RRBS_137_Mouse_Liver_M_20w_young_castrated; Mus musculus; Bisulfite-Seq,PAIRED,True,liver|M|20w|young_castrated
GSM1463760,SRR1534608,SRX668089,SRS672577,SAMN02950251,138,138,Liver,M,20.0,young_castrated,GSM1463760: RRBS_138_Mouse_Liver_M_20w_young_castrated; Mus musculus; Bisulfite-Seq,PAIRED,False,liver|M|20w|young_castrated
GSM1463761,SRR1534609,SRX668090,SRS672579,SAMN02950252,139,139,Liver,M,20.0,young_castrated,GSM1463761: RRBS_139_Mouse_Liver_M_20w_young_castrated; Mus musculus; Bisulfite-Seq,PAIRED,False,liver|M|20w|young_castrated
GSM1463762,SRR1534610,SRX668091,SRS672580,SAMN02950253,140,140,Liver,M,20.0,young_castrated,GSM1463762: RRBS_140_Mouse_Liver_M_20w_young_castrated; Mus musculus; Bisulfite-Seq,PAIRED,False,liver|M|20w|young_castrated
GSM1463763,SRR1534611,SRX668092,SRS672582,SAMN02950254,146,146,Liver,M,20.0,young_control_castrated,GSM1463763: RRBS_146_Mouse_Liver_M_20w_young_control_castrated; Mus musculus; Bisulfite-Seq,PAIRED,False,liver|M|20w|young_control_castrated
GSM1463764,SRR1534612,SRX668093,SRS672581,SAMN02950255,147,147,Liver,M,20.0,young_control_castrated,GSM1463764: RRBS_147_Mouse_Liver_M_20w_young_control_castrated; Mus musculus; Bisulfite-Seq,PAIRED,True,liver|M|20w|young_control_castrated
GSM1463765,SRR1534613,SRX668094,SRS672584,SAMN02950256,148,148,Liver,M,20.0,young_control_castrated,GSM1463765: RRBS_148_Mouse_Liver_M_20w_young_control_castrated; Mus musculus; Bisulfite-Seq,PAIRED,False,liver|M|20w|young_control_castrated
GSM1463766,SRR1534614,SRX668095,SRS672583,SAMN02950257,149,149,Liver,M,20.0,young_control_castrated,GSM1463766: RRBS_149_Mouse_Liver_M_20w_young_control_castrated; Mus musculus; Bisulfite-Seq,PAIRED,False,liver|M|20w|young_control_castrated
GSM1463767,SRR1534615,SRX668096,SRS672585,SAMN02950258,65,65,Muscle,F,20.0,NORMAL,GSM1463767: RRBS_65_Mouse_Muscle_F_20w_NORMAL; Mus musculus; Bisulfite-Seq,PAIRED,False,muscle|F|20w|normal
GSM1463768,SRR1534616,SRX668097,SRS672586,SAMN02950259,66,66,Muscle,F,20.0,NORMAL,GSM1463768: RRBS_66_Mouse_Muscle_F_20w_NORMAL; Mus musculus; Bisulfite-Seq,PAIRED,False,muscle|F|20w|normal
GSM1463769,SRR1534617,SRX668098,SRS672588,SAMN02950260,68,68,Muscle,F,20.0,NORMAL,GSM1463769: RRBS_68_Mouse_Muscle_F_20w_NORMAL; Mus musculus; Bisulfite-Seq,PAIRED,False,muscle|F|20w|normal
GSM1463770,SRR1534618,SRX668099,SRS672587,SAMN02950261,71,71,Muscle,F,20.0,NORMAL,GSM1463770: RRBS_71_Mouse_Muscle_F_20w_NORMAL; Mus musculus; Bisulfite-Seq,PAIRED,False,muscle|F|20w|normal
GSM1463771,SRR1534619,SRX668100,SRS672589,SAMN02950262,72,72,Muscle,F,20.0,NORMAL,GSM1463771: RRBS_72_Mouse_Muscle_F_20w_NORMAL; Mus musculus; Bisulfite-Seq,PAIRED,True,muscle|F|20w|normal
GSM1463772,SRR1534620,SRX668101,SRS672590,SAMN02950263,75,75,Muscle,F,20.0,NORMAL,GSM1463772: RRBS_75_Mouse_Muscle_F_20w_NORMAL; Mus musculus; Bisulfite-Seq,PAIRED,True,muscle|F|20w|normal
GSM1463773,SRR1534621,SRX668102,SRS672591,SAMN02950264,81,81,Muscle,F,3.0,NORMAL,GSM1463773: RRBS_81_Mouse_Muscle_F_3w_NORMAL; Mus musculus; Bisulfite-Seq,PAIRED,False,muscle|F|3w|normal
GSM1463774,SRR1534622,SRX668103,SRS672592,SAMN02950265,82,82,Muscle,F,3.0,NORMAL,GSM1463774: RRBS_82_Mouse_Muscle_F_3w_NORMAL; Mus musculus; Bisulfite-Seq,PAIRED,True,muscle|F|3w|normal
GSM1463775,SRR1534623,SRX668104,SRS672593,SAMN02950266,83,83,Muscle,F,3.0,NORMAL,GSM1463775: RRBS_83_Mouse_Muscle_F_3w_NORMAL; Mus musculus; Bisulfite-Seq,PAIRED,True,muscle|F|3w|normal
GSM1463776,SRR1534624,SRX668105,SRS672594,SAMN02950270,84,84,Muscle,F,3.0,NORMAL,GSM1463776: RRBS_84_Mouse_Muscle_F_3w_NORMAL; Mus musculus; Bisulfite-Seq,PAIRED,True,muscle|F|3w|normal
GSM1463777,SRR1534625,SRX668106,SRS672595,SAMN02950271,85,85,Muscle,F,3.0,NORMAL,GSM1463777: RRBS_85_Mouse_Muscle_F_3w_NORMAL; Mus musculus; Bisulfite-Seq,PAIRED,True,muscle|F|3w|normal
GSM1463778,SRR1534626,SRX668107,SRS672597,SAMN02950272,61,61,Muscle,M,20.0,NORMAL,GSM1463778: RRBS_61_Mouse_Muscle_M_20w_NORMAL; Mus musculus; Bisulfite-Seq,PAIRED,False,muscle|M|20w|normal
GSM1463779,SRR1534627,SRX668108,SRS672596,SAMN02950267,62,62,Muscle,M,20.0,NORMAL,GSM1463779: RRBS_62_Mouse_Muscle_M_20w_NORMAL; Mus musculus; Bisulfite-Seq,PAIRED,False,muscle|M|20w|normal
GSM1463780,SRR1534628,SRX668109,SRS672598,SAMN02950268,63,63,Muscle,M,20.0,NORMAL,GSM1463780: RRBS_63_Mouse_Muscle_M_20w_NORMAL; Mus musculus; Bisulfite-Seq,PAIRED,False,muscle|M|20w|normal
GSM1463781,SRR1534629,SRX668110,SRS672599,SAMN02950269,64,64,Muscle,M,20.0,NORMAL,GSM1463781: RRBS_64_Mouse_Muscle_M_20w_NORMAL; Mus musculus; Bisulfite-Seq,PAIRED,False,muscle|M|20w|normal
GSM1463782,SRR1534630,SRX668111,SRS672600,SAMN02950273,67,67,Muscle,M,20.0,NORMAL,GSM1463782: RRBS_67_Mouse_Muscle_M_20w_NORMAL; Mus musculus; Bisulfite-Seq,PAIRED,False,muscle|M|20w|normal
GSM1463783,SRR1534631,SRX668112,SRS672601,SAMN02950274,69,69,Muscle,M,20.0,NORMAL,GSM1463783: RRBS_69_Mouse_Muscle_M_20w_NORMAL; Mus musculus; Bisulfite-Seq,PAIRED,False,muscle|M|20w|normal
GSM1463784,SRR1534632,SRX668113,SRS672602,SAMN02950215,70,70,Muscle,M,20.0,NORMAL,GSM1463784: RRBS_70_Mouse_Muscle_M_20w_NORMAL; Mus musculus; Bisulfite-Seq,PAIRED,False,muscle|M|20w|normal
GSM1463785,SRR1534633,SRX668114,SRS672603,SAMN02950216,73,73,Muscle,M,20.0,NORMAL,GSM1463785: RRBS_73_Mouse_Muscle_M_20w_NORMAL; Mus musculus; Bisulfite-Seq,PAIRED,False,muscle|M|20w|normal
GSM1463786,SRR1534634,SRX668115,SRS672604,SAMN02950217,74,74,Muscle,M,20.0,NORMAL,GSM1463786: RRBS_74_Mouse_Muscle_M_20w_NORMAL; Mus musculus; Bisulfite-Seq,PAIRED,False,muscle|M|20w|normal
GSM1463787,SRR1534635,SRX668116,SRS672605,SAMN02950218,76,76,Muscle,M,3.0,NORMAL,GSM1463787: RRBS_76_Mouse_Muscle_M_3w_NORMAL; Mus musculus; Bisulfite-Seq,PAIRED,False,muscle|M|3w|normal
GSM1463788,SRR1534636,SRX668117,SRS672607,SAMN02950219,77,77,Muscle,M,3.0,NORMAL,GSM1463788: RRBS_77_Mouse_Muscle_M_3w_NORMAL; Mus musculus; Bisulfite-Seq,PAIRED,False,muscle|M|3w|normal
GSM1463789,SRR1534637,SRX668118,SRS672606,SAMN02950220,78,78,Muscle,M,3.0,NORMAL,GSM1463789: RRBS_78_Mouse_Muscle_M_3w_NORMAL; Mus musculus; Bisulfite-Seq,PAIRED,False,muscle|M|3w|normal
GSM1463790,SRR1534638,SRX668119,SRS672609,SAMN02950221,79,79,Muscle,M,3.0,NORMAL,GSM1463790: RRBS_79_Mouse_Muscle_M_3w_NORMAL; Mus musculus; Bisulfite-Seq,PAIRED,False,muscle|M|3w|normal
GSM1463791,SRR1534639,SRX668120,SRS672608,SAMN02950222,80,80,Muscle,M,3.0,NORMAL,GSM1463791: RRBS_80_Mouse_Muscle_M_3w_NORMAL; Mus musculus; Bisulfite-Seq,PAIRED,False,muscle|M|3w|normal
GSM1463792,SRR1534640,SRX668121,SRS672610,SAMN02950223,141,141,Muscle,M,20.0,young_castrated,GSM1463792: RRBS_141_Mouse_Muscle_M_20w_young_castrated; Mus musculus; Bisulfite-Seq,PAIRED,False,muscle|M|20w|young_castrated
GSM1463793,SRR1534641,SRX668122,SRS672611,SAMN02950224,142,142,Muscle,M,20.0,young_castrated,GSM1463793: RRBS_142_Mouse_Muscle_M_20w_young_castrated; Mus musculus; Bisulfite-Seq,PAIRED,False,muscle|M|20w|young_castrated
GSM1463794,SRR1534642,SRX668123,SRS672612,SAMN02950225,143,143,Muscle,M,20.0,young_castrated,GSM1463794: RRBS_143_Mouse_Muscle_M_20w_young_castrated; Mus musculus; Bisulfite-Seq,PAIRED,False,muscle|M|20w|young_castrated
GSM1463795,SRR1534643,SRX668124,SRS672613,SAMN02950226,144,144,Muscle,M,20.0,young_castrated,GSM1463795: RRBS_144_Mouse_Muscle_M_20w_young_castrated; Mus musculus; Bisulfite-Seq,PAIRED,False,muscle|M|20w|young_castrated
GSM1463796,SRR1534644,SRX668125,SRS672614,SAMN02950227,145,145,Muscle,M,20.0,young_castrated,GSM1463796: RRBS_145_Mouse_Muscle_M_20w_young_castrated; Mus musculus; Bisulfite-Seq,PAIRED,False,muscle|M|20w|young_castrated
GSM1463797,SRR1534645,SRX668126,SRS672615,SAMN02950228,150,150,Muscle,M,20.0,young_control_castrated,GSM1463797: RRBS_150_Mouse_Muscle_M_20w_young_control_castrated; Mus musculus; Bisulfite-Seq,PAIRED,False,muscle|M|20w|young_control_castrated
GSM1463798,SRR1534646,SRX668127,SRS672616,SAMN02950229,151,151,Muscle,M,20.0,young_control_castrated,GSM1463798: RRBS_151_Mouse_Muscle_M_20w_young_control_castrated; Mus musculus; Bisulfite-Seq,PAIRED,False,muscle|M|20w|young_control_castrated
GSM1463799,SRR1534647,SRX668128,SRS672617,SAMN02950230,152,152,Muscle,M,20.0,young_control_castrated,GSM1463799: RRBS_152_Mouse_Muscle_M_20w_young_control_castrated; Mus musculus; Bisulfite-Seq,PAIRED,False,muscle|M|20w|young_control_castrated
GSM1463800,SRR1534648,SRX668129,SRS672618,SAMN02950231,153,153,Muscle,M,20.0,young_control_castrated,GSM1463800: RRBS_153_Mouse_Muscle_M_20w_young_control_castrated; Mus musculus; Bisulfite-Seq,PAIRED,False,muscle|M|20w|young_control_castrated
GSM1463801,SRR1534649,SRX668130,SRS672620,SAMN02950232,86,86,Spleen,F,1.0,NORMAL,GSM1463801: RRBS_86_Mouse_Spleen_F_1w_NORMAL; Mus musculus; Bisulfite-Seq,PAIRED,False,spleen|F|1w|normal
GSM1463802,SRR1534650,SRX668131,SRS672619,SAMN02950233,88,88,Spleen,F,20.0,NORMAL,GSM1463802: RRBS_88_Mouse_Spleen_F_20w_NORMAL; Mus musculus; Bisulfite-Seq,PAIRED,False,spleen|F|20w|normal
GSM1463803,SRR1534651,SRX668132,SRS672621,SAMN02950234,89,89,Spleen,F,20.0,NORMAL,GSM1463803: RRBS_89_Mouse_Spleen_F_20w_NORMAL; Mus musculus; Bisulfite-Seq,PAIRED,False,spleen|F|20w|normal
GSM1463804,SRR1534652,SRX668133,SRS672622,SAMN02950235,90,90,Spleen,F,20.0,NORMAL,GSM1463804: RRBS_90_Mouse_Spleen_F_20w_NORMAL; Mus musculus; Bisulfite-Seq,PAIRED,False,spleen|F|20w|normal
GSM1463805,SRR1534653,SRX668134,SRS672623,SAMN02950236,95,95,Spleen,F,20.0,NORMAL,GSM1463805: RRBS_95_Mouse_Spleen_F_20w_NORMAL; Mus musculus; Bisulfite-Seq,PAIRED,False,spleen|F|20w|normal
GSM1463806,SRR1534654,SRX668135,SRS672624,SAMN02950237,87,87,Spleen,M,1.0,NORMAL,GSM1463806: RRBS_87_Mouse_Spleen_M_1w_NORMAL; Mus musculus; Bisulfite-Seq,PAIRED,False,spleen|M|1w|normal
GSM1463807,SRR1534655,SRX668136,SRS672625,SAMN02950238,91,91,Spleen,M,20.0,NORMAL,GSM1463807: RRBS_91_Mouse_Spleen_M_20w_NORMAL; Mus musculus; Bisulfite-Seq,PAIRED,False,spleen|M|20w|normal
GSM1463809,SRR1534656,SRX668137,SRS672626,SAMN02950239,92,92,Spleen,M,20.0,NORMAL,GSM1463809: RRBS_92_Mouse_Spleen_M_20w_NORMAL; Mus musculus; Bisulfite-Seq,PAIRED,False,spleen|M|20w|normal
GSM1463811,SRR1534657,SRX668138,SRS672627,SAMN02950240,93,93,Spleen,M,20.0,NORMAL,GSM1463811: RRBS_93_Mouse_Spleen_M_20w_NORMAL; Mus musculus; Bisulfite-Seq,PAIRED,False,spleen|M|20w|normal
GSM1463813,SRR1534658,SRX668139,SRS672628,SAMN02950241,94,94,Spleen,M,20.0,NORMAL,GSM1463813: RRBS_94_Mouse_Spleen_M_20w_NORMAL; Mus musculus; Bisulfite-Seq,PAIRED,False,spleen|M|20w|normal
GSM1463815,SRR1534659,SRX668140,SRS672630,SAMN02950242,10,10,Cerebellum,F,20.0,NORMAL,GSM1463815: RRBS_10_Mouse_Cerebellum_F_20w_NORMAL; Mus musculus; Bisulfite-Seq,PAIRED,False,cerebellum|F|20w|normal
GSM1463817,SRR1534660,SRX668141,SRS672629,SAMN02950243,11,11,Cerebellum,F,20.0,NORMAL,GSM1463817: RRBS_11_Mouse_Cerebellum_F_20w_NORMAL; Mus musculus; Bisulfite-Seq,PAIRED,False,cerebellum|F|20w|normal
GSM1463818,SRR1534661,SRX668142,SRS672631,SAMN02950244,8,8,Cerebellum,F,20.0,NORMAL,GSM1463818: RRBS_8_Mouse_Cerebellum_F_20w_NORMAL; Mus musculus; Bisulfite-Seq,PAIRED,False,cerebellum|F|20w|normal
GSM1463819,SRR1534662,SRX668143,SRS672632,SAMN02950190,9,9,Cerebellum,F,20.0,NORMAL,GSM1463819: RRBS_9_Mouse_Cerebellum_F_20w_NORMAL; Mus musculus; Bisulfite-Seq,PAIRED,False,cerebellum|F|20w|normal
GSM1463820,SRR1534663,SRX668144,SRS672633,SAMN02950191,4,4,Cerebellum,M,1.0,NORMAL,GSM1463820: RRBS_4_Mouse_Cerebellum_M_1w_NORMAL; Mus musculus; Bisulfite-Seq,PAIRED,False,cerebellum|M|1w|normal
GSM1463821,SRR1534664,SRX668145,SRS672634,SAMN02950192,5,5,Cerebellum,M,1.0,NORMAL,GSM1463821: RRBS_5_Mouse_Cerebellum_M_1w_NORMAL; Mus musculus; Bisulfite-Seq,PAIRED,False,cerebellum|M|1w|normal
GSM1463822,SRR1534665,SRX668146,SRS672635,SAMN02950193,6,6,Cerebellum,M,20.0,NORMAL,GSM1463822: RRBS_6_Mouse_Cerebellum_M_20w_NORMAL; Mus musculus; Bisulfite-Seq,PAIRED,False,cerebellum|M|20w|normal
GSM1463823,SRR1534666,SRX668147,SRS672636,SAMN02950194,7,7,Cerebellum,M,20.0,NORMAL,GSM1463823: RRBS_7_Mouse_Cerebellum_M_20w_NORMAL; Mus musculus; Bisulfite-Seq,PAIRED,False,cerebellum|M|20w|normal
